selftext,Manual Stress Level,cleaned_text,normalized_text,vader_sentiment,textblob_sentiment,hf_sentiment,coping_type,coping,anxiety,depression,stress,anxiety_word_count,depression_word_count,stress_word_count,hopelessness_level,mental_health_category,alert_flags
"So my therapist recommended to me that I should post on reddit. I'm currently 18 but the story starts when I was 16 in the summer of 2019. I live in the UK and it was the day I received my gcses. I did really well in them and I got 8 A*s and 2 As after a year of hard work and effort. I was at my highest point and I couldn't believe it. The day after however, my cousin tragically passed away in a freak accident in Mexico that should never have happened and I was suddenly thrown into a whirlwind of people grieving around me and panic surrounding how they were going to get his body back and many other things. Initially I thought I was doing okay but a week and a half later, I had my first panic attack. It was terrifying, I genuinely thought I was having a heart attack and that I was going to die. This was my first introduction into my hypochondria and anxiety. For the remainder of the summer I was in a constant state of anxiety and panic - struggling to sleep, eat and petrified about death. During the gcses I was also getting close to a girl who was in my year (we'll call her Anna). However during the early summer Anna got with another guy and things died out after she told me we're no longer on things. After things didn't work out with that guy she messaged me again saying that she wanted to reset things with me (little to my knowledge she was also getting close to another guy during this time). When I went back to school I was still suffering from anxiety and panic - I was quite, unable to speak to anyone from how bad it was. During the first 2 weeks, I was getting close with Anna again and eventually we started to go out.

Initially things were going good, my anxiety started to die down and I no longer was having panic attacks. However soon the anxiety returned and manifested itself in different ways that weren't as noticeable with paranoia, fear and depressive episodes due to the fact that she wasn't exactly loyal in the past. Eventually with lockdown things started to get bad. She naturally has quite an abrasive personality but it usually was counterbalanced by her more tender side. However that started to change over lockdown and she started to become very toxic towards me - calling me unattractive, not her type, pathetic etc. This carried on and culminated in her out right treating me like shit where she'd refuse to even speak to me if she didn't like the restaurant I took her to on a date. There are way more examples and stories of this that I can give - even the time she sexually assaulted me which I don't want to get into. But I stayed, I loved her and being with her was the thing that helped me stop being constantly an anxious and nervous wreck. I saw her as the person that I went out with at the start not the person she became.

Eventually I couldn't bare it anymore and I broke up with her in October but now the skeletons in my closest have opened and all the feelings I had have returned. For the last 2 months I haven't been eating or sleeping well and I've been constantly anxious. I now also borderline have a panic attack whenever I see her at school too. I'm now seeing a therapist but it took a month - I didn't think I needed help, it can be scary but it can honestly be the best decision you can make. I'm more optimistic about things now and I can see the light at the end of the tunnel.",3,so my therapist recommended to me that i should post on reddit im currently  but the story starts when i was  in the summer of  i live in the uk and it was the day i received my gcses i did really well in them and i got  as and  as after a year of hard work and effort i was at my highest point and i couldnt believe it the day after however my cousin tragically passed away in a freak accident in mexico that should never have happened and i was suddenly thrown into a whirlwind of people grieving around me and panic surrounding how they were going to get his body back and many other things initially i thought i was doing okay but a week and a half later i had my first panic attack it was terrifying i genuinely thought i was having a heart attack and that i was going to die this was my first introduction into my hypochondria and anxiety for the remainder of the summer i was in a constant state of anxiety and panic  struggling to sleep eat and petrified about death during the gcses i was also getting close to a girl who was in my year well call her anna however during the early summer anna got with another guy and things died out after she told me were no longer on things after things didnt work out with that guy she messaged me again saying that she wanted to reset things with me little to my knowledge she was also getting close to another guy during this time when i went back to school i was still suffering from anxiety and panic  i was quite unable to speak to anyone from how bad it was during the first  weeks i was getting close with anna again and eventually we started to go out initially things were going good my anxiety started to die down and i no longer was having panic attacks however soon the anxiety returned and manifested itself in different ways that werent as noticeable with paranoia fear and depressive episodes due to the fact that she wasnt exactly loyal in the past eventually with lockdown things started to get bad she naturally has quite an abrasive personality but it usually was counterbalanced by her more tender side however that started to change over lockdown and she started to become very toxic towards me  calling me unattractive not her type pathetic etc this carried on and culminated in her out right treating me like shit where shed refuse to even speak to me if she didnt like the restaurant i took her to on a date there are way more examples and stories of this that i can give  even the time she sexually assaulted me which i dont want to get into but i stayed i loved her and being with her was the thing that helped me stop being constantly an anxious and nervous wreck i saw her as the person that i went out with at the start not the person she became eventually i couldnt bare it anymore and i broke up with her in october but now the skeletons in my closest have opened and all the feelings i had have returned for the last  months i havent been eating or sleeping well and ive been constantly anxious i now also borderline have a panic attack whenever i see her at school too im now seeing a therapist but it took a month  i didnt think i needed help it can be scary but it can honestly be the best decision you can make im more optimistic about things now and i can see the light at the end of the tunnel,therapist recommended post reddit im currently story start summer live uk day received gcse really well got year hard work effort highest point couldnt believe day however cousin tragically passed away freak accident mexico never happened suddenly thrown whirlwind people grieving around panic surrounding going get body back many thing initially thought okay week half later first panic attack terrifying genuinely thought heart attack going die first introduction hypochondria anxiety remainder summer constant state anxiety panic struggling sleep eat petrified death gcse also getting close girl year well call anna however early summer anna got another guy thing died told longer thing thing didnt work guy messaged saying wanted reset thing little knowledge also getting close another guy time went back school still suffering anxiety panic quite unable speak anyone bad first week getting close anna eventually started go initially thing going good anxiety started die longer panic attack however soon anxiety returned manifested different way werent noticeable paranoia fear depressive episode due fact wasnt exactly loyal past eventually lockdown thing started get bad naturally quite abrasive personality usually counterbalanced tender side however started change lockdown started become toxic towards calling unattractive type pathetic etc carried culminated right treating like shit shed refuse even speak didnt like restaurant took date way example story give even time sexually assaulted dont want get stayed loved thing helped stop constantly anxious nervous wreck saw person went start person became eventually couldnt bare anymore broke october skeleton closest opened feeling returned last month havent eating sleeping well ive constantly anxious also borderline panic attack whenever see school im seeing therapist took month didnt think needed help scary honestly best decision make im optimistic thing see light end tunnel,-0.998,0.006618091,-0.993008375,negative coping,Low Coping,Low Anxiety,High Depression,Low Stress,10,0,0,0,anxiety,panic attack
"Hey all! I'd like to start this thread to maybe help each other check in on 'filling the cup.' My anxiety embeds itself as relationship anxiety and in-home anxiety, where being home too much makes me intensely anxious, feeling totally empty, useless and lonely. I have a hard time just hanging out (you can imagine what 9 months of COVID has done to me in this regard.) I've started making a daily practice of creating a 'Ways to Fill My Cup' list, so that I feel less empty and anxious. It's helping me A LOT to check out which things make me feel most supported and calm. I make a list starting in the morning and add to it if I do other positive things during the day. 

Example: Yesterday I had no plans, and the impending day of loneliness at home was looming dark and large. So my ""Fill My Cup"" list ended up pretty long. On it were things like: Finally doing my dishes, putting on the Chillhop ambient sound spotify playlist which was amazing for my busy mind, unpacking all of my Christmas items which makes my space feel more clean, spending time on my skin and teeth care which I sometimes neglect and then feel bad about, watching one hour of a comforting show, calling one friend, scrubbing neglected kitchen/bathroom spots with clorox wipes, watching funny animal videos, and more. This seems like a normal day of tasking, but since I also have ADHD, I often neglect things or am not consciously 'checked in' to doing them, so it has no impact on my emotional wellbeing.

Writing these items down so that I could SEE that my day wasn't totally 'wasted' in 'emptiness' was a huge deal for me. I spent time being productive and also time just being my own friend. Adding to it throughout the day kept me focused on the actual imagery of filling up my cup. My mind stayed relatively calm throughout. 

Does anyone else engage in a similar practice? If not, do you think it might help you? Let's talk!!",2,hey all id like to start this thread to maybe help each other check in on filling the cup my anxiety embeds itself as relationship anxiety and inhome anxiety where being home too much makes me intensely anxious feeling totally empty useless and lonely i have a hard time just hanging out you can imagine what  months of covid has done to me in this regard ive started making a daily practice of creating a ways to fill my cup list so that i feel less empty and anxious its helping me a lot to check out which things make me feel most supported and calm i make a list starting in the morning and add to it if i do other positive things during the day example yesterday i had no plans and the impending day of loneliness at home was looming dark and large so my fill my cup list ended up pretty long on it were things like finally doing my dishes putting on the chillhop ambient sound spotify playlist which was amazing for my busy mind unpacking all of my christmas items which makes my space feel more clean spending time on my skin and teeth care which i sometimes neglect and then feel bad about watching one hour of a comforting show calling one friend scrubbing neglected kitchenbathroom spots with clorox wipes watching funny animal videos and more this seems like a normal day of tasking but since i also have adhd i often neglect things or am not consciously checked in to doing them so it has no impact on my emotional wellbeing writing these items down so that i could see that my day wasnt totally wasted in emptiness was a huge deal for me i spent time being productive and also time just being my own friend adding to it throughout the day kept me focused on the actual imagery of filling up my cup my mind stayed relatively calm throughout does anyone else engage in a similar practice if not do you think it might help you lets talk,hey id like start thread maybe help check filling cup anxiety embeds relationship anxiety inhome anxiety home much make intensely anxious feeling totally empty useless lonely hard time hanging imagine month covid done regard ive started making daily practice creating way fill cup list feel less empty anxious helping lot check thing make feel supported calm make list starting morning add positive thing day example yesterday plan impending day loneliness home looming dark large fill cup list ended pretty long thing like finally dish putting chillhop ambient sound spotify playlist amazing busy mind unpacking christmas item make space feel clean spending time skin teeth care sometimes neglect feel bad watching one hour comforting show calling one friend scrubbing neglected kitchenbathroom spot clorox wipe watching funny animal video seems like normal day tasking since also adhd often neglect thing consciously checked impact emotional wellbeing writing item could see day wasnt totally wasted emptiness huge deal spent time productive also time friend adding throughout day kept focused actual imagery filling cup mind stayed relatively calm throughout anyone else engage similar practice think might help let talk,0.9844,0.027269448,-0.993545949,negative coping,High Coping,High Anxiety,Low Depression,High Stress,2,2,0,3,"anxiety, depression, stress",
"When does it come? I made so many silly posts ruminating about awkwardness talking to her, me not wanting to hang out cuz anxiety that I tried hiding, if I was being weird, if I was texting too much because she didn’t reply on a few, the typical over analyzing. 


I’m high and I just realized while obviously none of that matters my fear is being vulnerable because entering a relationship is an intimate thing and you are sharing your life with someone special apparently. I’ve never really been in a relationship but I’ve realized I’ve been feeling a loneliness my friends can’t help me with. Just speaking from the heart I guess.",2,when does it come i made so many silly posts ruminating about awkwardness talking to her me not wanting to hang out cuz anxiety that i tried hiding if i was being weird if i was texting too much because she didn’t reply on a few the typical over analyzing i’m high and i just realized while obviously none of that matters my fear is being vulnerable because entering a relationship is an intimate thing and you are sharing your life with someone special apparently i’ve never really been in a relationship but i’ve realized i’ve been feeling a loneliness my friends can’t help me with just speaking from the heart i guess,come made many silly post ruminating awkwardness talking wanting hang cuz anxiety tried hiding weird texting much ’ reply typical analyzing ’ high realized obviously none matter fear vulnerable entering relationship intimate thing sharing life someone special apparently ’ never really relationship ’ realized ’ feeling loneliness friend ’ help speaking heart guess,0.9066,-0.031774892,-0.996560991,neutral,High Coping,High Anxiety,Low Depression,High Stress,1,0,0,0,anxiety,
"I've been working at a job (~6 months so far) that requires me to communicate on the phone effectively, and know a lot about the details my job (which a lot comes from experience). Before this job, I had no phone experience and I had extreme phone anxiety (I probably have social anxiety which contributes greatly to it). It took me a lot of effort to push past my anxiety and start using the phone. I still have anxiety but I am better at dealing with it. 

Anyways, I was trying to help a customer, and I was feeling extra nice so I put in extra effort for this woman. Unfortunately, I wasn't experienced in one area of my job so I couldn't answer a couple of her questions. The customer said that she was tired of me not being able to answer her questions and that it is sort of ridiculous. She didn't thank me for the previous work I did either. I told her I would get her a more experienced person. I get it, I'm supposed to be an expert at my job, but damn it really crippled my confidence to hear her say that. I felt like I was working hard, but, in that moment I felt like it was meaningless. I put in effort and was rewarded with a negative experience and lots of negative feelings. 

The experience after the phone call was just me feeling sad and overwhelmed. I drove home after work and almost cried lol. I feel pathetic that I can't handle angry customers and I am second-guessing if this job is really going to work for me. 

I don't know what I want from this. No one will read it anyways.

-Bird",4,ive been working at a job  months so far that requires me to communicate on the phone effectively and know a lot about the details my job which a lot comes from experience before this job i had no phone experience and i had extreme phone anxiety i probably have social anxiety which contributes greatly to it it took me a lot of effort to push past my anxiety and start using the phone i still have anxiety but i am better at dealing with it anyways i was trying to help a customer and i was feeling extra nice so i put in extra effort for this woman unfortunately i wasnt experienced in one area of my job so i couldnt answer a couple of her questions the customer said that she was tired of me not being able to answer her questions and that it is sort of ridiculous she didnt thank me for the previous work i did either i told her i would get her a more experienced person i get it im supposed to be an expert at my job but damn it really crippled my confidence to hear her say that i felt like i was working hard but in that moment i felt like it was meaningless i put in effort and was rewarded with a negative experience and lots of negative feelings the experience after the phone call was just me feeling sad and overwhelmed i drove home after work and almost cried lol i feel pathetic that i cant handle angry customers and i am secondguessing if this job is really going to work for me i dont know what i want from this no one will read it anyways bird,ive working job month far requires communicate phone effectively know lot detail job lot come experience job phone experience extreme phone anxiety probably social anxiety contributes greatly took lot effort push past anxiety start using phone still anxiety better dealing anyways trying help customer feeling extra nice put extra effort woman unfortunately wasnt experienced one area job couldnt answer couple question customer said tired able answer question sort ridiculous didnt thank previous work either told would get experienced person get im supposed expert job damn really crippled confidence hear say felt like working hard moment felt like meaningless put effort rewarded negative experience lot negative feeling experience phone call feeling sad overwhelmed drove home work almost cried lol feel pathetic cant handle angry customer secondguessing job really going work dont know want one read anyways bird,-0.7728,0.028395062,-0.998847961,positive coping,Low Coping,Low Anxiety,High Depression,Low Stress,0,2,1,1,"depression, stress",
"Excuse me ma'am im literally hyperventilating bawling and trembling. Im not using it as an excuse im literally in distress

Aaaaand she fired me.",5,excuse me maam im literally hyperventilating bawling and trembling im not using it as an excuse im literally in distress aaaaand she fired me,excuse maam im literally hyperventilating bawling trembling im using excuse im literally distress aaaaand fired,-0.836,-0.05,-0.999438703,neutral,Low Coping,Low Anxiety,High Depression,Low Stress,0,0,0,0,stress,
"(tl;dr; I know this dude really well, He says, we're best friends..., but why is it hard to start a conversation in person with him) 

So i met this dude that known my sister. Added him on facebook, Eventually started exchanging Social medias. P# Added on xbox etc,  We know each others family now. 

Along the way, We somehow became best friends, someone he genuinely trusts. i remember the secrets &amp; all the venting he did. We live like 5 mins away from each other. So i known him close to two years now. Been texting me non stop. (Off &amp; on) 

We Saw each other a few times at walmart 
(may or june 2019)  &amp; Later around nov, dec. we met again, &amp; it was hard to talk to em, even though i straight up wanted to, later around december 12th 

So all in all, He knows i have anxiety &amp; we still snapchat alot . But occasionally Says ""i worry to much."" &amp; all that. 

So, a month ago, i remember genuinely asking if he wanted to hangout but hes like ""if i have some free time, i would."" &amp; like 3/4hrs later, ended up going bowling with his 1st best friend (im the 2nd ig) &amp; Hes said; ""you're of my best friends, But person 1: is my overall best friend) 

(^^this is before in november we saw each other again, but once we started talking alot more. He wasn't mad at me for trying to figure out our friendship etc.) 

maybe i over reacted?",2,tldr i know this dude really well he says were best friends but why is it hard to start a conversation in person with him so i met this dude that known my sister added him on facebook eventually started exchanging social medias p added on xbox etc we know each others family now along the way we somehow became best friends someone he genuinely trusts i remember the secrets amp all the venting he did we live like  mins away from each other so i known him close to two years now been texting me non stop off amp on we saw each other a few times at walmart may or june  amp later around nov dec we met again amp it was hard to talk to em even though i straight up wanted to later around december th so all in all he knows i have anxiety amp we still snapchat alot  but occasionally says i worry to much amp all that so a month ago i remember genuinely asking if he wanted to hangout but hes like if i have some free time i would amp like hrs later ended up going bowling with his st best friend im the nd ig amp hes said youre of my best friends but person  is my overall best friend this is before in november we saw each other again but once we started talking alot more he wasnt mad at me for trying to figure out our friendship etc maybe i over reacted,tldr know dude really well say best friend hard start conversation person met dude known sister added facebook eventually started exchanging social medias p added xbox etc know others family along way somehow became best friend someone genuinely trust remember secret amp venting live like min away known close two year texting non stop amp saw time walmart may june amp later around nov dec met amp hard talk em even though straight wanted later around december th know anxiety amp still snapchat alot occasionally say worry much amp month ago remember genuinely asking wanted hangout he like free time would amp like hr later ended going bowling st best friend im nd ig amp he said youre best friend person overall best friend november saw started talking alot wasnt mad trying figure friendship etc maybe reacted,0.9948,0.243698347,-0.986096919,neutral,High Coping,High Anxiety,Low Depression,High Stress,0,0,0,0,unspecified,
"I had really really really horrible PMS today and the advil only worked for about 45 minutes after taking forever to kick in, the pain was returning less than an hour before I had to go in. I had already posted that I was lookign for someone to cover me or trade shifts but noone replied. Its a super casual workplace and very quiet in the winter. The last time I asked for someone to cover my shift but noone came in I went in anyway because I decided I could push through the 0 sleep/exam stress/not taking care of myself, but they weren't expecting me to come in and I was crossed off the schedule. Today I basically decided it'd be the same situation, if I called in it would just be one of the teens I work with who answers anyway and like yea idk and itd probably be fine ?? But I feel so so so so bad about it. I was feeling ok and not out of comission like I had been all day for a good bit of what wouldve been my shift. A coworker I'm befriending was probably super disappointed bc she was working front counter with a kid she finds very annoying. I'm worried I made it so that taking breaks was difficult, what if drivethru or skip the dishes got super busy while someone was on break ?? I feel so fucking selfish. I feel like people are judging me! I wish I contacted someone about it like messaged my manager or soemthing even though I dont think ???? I wouldve needed to I don't know. Noone contacted me ??? I wouldve come in and brought advil with me if they did. I dont know. I dont know. Ive been so guilty and anxious about it I feel like its going to weigh on me until I go into my next shift and either noone comments on it or I have a conversation about it.",4,i had really really really horrible pms today and the advil only worked for about  minutes after taking forever to kick in the pain was returning less than an hour before i had to go in i had already posted that i was lookign for someone to cover me or trade shifts but noone replied its a super casual workplace and very quiet in the winter the last time i asked for someone to cover my shift but noone came in i went in anyway because i decided i could push through the  sleepexam stressnot taking care of myself but they werent expecting me to come in and i was crossed off the schedule today i basically decided itd be the same situation if i called in it would just be one of the teens i work with who answers anyway and like yea idk and itd probably be fine  but i feel so so so so bad about it i was feeling ok and not out of comission like i had been all day for a good bit of what wouldve been my shift a coworker im befriending was probably super disappointed bc she was working front counter with a kid she finds very annoying im worried i made it so that taking breaks was difficult what if drivethru or skip the dishes got super busy while someone was on break  i feel so fucking selfish i feel like people are judging me i wish i contacted someone about it like messaged my manager or soemthing even though i dont think  i wouldve needed to i dont know noone contacted me  i wouldve come in and brought advil with me if they did i dont know i dont know ive been so guilty and anxious about it i feel like its going to weigh on me until i go into my next shift and either noone comments on it or i have a conversation about it,really really really horrible pm today advil worked minute taking forever kick pain returning less hour go already posted lookign someone cover trade shift noone replied super casual workplace quiet winter last time asked someone cover shift noone came went anyway decided could push sleepexam stressnot taking care werent expecting come crossed schedule today basically decided itd situation called would one teen work answer anyway like yea idk itd probably fine feel bad feeling ok comission like day good bit wouldve shift coworker im befriending probably super disappointed bc working front counter kid find annoying im worried made taking break difficult drivethru skip dish got super busy someone break feel fucking selfish feel like people judging wish contacted someone like messaged manager soemthing even though dont think wouldve needed dont know noone contacted wouldve come brought advil dont know dont know ive guilty anxious feel like going weigh go next shift either noone comment conversation,0.9094,-0.14047619,-0.998935401,neutral,High Coping,High Anxiety,Low Depression,High Stress,2,0,0,0,"anxiety, stress",
"hi uhhh. ive had these weird experiences throughout my life that im not entirely sure what to classify as? i am diagnosed with general anxiety but i dont really know if these are considered anxiety attacks.

sometimes when i get overwhelmed and upset and start crying i have trouble breathing properly. like hyperventilating i guess?? but im not entirely sure bc its not FAST but its uncontrollable and is kinda like gasps.

but the thing is sometimes i dont really think it happens from anxiety?? it happened today at work when my manager *gently* scolded me and that + the stress from the busy day just made me start crying. i guess i was a little anxious but i just felt bad and a little stupid for the mistake i made

this doesnt happen every time i cry tho. ive had times ive cried a lot harder than when i have during these and i could control my breathing

Actually. i just realized this only happens in social situations ??? i have social anxiety as well (though im doing a lot better than when i was initially diagnosed) i dont remember it happening when im alone

ok basically help pls is this normal or is this an anxiety thing",5,hi uhhh ive had these weird experiences throughout my life that im not entirely sure what to classify as i am diagnosed with general anxiety but i dont really know if these are considered anxiety attacks sometimes when i get overwhelmed and upset and start crying i have trouble breathing properly like hyperventilating i guess but im not entirely sure bc its not fast but its uncontrollable and is kinda like gasps but the thing is sometimes i dont really think it happens from anxiety it happened today at work when my manager gently scolded me and that  the stress from the busy day just made me start crying i guess i was a little anxious but i just felt bad and a little stupid for the mistake i made this doesnt happen every time i cry tho ive had times ive cried a lot harder than when i have during these and i could control my breathing actually i just realized this only happens in social situations  i have social anxiety as well though im doing a lot better than when i was initially diagnosed i dont remember it happening when im alone ok basically help pls is this normal or is this an anxiety thing,hi uhhh ive weird experience throughout life im entirely sure classify diagnosed general anxiety dont really know considered anxiety attack sometimes get overwhelmed upset start cry trouble breathing properly like hyperventilating guess im entirely sure bc fast uncontrollable kinda like gasp thing sometimes dont really think happens anxiety happened today work manager gently scolded stress busy day made start cry guess little anxious felt bad little stupid mistake made doesnt happen every time cry tho ive time ive cried lot harder could control breathing actually realized happens social situation social anxiety well though im lot better initially diagnosed dont remember happening im alone ok basically help pls normal anxiety thing,-0.9648,0.010069444,-0.9942047,negative coping,Low Coping,Low Anxiety,High Depression,Low Stress,1,0,2,0,"anxiety, stress",
"Hi people of Reddit.

Normally I wouldn't find myself in this kind of position to write this but the fact is I don't even know how I should handle this now. I started a new job back in June while I still had another job that I enjoyed. I started to notice that I wasn't able to breath (I have asthma) and I used my inhaler a lot and it didn't help at all. Well anyway after a few doctors visits it turns out my anxiety was getting worse. At first it was mostly not being able to breath and it just kept getting worse. I had to quit the one job that I enjoyed because of reasons with the new manager that had just started working there. Anyway so I started putting myself into my other job working a lot and being helpful picking up other people's hours. I have a bag that I carry my medication around in and they have given me some problems with that as well. So moving on to being there a few months and I just find myself getting worse. My anxiety pretty much taking over my life. My depression starting to get worse again as well. I find myself struggling to get the will to even go to work. When I get there I have the routine of taking my medication with no help. While at work I find myself struggling to even be happy. Everyday the same old thing which isn't the problem then comes rude customers, customers who try to make me feel stupid when they are the one being stupid, customers with stupid jokes, and customers who feel they are entitled. I deal with them as best as I can. Next is the other employees who talk trash about other coworkers. Giving me attitude because I had a doctor's note to work in the least populated area of the store, a head cashier telling another person that I was faking it, and another head cashier saying that everyone has anxiety. Okay YES SUSAN (Her name isn't actually Susan) EVERYONE HAS ANXIETY WHY DON'T YOU TELL ME WHEN YOU HAVE FEEL LIKE YOU'RE DYING OR YOU FEEL LIKE YOU CAN'T BREATH OR WHEN YOU DON'T EVEN FEEL LIKE YOU ARE IN YOUR OWN BODY, I'LL WAIT. Anyway time after time my anxiety keeps getting worse. The area that was least populated now is closed due to it being out of season and I'm working as a front entrance cashier again. All I asked was not to have to go out into the isle and greet the customers. Not that I couldn't help customers or even greet them from behind the counter. They are saying it's apart of my job and it's like I can still greet them from behind the counter. They are giving me a hard time about it but there is also people who have doctors notes to sit down. They don't go to the end of the isle to greet people they sit behind the counter and stand up when a customer comes to check out so why can't I stand behind the counter and occasionally sit down when I have a bad disassociation episode. At this point I don't know what to do. They are being unfair to another cashier with anxiety and me. Anxiety ranges a lot and you should accommodate as long as it doesn't cause undue hardship (which believe me it doesn't). Plus with Covid it's not very smart to greet the customers because that makes me close to then and I could be at higher risk than someone my age. I just don't know what to do anymore everyone there is making so hard, that's why I decided to come to you Reddit users for some advice.

&amp;#x200B;

Also sorry if this was all over the place, I tend to do that when I'm writing.",5,hi people of reddit normally i wouldnt find myself in this kind of position to write this but the fact is i dont even know how i should handle this now i started a new job back in june while i still had another job that i enjoyed i started to notice that i wasnt able to breath i have asthma and i used my inhaler a lot and it didnt help at all well anyway after a few doctors visits it turns out my anxiety was getting worse at first it was mostly not being able to breath and it just kept getting worse i had to quit the one job that i enjoyed because of reasons with the new manager that had just started working there anyway so i started putting myself into my other job working a lot and being helpful picking up other peoples hours i have a bag that i carry my medication around in and they have given me some problems with that as well so moving on to being there a few months and i just find myself getting worse my anxiety pretty much taking over my life my depression starting to get worse again as well i find myself struggling to get the will to even go to work when i get there i have the routine of taking my medication with no help while at work i find myself struggling to even be happy everyday the same old thing which isnt the problem then comes rude customers customers who try to make me feel stupid when they are the one being stupid customers with stupid jokes and customers who feel they are entitled i deal with them as best as i can next is the other employees who talk trash about other coworkers giving me attitude because i had a doctors note to work in the least populated area of the store a head cashier telling another person that i was faking it and another head cashier saying that everyone has anxiety okay yes susan her name isnt actually susan everyone has anxiety why dont you tell me when you have feel like youre dying or you feel like you cant breath or when you dont even feel like you are in your own body ill wait anyway time after time my anxiety keeps getting worse the area that was least populated now is closed due to it being out of season and im working as a front entrance cashier again all i asked was not to have to go out into the isle and greet the customers not that i couldnt help customers or even greet them from behind the counter they are saying its apart of my job and its like i can still greet them from behind the counter they are giving me a hard time about it but there is also people who have doctors notes to sit down they dont go to the end of the isle to greet people they sit behind the counter and stand up when a customer comes to check out so why cant i stand behind the counter and occasionally sit down when i have a bad disassociation episode at this point i dont know what to do they are being unfair to another cashier with anxiety and me anxiety ranges a lot and you should accommodate as long as it doesnt cause undue hardship which believe me it doesnt plus with covid its not very smart to greet the customers because that makes me close to then and i could be at higher risk than someone my age i just dont know what to do anymore everyone there is making so hard thats why i decided to come to you reddit users for some advice ampxb also sorry if this was all over the place i tend to do that when im writing,hi people reddit normally wouldnt find kind position write fact dont even know handle started new job back june still another job enjoyed started notice wasnt able breath asthma used inhaler lot didnt help well anyway doctor visit turn anxiety getting worse first mostly able breath kept getting worse quit one job enjoyed reason new manager started working anyway started putting job working lot helpful picking people hour bag carry medication around given problem well moving month find getting worse anxiety pretty much taking life depression starting get worse well find struggling get even go work get routine taking medication help work find struggling even happy everyday old thing isnt problem come rude customer customer try make feel stupid one stupid customer stupid joke customer feel entitled deal best next employee talk trash coworkers giving attitude doctor note work least populated area store head cashier telling another person faking another head cashier saying everyone anxiety okay yes susan name isnt actually susan everyone anxiety dont tell feel like youre dying feel like cant breath dont even feel like body ill wait anyway time time anxiety keep getting worse area least populated closed due season im working front entrance cashier asked go isle greet customer couldnt help customer even greet behind counter saying apart job like still greet behind counter giving hard time also people doctor note sit dont go end isle greet people sit behind counter stand customer come check cant stand behind counter occasionally sit bad disassociation episode point dont know unfair another cashier anxiety anxiety range lot accommodate long doesnt cause undue hardship believe doesnt plus covid smart greet customer make close could higher risk someone age dont know anymore everyone making hard thats decided come reddit user advice ampxb also sorry place tend im writing,-0.8538,-0.075985539,-0.997595012,positive coping,Low Coping,Low Anxiety,High Depression,Low Stress,0,0,0,0,unspecified,
"my parents have always ignored me talking about mental health, i feel like every time i try to express this intense anxiety they invalidate it? “everyone feels this way” maybe that is true but it’s caused me to feel shame when talking about my mental health. i’m so exhausted and think i really do need help.

i tried to explain to my doctor about how i was feeling but it felt like they kept trying to brush it off. i don’t  feel heard and i almost now feel embarrassed about even talking about it. thankfully they referred me to get counselling but it felt like a shove off? maybe i’m over thinking it. i don’t think it’s normal to feel the way i do but maybe i didn’t explain it correctly.",5,my parents have always ignored me talking about mental health i feel like every time i try to express this intense anxiety they invalidate it “everyone feels this way” maybe that is true but it’s caused me to feel shame when talking about my mental health i’m so exhausted and think i really do need help i tried to explain to my doctor about how i was feeling but it felt like they kept trying to brush it off i don’t feel heard and i almost now feel embarrassed about even talking about it thankfully they referred me to get counselling but it felt like a shove off maybe i’m over thinking it i don’t think it’s normal to feel the way i do but maybe i didn’t explain it correctly,parent always ignored talking mental health feel like every time try express intense anxiety invalidate “ everyone feel way ” maybe true ’ caused feel shame talking mental health ’ exhausted think really need help tried explain doctor feeling felt like kept trying brush ’ feel heard almost feel embarrassed even talking thankfully referred get counselling felt like shove maybe ’ thinking ’ think ’ normal feel way maybe ’ explain correctly,0.7233,0.042857143,-0.998822391,positive coping,High Coping,High Anxiety,Low Depression,High Stress,0,1,0,0,"depression, stress",
"Due to the pandemic, I am currently working 3 jobs after getting laid off back in June on top of going to school. One of them is a retail job.

Today I figured out that my bills and expenses outweighed what I had in my account and I was really stressed about it. It crushed me because I pride myself on my own money management. That was the breaking point. This week has been filled with stress from my apartment complex (5 calls and they still haven’t returned my calls...) losing my car keys, neighborhood crime, figuring out how to move, working, and the fact I struggle with many health problems, lead to a very hard few days. Then the money thing was the one that broke the camels back. You could probably see the brokenness in my eyes from a mile away.

I have seen a lot about “your best might look a little different today” and let me tell you I was trying to be my best. My best just meant not talking or interacting with others but I was trying my hardest. I was telling myself that as I was trying not to let the stress make me cry.

This girl came up to my register. She was around my age (25). She must have seen my eyes because she started talking and conversing with me in a very sincere way. She asked if I was doing okay through the conversation after I said something and then was talking about how it’s one of those rocky days for everyone it seems like. She gave me a little reassuring nod and it was like her telling me “you got this girl” before she walked off and wished me a happy holidays.

I am so incredibly grateful for this stranger and her positivity and trying to help me out.  Thank you so much.",5,due to the pandemic i am currently working  jobs after getting laid off back in june on top of going to school one of them is a retail job today i figured out that my bills and expenses outweighed what i had in my account and i was really stressed about it it crushed me because i pride myself on my own money management that was the breaking point this week has been filled with stress from my apartment complex  calls and they still haven’t returned my calls losing my car keys neighborhood crime figuring out how to move working and the fact i struggle with many health problems lead to a very hard few days then the money thing was the one that broke the camels back you could probably see the brokenness in my eyes from a mile away i have seen a lot about “your best might look a little different today” and let me tell you i was trying to be my best my best just meant not talking or interacting with others but i was trying my hardest i was telling myself that as i was trying not to let the stress make me cry this girl came up to my register she was around my age  she must have seen my eyes because she started talking and conversing with me in a very sincere way she asked if i was doing okay through the conversation after i said something and then was talking about how it’s one of those rocky days for everyone it seems like she gave me a little reassuring nod and it was like her telling me “you got this girl” before she walked off and wished me a happy holidays i am so incredibly grateful for this stranger and her positivity and trying to help me out thank you so much,due pandemic currently working job getting laid back june top going school one retail job today figured bill expense outweighed account really stressed crushed pride money management breaking point week filled stress apartment complex call still ’ returned call losing car key neighborhood crime figuring move working fact struggle many health problem lead hard day money thing one broke camel back could probably see brokenness eye mile away seen lot “ best might look little different today ” let tell trying best best meant talking interacting others trying hardest telling trying let stress make cry girl came register around age must seen eye started talking conversing sincere way asked okay conversation said something talking ’ one rocky day everyone seems like gave little reassuring nod like telling “ got girl ” walked wished happy holiday incredibly grateful stranger positivity trying help thank much,0.9551,0.274275362,-0.990148008,neutral,High Coping,High Anxiety,Low Depression,High Stress,1,0,3,0,"anxiety, stress",
"I used to be fine with it. I found always high five another person, give hugs. But yes COVID doesn’t allow me to do those things I still won’t with my family. Like my mom walks up to me and starts playing with my hair and I get very tense. When we pray by holding at dinner, all I can think about it my hands holding my brother and moms. And I can’t stand it. All of my feeling comes out through my hands. I feel like that’s weird to say but. If I get depressed my hands go numb and shaky and I can’t control same goes with anxiety. And when I get mad, whatever is in my hands I just squeeze. And of course sometimes my phone lags out and I get so frustrated that I just squeeze it. And when I touch something and see a sink I wash my hands. Even after showers I wash my hands once or twice. It’s so bothersome. And while I’m typing this (I could just be tired) my hands are numb and shaky (my family does have a line of tremors my mother and brother have it pretty bad) so it could just be tremors? Idk. And also with high fives, if someone it going for a high five I give them a fist bump into their palm. I don’t know why :( 
I used to not care about these things and over the past months it has changed

 I did go for a bike ride today. I explored my neighborhood it helped me get rid of the sensitivity in myself for a bit.",2,i used to be fine with it i found always high five another person give hugs but yes covid doesn’t allow me to do those things i still won’t with my family like my mom walks up to me and starts playing with my hair and i get very tense when we pray by holding at dinner all i can think about it my hands holding my brother and moms and i can’t stand it all of my feeling comes out through my hands i feel like that’s weird to say but if i get depressed my hands go numb and shaky and i can’t control same goes with anxiety and when i get mad whatever is in my hands i just squeeze and of course sometimes my phone lags out and i get so frustrated that i just squeeze it and when i touch something and see a sink i wash my hands even after showers i wash my hands once or twice it’s so bothersome and while i’m typing this i could just be tired my hands are numb and shaky my family does have a line of tremors my mother and brother have it pretty bad so it could just be tremors idk and also with high fives if someone it going for a high five i give them a fist bump into their palm i don’t know why  i used to not care about these things and over the past months it has changed i did go for a bike ride today i explored my neighborhood it helped me get rid of the sensitivity in myself for a bit,used fine found always high five another person give hug yes covid ’ allow thing still ’ family like mom walk start playing hair get tense pray holding dinner think hand holding brother mom ’ stand feeling come hand feel like ’ weird say get depressed hand go numb shaky ’ control go anxiety get mad whatever hand squeeze course sometimes phone lag get frustrated squeeze touch something see sink wash hand even shower wash hand twice ’ bothersome ’ typing could tired hand numb shaky family line tremor mother brother pretty bad could tremor idk also high five someone going high five give fist bump palm ’ know used care thing past month changed go bike ride today explored neighborhood helped get rid sensitivity bit,0.9201,-0.264270833,-0.994742393,neutral,High Coping,High Anxiety,Low Depression,High Stress,0,3,2,0,"depression, stress",numb
"I live in an at will state so jobs can fire you at any time for any reason. Ive lost 2 jobs now, about to be a 3rd. And i cant afford to go to the doctor. I want to try to get on disability but when i tried the website said my personal information was wrong.... which just gave me another panic attack. I cant live like this anymore and idk what to do.",5,i live in an at will state so jobs can fire you at any time for any reason ive lost  jobs now about to be a rd and i cant afford to go to the doctor i want to try to get on disability but when i tried the website said my personal information was wrong which just gave me another panic attack i cant live like this anymore and idk what to do,live state job fire time reason ive lost job rd cant afford go doctor want try get disability tried website said personal information wrong gave another panic attack cant live like anymore idk,-0.9372,-0.056818182,-0.999081612,positive coping,Low Coping,Low Anxiety,High Depression,Low Stress,1,0,0,0,anxiety,panic attack
Of having to sacrifice my passions in order to make ends meet in a job I don’t like. The job market is ruthless and nothing about this year is giving reassurance for me - a naive college student with no actual experience in the real world and nothing to show for myself. It’s hard to be optimistic when everyone around me seems to have their life together in ways I don’t.,5,of having to sacrifice my passions in order to make ends meet in a job i don’t like the job market is ruthless and nothing about this year is giving reassurance for me  a naive college student with no actual experience in the real world and nothing to show for myself it’s hard to be optimistic when everyone around me seems to have their life together in ways i don’t,sacrifice passion order make end meet job ’ like job market ruthless nothing year giving reassurance naive college student actual experience real world nothing show ’ hard optimistic everyone around seems life together way ’,0.431,-0.278333333,-0.900455356,neutral,Moderate Coping,Moderate Anxiety,Low Depression,Moderate Stress,0,0,0,0,unspecified,
"30M, recently moved back with my parents after living in a big city for the past few years. My parents put alot of pressure on me to come back home, telling me on every phone call that they want me back. I figured it would be okay just until I can get back on my feet but I feel like I made a massive mistake. My parents are conservative immigrants and constantly yell at me, fight with me, look through my things, etc...

All of my friends that I thought I had live 1 hour+ away and are either busy doing their own things, don't want to hang out due to the pandemic (100% understandable) but more importantly, I am afraid of seeing them. I am completely alone here, I left the great friends and hopeful feeling I had when I was living in Boston. I am really afraid for the first time in my life that I could get physically ill from my state of mind and the stress in my life.

Now I feel the physical effects of anxiety since moving back here, I am convulsing at night and constantly throughout the day, I am grinding my teeth, gaining weight (even though I exercise everyday) and just feel like I am wasting my life. I feel like just giving up, no romantic life to speak of (I don't know anyone out here and it would be impossible with my intrusive parents) my favorite part of life was solo travel, but now that is impossible due to the pandemic. 

Sorry for the long and pathetic rant, but I wanted to get that off my chest and posit that out to the world. I guess I hope if someone else is out there feeling the same things, they know they aren't alone.",5,m recently moved back with my parents after living in a big city for the past few years my parents put alot of pressure on me to come back home telling me on every phone call that they want me back i figured it would be okay just until i can get back on my feet but i feel like i made a massive mistake my parents are conservative immigrants and constantly yell at me fight with me look through my things etc all of my friends that i thought i had live  hour away and are either busy doing their own things dont want to hang out due to the pandemic  understandable but more importantly i am afraid of seeing them i am completely alone here i left the great friends and hopeful feeling i had when i was living in boston i am really afraid for the first time in my life that i could get physically ill from my state of mind and the stress in my life now i feel the physical effects of anxiety since moving back here i am convulsing at night and constantly throughout the day i am grinding my teeth gaining weight even though i exercise everyday and just feel like i am wasting my life i feel like just giving up no romantic life to speak of i dont know anyone out here and it would be impossible with my intrusive parents my favorite part of life was solo travel but now that is impossible due to the pandemic sorry for the long and pathetic rant but i wanted to get that off my chest and posit that out to the world i guess i hope if someone else is out there feeling the same things they know they arent alone,recently moved back parent living big city past year parent put alot pressure come back home telling every phone call want back figured would okay get back foot feel like made massive mistake parent conservative immigrant constantly yell fight look thing etc friend thought live hour away either busy thing dont want hang due pandemic understandable importantly afraid seeing completely alone left great friend hopeful feeling living boston really afraid first time life could get physically ill state mind stress life feel physical effect anxiety since moving back convulsing night constantly throughout day grinding teeth gaining weight even though exercise everyday feel like wasting life feel like giving romantic life speak dont know anyone would impossible intrusive parent favorite part life solo travel impossible due pandemic sorry long pathetic rant wanted get chest posit world guess hope someone else feeling thing know arent alone,0.9476,-0.090530303,-0.995317578,neutral,High Coping,High Anxiety,Low Depression,High Stress,0,0,2,0,stress,
"I think it has to do with being judged and putting a lot of power into the hands of someone else. Because I really need a job, I feel like so much relies on my impression. Please help it's very needed.",5,i think it has to do with being judged and putting a lot of power into the hands of someone else because i really need a job i feel like so much relies on my impression please help its very needed,think judged putting lot power hand someone else really need job feel like much relies impression please help needed,0.891,0.2,-0.841034651,neutral,High Coping,High Anxiety,Low Depression,High Stress,0,0,0,0,unspecified,
"I don't know if this is thr right subreddit to post to, but I need some advice with coping with the loss of a pet. 

Honestly this year has felt like a year of trade offs I gain something but I lose something in return. I had two cats one which died of old age earlier in the year, but she lived a good life. My other was like a partner in crime he was there for me through thick in thin and still young for his age. Unfortunately he began to get sick and when we took him to the vet they said that it was only a dental problem and scheduled him for a cleaning two weeks later (during the holidays) that morning I didn't it would be the last I would see him, turned out he had an aggressive type of cancer and he wouldn't make it. 
I'm trying to process my emotions, I know it might seem dumb for some, but I just don't know how to cope with this because it was so abrupt.",5,i dont know if this is thr right subreddit to post to but i need some advice with coping with the loss of a pet honestly this year has felt like a year of trade offs i gain something but i lose something in return i had two cats one which died of old age earlier in the year but she lived a good life my other was like a partner in crime he was there for me through thick in thin and still young for his age unfortunately he began to get sick and when we took him to the vet they said that it was only a dental problem and scheduled him for a cleaning two weeks later during the holidays that morning i didnt it would be the last i would see him turned out he had an aggressive type of cancer and he wouldnt make it im trying to process my emotions i know it might seem dumb for some but i just dont know how to cope with this because it was so abrupt,dont know thr right subreddit post need advice coping loss pet honestly year felt like year trade offs gain something lose something return two cat one died old age earlier year lived good life like partner crime thick thin still young age unfortunately began get sick took vet said dental problem scheduled cleaning two week later holiday morning didnt would last would see turned aggressive type cancer wouldnt make im trying process emotion know might seem dumb dont know cope abrupt,-0.9153,-0.044897959,-0.995111406,positive coping,Low Coping,Low Anxiety,High Depression,Low Stress,0,0,0,0,unspecified,
"hi folks, i recently moved to a different state and got a new job on/around sept. 1st. i like my
job for the most part, its relatively easy and usually pretty low stress which is good for me because i have really bad anxiety. however there are a couple specific coworkers i have that make me feel this 🤏🏻 big. they’re not even necessarily mean, just passive aggressive which feels worse to me. they’re always making me feel stupid and i never fail to get upset or feel like im doing something wrong when working with them. i have a huge fear of them talking about me behind my back to other people.
i really don’t want to leave my work because of this because its so hard for me to find a job where i dont have panic attacks at.
i guess im just looking for advice on how to stop letting every little comment get to me. i would really appreciate any tips or advice you guys have. thank you ❤️",4,hi folks i recently moved to a different state and got a new job onaround sept st i like my job for the most part its relatively easy and usually pretty low stress which is good for me because i have really bad anxiety however there are a couple specific coworkers i have that make me feel this 🤏🏻 big they’re not even necessarily mean just passive aggressive which feels worse to me they’re always making me feel stupid and i never fail to get upset or feel like im doing something wrong when working with them i have a huge fear of them talking about me behind my back to other people i really don’t want to leave my work because of this because its so hard for me to find a job where i dont have panic attacks at i guess im just looking for advice on how to stop letting every little comment get to me i would really appreciate any tips or advice you guys have thank you ❤️,hi folk recently moved different state got new job onaround sept st like job part relatively easy usually pretty low stress good really bad anxiety however couple specific coworkers make feel 🤏🏻 big ’ even necessarily mean passive aggressive feel worse ’ always making feel stupid never fail get upset feel like im something wrong working huge fear talking behind back people really ’ want leave work hard find job dont panic attack guess im looking advice stop letting every little comment get would really appreciate tip advice guy thank ❤️,0.6515,-0.046453168,-0.989390194,neutral,High Coping,High Anxiety,Low Depression,High Stress,2,0,1,0,"anxiety, stress",panic attack
"Hi all :) 

I hope your holidays are going well so far. I'm really looking forward to the new year! 

However, I carry a lot of guilt with me. I have SAD and OCD and since a few months its eating me up from inside. I have bothered my friends and family a lot already. I know they will always be there for me, but tbh, I don't want to always seek reassurance and bother them. I'm not trying to get reassurance here either. I think I just feel lonely and no one's available at the moment. Even if, no one could help me in the long run. I'm waiting for a therapist, but this could still take months. It's tricky.
I usually cry once I know I won't be disturbed. I don't want anyone to worry about me. It doesn't do them good, nor does it help me. 
I just want to get better. I think I just want to be hugged...",5,hi all  i hope your holidays are going well so far im really looking forward to the new year however i carry a lot of guilt with me i have sad and ocd and since a few months its eating me up from inside i have bothered my friends and family a lot already i know they will always be there for me but tbh i dont want to always seek reassurance and bother them im not trying to get reassurance here either i think i just feel lonely and no ones available at the moment even if no one could help me in the long run im waiting for a therapist but this could still take months its tricky i usually cry once i know i wont be disturbed i dont want anyone to worry about me it doesnt do them good nor does it help me i just want to get better i think i just want to be hugged,hi hope holiday going well far im really looking forward new year however carry lot guilt sad ocd since month eating inside bothered friend family lot already know always tbh dont want always seek reassurance bother im trying get reassurance either think feel lonely one available moment even one could help long run im waiting therapist could still take month tricky usually cry know wont disturbed dont want anyone worry doesnt good help want get better think want hugged,0.7933,0.113636364,-0.989384472,positive coping,High Coping,High Anxiety,Low Depression,High Stress,0,1,0,0,depression,
I lost my grandma to Covid. Bound to lose my other soon to cancer. Feel like I’m not there enough for my family. My bf is having terrible ocd episodes &amp; I can’t help him. The water heater is fucked. Our breaker box is fucked. Maintenance leaves me in the dark. I take care of individuals w disabilities for a living &amp; today she ripped some of my hair out. I have no support. My bf is always preoccupied w his own mental issues. I can’t talk to family bc I’d feel judged. Don’t have many friends &amp; I wouldn’t talk to them about this stuff. People I thought were my friends seem very passive to my existence. I just don’t wanna be here.,5,i lost my grandma to covid bound to lose my other soon to cancer feel like i’m not there enough for my family my bf is having terrible ocd episodes amp i can’t help him the water heater is fucked our breaker box is fucked maintenance leaves me in the dark i take care of individuals w disabilities for a living amp today she ripped some of my hair out i have no support my bf is always preoccupied w his own mental issues i can’t talk to family bc i’d feel judged don’t have many friends amp i wouldn’t talk to them about this stuff people i thought were my friends seem very passive to my existence i just don’t wanna be here,lost grandma covid bound lose soon cancer feel like ’ enough family bf terrible ocd episode amp ’ help water heater fucked breaker box fucked maintenance leaf dark take care individual w disability living amp today ripped hair support bf always preoccupied w mental issue ’ talk family bc ’ feel judged ’ many friend amp ’ talk stuff people thought friend seem passive existence ’ wan na,-0.6124,-0.238888889,-0.997937858,neutral,Low Coping,Low Anxiety,High Depression,Low Stress,0,0,0,0,unspecified,
"Hey guys! I struggle with GAD, and work is my current stressor. I am getting office bullied to the point where my anxiety will make me physically sick. I also forget to eat food and drink water throughout the day. What do some of ya’ll do to combat lost appetite when your disorder gets the best of you?",5,hey guys i struggle with gad and work is my current stressor i am getting office bullied to the point where my anxiety will make me physically sick i also forget to eat food and drink water throughout the day what do some of ya’ll do to combat lost appetite when your disorder gets the best of you,hey guy struggle gad work current stressor getting office bullied point anxiety make physically sick also forget eat food drink water throughout day ya ’ combat lost appetite disorder get best,-0.946,0.095238095,-0.988657296,neutral,Low Coping,Low Anxiety,High Depression,Low Stress,0,0,0,0,stress,
"I turned 26 today! I feel like im being a drama queen...But I've always hated my birthday because its just close enough to Christmas that everyone around me is still drained from the holidays. I always find myself making all these big plans and going all out for everybody else's birthday but when it comes to mine, I always feel like I'm forgotten about. I end up having to plan anything I want to do on my own. I ask people if they wanna go out to eat or if they wanna go shopping with me. Nobody ever just offers to do these things with me without me saying something first. No surprises. No plans. Is it just me as a person? Does nobody want to be around me? I usually ignore this day and treat it like every other day. But my feelings are hurt because my friend has been making a big stink about the plans i made for her birthday that isn't even until the end of January. But i havent heard anything from her about mine. Same goes for my SO. We've been making plans for his birthday for months. The day just started though, but I know I shouldn't get my hopes up. I dont know...am I being dramatic?",4,i turned  today i feel like im being a drama queenbut ive always hated my birthday because its just close enough to christmas that everyone around me is still drained from the holidays i always find myself making all these big plans and going all out for everybody elses birthday but when it comes to mine i always feel like im forgotten about i end up having to plan anything i want to do on my own i ask people if they wanna go out to eat or if they wanna go shopping with me nobody ever just offers to do these things with me without me saying something first no surprises no plans is it just me as a person does nobody want to be around me i usually ignore this day and treat it like every other day but my feelings are hurt because my friend has been making a big stink about the plans i made for her birthday that isnt even until the end of january but i havent heard anything from her about mine same goes for my so weve been making plans for his birthday for months the day just started though but i know i shouldnt get my hopes up i dont knowam i being dramatic,turned today feel like im drama queenbut ive always hated birthday close enough christmas everyone around still drained holiday always find making big plan going everybody elses birthday come mine always feel like im forgotten end plan anything want ask people wan na go eat wan na go shopping nobody ever offer thing without saying something first surprise plan person nobody want around usually ignore day treat like every day feeling hurt friend making big stink plan made birthday isnt even end january havent heard anything mine go weve making plan birthday month day started though know shouldnt get hope dont knowam dramatic,-0.0788,-0.192592593,-0.996301532,positive coping,Low Coping,Low Anxiety,Moderate Depression,Low Stress,0,0,0,2,unspecified,
"I quit a job I had back in October because I was having frequent panic attacks and my coworkers were extremely toxic. It also led me to some very dark thoughts. I started to feel better the longer I was away from that hellish place. 

My issue now is trying to figure out what job to even seek because I’m absolutely terrified of experiencing those feelings again. I had been applying for jobs and one had offered me a position only to retract it a month later after giving me radio silence. I have been trying to figure out what job would even be good for me at this point. 

I hate that you have to sacrifice your mind and body for a job that you don’t even enjoy because you need to provide for yourself somehow. I hate that we have to willingly subject ourselves to abusive companies that earn so much from us. 

I have considered going back to school but I also took a break from school in the first place because my anxiety was getting so bad that I couldn’t retain information. 

I basically feel like I am a waste of space that can’t function in society and don’t know how to move forward. If anyone has any suggestions for jobs, let me know.",5,i quit a job i had back in october because i was having frequent panic attacks and my coworkers were extremely toxic it also led me to some very dark thoughts i started to feel better the longer i was away from that hellish place my issue now is trying to figure out what job to even seek because i’m absolutely terrified of experiencing those feelings again i had been applying for jobs and one had offered me a position only to retract it a month later after giving me radio silence i have been trying to figure out what job would even be good for me at this point i hate that you have to sacrifice your mind and body for a job that you don’t even enjoy because you need to provide for yourself somehow i hate that we have to willingly subject ourselves to abusive companies that earn so much from us i have considered going back to school but i also took a break from school in the first place because my anxiety was getting so bad that i couldn’t retain information i basically feel like i am a waste of space that can’t function in society and don’t know how to move forward if anyone has any suggestions for jobs let me know,quit job back october frequent panic attack coworkers extremely toxic also led dark thought started feel better longer away hellish place issue trying figure job even seek ’ absolutely terrified experiencing feeling applying job one offered position retract month later giving radio silence trying figure job would even good point hate sacrifice mind body job ’ even enjoy need provide somehow hate willingly subject abusive company earn much u considered going back school also took break school first place anxiety getting bad ’ retain information basically feel like waste space ’ function society ’ know move forward anyone suggestion job let know,-0.9675,-0.034803922,-0.999162316,neutral,Low Coping,Low Anxiety,High Depression,Low Stress,1,0,0,0,anxiety,panic attack
"So it’s not long till I’m 22 but honestly this year I’ve been so not my self. Yes I got shit sorted out but I just don’t feel happy. 
This entire year I didn’t even make up with my friends yet. The last time we saw eachother was at my childhood friends funeral 2 months ago which is because her boyfriend killed her. He also was the reason we stopped taking the entire year, he made me seem like I was a bad person when it was him. My other best friend also got brainwashed by him and cause of her I lost my other friends cause she went along with making me look really bad and making my character down. She basically exposed some gossip we BOTH did but made up things with it which were terrible things. She apologised later on but when things were clearing up, I fucking forgot how to apologise to my other friends for the gossip that now they think I moved on but I didn’t!! I don’t wanna lose more people that’s why I even forgave my ex best friend. Also with the gossip it was still bad and I wasn’t the best person so I just forgave. Although she apologised and cleared things up apparently there’s this one thing I said but I don’t remember and that’s what’s causing the issue between me and my other friends. My ex best friend also ended up cutting ties with them claiming she hated them but when she “exposed” me acted like she cared about them but really it was to get me alone. 

Not to mention covid ruined doing things and now it’s happening again. I just don’t want another year being depressing. I also feel like 21 was something I wanted to be good but now that part of my youth is gone. I still feel like a fucking kid (like I feel 19/20) And I feel like my youth is going away even more. Even tho I was literally just 20 last year until the end and some of my friends were literally just 19 that turned 20. But it’s crazy how time is changing. But I just wish it was 2018 again. I want that vibe back",5,so it’s not long till i’m  but honestly this year i’ve been so not my self yes i got shit sorted out but i just don’t feel happy this entire year i didn’t even make up with my friends yet the last time we saw eachother was at my childhood friends funeral  months ago which is because her boyfriend killed her he also was the reason we stopped taking the entire year he made me seem like i was a bad person when it was him my other best friend also got brainwashed by him and cause of her i lost my other friends cause she went along with making me look really bad and making my character down she basically exposed some gossip we both did but made up things with it which were terrible things she apologised later on but when things were clearing up i fucking forgot how to apologise to my other friends for the gossip that now they think i moved on but i didn’t i don’t wanna lose more people that’s why i even forgave my ex best friend also with the gossip it was still bad and i wasn’t the best person so i just forgave although she apologised and cleared things up apparently there’s this one thing i said but i don’t remember and that’s what’s causing the issue between me and my other friends my ex best friend also ended up cutting ties with them claiming she hated them but when she “exposed” me acted like she cared about them but really it was to get me alone not to mention covid ruined doing things and now it’s happening again i just don’t want another year being depressing i also feel like  was something i wanted to be good but now that part of my youth is gone i still feel like a fucking kid like i feel  and i feel like my youth is going away even more even tho i was literally just  last year until the end and some of my friends were literally just  that turned  but it’s crazy how time is changing but i just wish it was  again i want that vibe back,’ long till ’ honestly year ’ self yes got shit sorted ’ feel happy entire year ’ even make friend yet last time saw eachother childhood friend funeral month ago boyfriend killed also reason stopped taking entire year made seem like bad person best friend also got brainwashed cause lost friend cause went along making look really bad making character basically exposed gossip made thing terrible thing apologised later thing clearing fucking forgot apologise friend gossip think moved ’ ’ wan na lose people ’ even forgave ex best friend also gossip still bad ’ best person forgave although apologised cleared thing apparently ’ one thing said ’ remember ’ ’ causing issue friend ex best friend also ended cutting tie claiming hated “ exposed ” acted like cared really get alone mention covid ruined thing ’ happening ’ want another year depressing also feel like something wanted good part youth gone still feel like fucking kid like feel feel like youth going away even even tho literally last year end friend literally turned ’ crazy time changing wish want vibe back,0.9893,-0.044827586,-0.998899817,negative coping,High Coping,High Anxiety,Low Depression,High Stress,0,0,0,0,unspecified,
"Last year, I was briefly in a relationship with a person I briefly believed to be my absolute soul mate. Turns out, he was kind of an abuser. 
When I was with him, I was so happy. But, I started having worse and worse nightmares, I was waking up talking in my sleep in the middle of the night. I’d have these little panicky moments, and then he would make everything all better with his nice guy damage. 

And then when it ended I could see it all these patterns of troubling and controlling behavior. How he was causing the panic, and manipulating/gaslighting our relationship. 


I’m currently seeing someone, and he is pretty different for the other guy. He is calm and casual and has a similar personality to me. He is nice and fun and chipper. But sometimes I just get so panicky, and feel like I might not really know him, I might not know what’s true, he could be lying about everything, and I just don’t know. 

I don’t really remember if I had these same kind of trust issues before- but being completely clotheslined by who my ex was left a mark that I don’t know how to distinguish from intuition. It’s so hard to figure out whats what. What’s my gut* being internationally wary. What’s my damage, coloring every good thing and seeing the worst. And what’s my experience, seeing possible problems and anticipating realistic outcomes. 

No man is going to cure my anxiety. My anxiety is an issue i navigate in all the interpersonal relationships in my life. So when this guy makes me anxious, I don’t know how much to listen to it. Like.... I started this way, it’s not his fault and he’s not actually doing anything to make it worse. But what if my body is tryin to tell me something, like it was with the last guy, and I’m not listening to it enough- just because occasionally my anxieties are a little hyperactive.",5,last year i was briefly in a relationship with a person i briefly believed to be my absolute soul mate turns out he was kind of an abuser when i was with him i was so happy but i started having worse and worse nightmares i was waking up talking in my sleep in the middle of the night i’d have these little panicky moments and then he would make everything all better with his nice guy damage and then when it ended i could see it all these patterns of troubling and controlling behavior how he was causing the panic and manipulatinggaslighting our relationship i’m currently seeing someone and he is pretty different for the other guy he is calm and casual and has a similar personality to me he is nice and fun and chipper but sometimes i just get so panicky and feel like i might not really know him i might not know what’s true he could be lying about everything and i just don’t know i don’t really remember if i had these same kind of trust issues before but being completely clotheslined by who my ex was left a mark that i don’t know how to distinguish from intuition it’s so hard to figure out whats what what’s my gut being internationally wary what’s my damage coloring every good thing and seeing the worst and what’s my experience seeing possible problems and anticipating realistic outcomes no man is going to cure my anxiety my anxiety is an issue i navigate in all the interpersonal relationships in my life so when this guy makes me anxious i don’t know how much to listen to it like i started this way it’s not his fault and he’s not actually doing anything to make it worse but what if my body is tryin to tell me something like it was with the last guy and i’m not listening to it enough just because occasionally my anxieties are a little hyperactive,last year briefly relationship person briefly believed absolute soul mate turn kind abuser happy started worse worse nightmare waking talking sleep middle night ’ little panicky moment would make everything better nice guy damage ended could see pattern troubling controlling behavior causing panic manipulatinggaslighting relationship ’ currently seeing someone pretty different guy calm casual similar personality nice fun chipper sometimes get panicky feel like might really know might know ’ true could lying everything ’ know ’ really remember kind trust issue completely clotheslined ex left mark ’ know distinguish intuition ’ hard figure whats ’ gut internationally wary ’ damage coloring every good thing seeing worst ’ experience seeing possible problem anticipating realistic outcome man going cure anxiety anxiety issue navigate interpersonal relationship life guy make anxious ’ know much listen like started way ’ fault ’ actually anything make worse body tryin tell something like last guy ’ listening enough occasionally anxiety little hyperactive,-0.506,0.06375,-0.995437086,neutral,Low Coping,Low Anxiety,High Depression,Low Stress,2,0,0,0,anxiety,
"Hey... overall my life is improving, of course my mental health never cares and I just want to express something I haven’t yet

I’m 18 years old, moved to my dream city and am attending a top university to get my dream job, but I have serious socialized anxiety, 

Ironically it’s not in the usual form, I can stand up and talk to thousands of people no problem, but I can’t stand one on one conversations,

This is obviously a problem with girls.

I’m 18 and have never had any form of intamacy in my life, I’ve yet to have my first kiss, first hug, first real date, let alone anything sexual,

I’m a very loving person and I feel lonely a lot, all by myself in the city, 4000 KMs from the friends and family I’ve known all my life, but I’m not really attractive, and I’m pretty strange, I just feel like I’ll never have the connection I want.

I dream of taking care of a family, of raising children and having a loving wife, but when most kids have their first kiss at like 14, here I am, lonely as ever.",3,hey overall my life is improving of course my mental health never cares and i just want to express something i haven’t yet i’m  years old moved to my dream city and am attending a top university to get my dream job but i have serious socialized anxiety ironically it’s not in the usual form i can stand up and talk to thousands of people no problem but i can’t stand one on one conversations this is obviously a problem with girls i’m  and have never had any form of intamacy in my life i’ve yet to have my first kiss first hug first real date let alone anything sexual i’m a very loving person and i feel lonely a lot all by myself in the city  kms from the friends and family i’ve known all my life but i’m not really attractive and i’m pretty strange i just feel like i’ll never have the connection i want i dream of taking care of a family of raising children and having a loving wife but when most kids have their first kiss at like  here i am lonely as ever,hey overall life improving course mental health never care want express something ’ yet ’ year old moved dream city attending top university get dream job serious socialized anxiety ironically ’ usual form stand talk thousand people problem ’ stand one one conversation obviously problem girl ’ never form intamacy life ’ yet first kiss first hug first real date let alone anything sexual ’ loving person feel lonely lot city km friend family ’ known life ’ really attractive ’ pretty strange feel like ’ never connection want dream taking care family raising child loving wife kid first kiss like lonely ever,0.9724,0.180833333,0.977868736,negative coping,High Coping,High Anxiety,Low Depression,High Stress,0,0,0,0,unspecified,
"My 32 year old indian boyfriend whom I dated 10 years broke up with me because his parents could not tolerate that I wasn't Indian and wasn't rich. He will married to 24 year old woman in 6 months. She is stunning, young, rich family. 

I was dumped. Now I am 33.5 years old desperate woman without anything, I have old sick mother that needs help in another country (i live in US), I dont have money (I am Phd student in philosophy getting 1.8K a month), I dont have kids and I have endometriosis, myoma, cysts, surgeries on ovaries... basically I am about to become infertile soon. I have noticable aging. Because of all this I cannot concentrate on work, I cannot be productive, I cannot learn anything new, I cannot focus... I am desperate... desperate to marry ASAP, desperate to have a child asap. 

But I cannot find a man. I am not good for anyone decent, anyone that could be a good dad and a husband. Everyone who is barely decent man is not interested in me. Not interested to commit. Not interested in having kids.

I dont know what to do anymore in my life. I am completely alone. Poor and hopeless. 

Today I was dumped by a man I was in love with and dreamed about us marrying. He was my dream. He dumped me and now dates 27 year old, from good family, with good income.

And I am sitting in my tiny room with 6 problematic housemates and cannot find any power to move on. I failed in life. I wont ever have kids. I wont ever have good income. I wont ever have house. I wont ever be proud of myself. I remember my dreams, my ambitions, how i was sure that everything will go well. How I was wrong...I dont know what to do... its unbearable",5,my  year old indian boyfriend whom i dated  years broke up with me because his parents could not tolerate that i wasnt indian and wasnt rich he will married to  year old woman in  months she is stunning young rich family i was dumped now i am  years old desperate woman without anything i have old sick mother that needs help in another country i live in us i dont have money i am phd student in philosophy getting k a month i dont have kids and i have endometriosis myoma cysts surgeries on ovaries basically i am about to become infertile soon i have noticable aging because of all this i cannot concentrate on work i cannot be productive i cannot learn anything new i cannot focus i am desperate desperate to marry asap desperate to have a child asap but i cannot find a man i am not good for anyone decent anyone that could be a good dad and a husband everyone who is barely decent man is not interested in me not interested to commit not interested in having kids i dont know what to do anymore in my life i am completely alone poor and hopeless today i was dumped by a man i was in love with and dreamed about us marrying he was my dream he dumped me and now dates  year old from good family with good income and i am sitting in my tiny room with  problematic housemates and cannot find any power to move on i failed in life i wont ever have kids i wont ever have good income i wont ever have house i wont ever be proud of myself i remember my dreams my ambitions how i was sure that everything will go well how i was wrongi dont know what to do its unbearable,year old indian boyfriend dated year broke parent could tolerate wasnt indian wasnt rich married year old woman month stunning young rich family dumped year old desperate woman without anything old sick mother need help another country live u dont money phd student philosophy getting k month dont kid endometriosis myoma cyst surgery ovary basically become infertile soon noticable aging concentrate work productive learn anything new focus desperate desperate marry asap desperate child asap find man good anyone decent anyone could good dad husband everyone barely decent man interested interested commit interested kid dont know anymore life completely alone poor hopeless today dumped man love dreamed u marrying dream dumped date year old good family good income sitting tiny room problematic housemate find power move failed life wont ever kid wont ever good income wont ever house wont ever proud remember dream ambition sure everything go well wrongi dont know unbearable,0.7945,0.142405144,-0.995078921,negative coping,High Coping,High Anxiety,Low Depression,High Stress,0,1,0,1,depression,
"I work as a work comp insurance adjuster and this can be a rather stressful work environment. To make matter worse our team has is short staffed and we have high case loads, when prior to this pandemic, getting everything done for the day is nearly impossible. I'm at a point where I can't stand to work an extra two-three hours everyday anymore to get what I can get done. Even then I'm still missing deadlines. If messing with my mental health, I have generalized anxiety and adhd to begin with and now I'm drinking about 3-5 beers every night and smoke weed daily just to deal with the stress and I feel exhausted and unhappy. I took some time off for the holiday and I returned to shit pile of work that was added while I was gone and I have about had it. If it wasn’t for the fact that I need this job for another 6 months, I would quit but I just feel so hopeless and shitty every god damn day. I dont even know what Im lookimg for here other than to rant.",5,i work as a work comp insurance adjuster and this can be a rather stressful work environment to make matter worse our team has is short staffed and we have high case loads when prior to this pandemic getting everything done for the day is nearly impossible im at a point where i cant stand to work an extra twothree hours everyday anymore to get what i can get done even then im still missing deadlines if messing with my mental health i have generalized anxiety and adhd to begin with and now im drinking about  beers every night and smoke weed daily just to deal with the stress and i feel exhausted and unhappy i took some time off for the holiday and i returned to shit pile of work that was added while i was gone and i have about had it if it wasn’t for the fact that i need this job for another  months i would quit but i just feel so hopeless and shitty every god damn day i dont even know what im lookimg for here other than to rant,work work comp insurance adjuster rather stressful work environment make matter worse team short staffed high case load prior pandemic getting everything done day nearly impossible im point cant stand work extra twothree hour everyday anymore get get done even im still missing deadline messing mental health generalized anxiety adhd begin im drinking beer every night smoke weed daily deal stress feel exhausted unhappy took time holiday returned shit pile work added gone ’ fact need job another month would quit feel hopeless shitty every god damn day dont even know im lookimg rant,-0.9794,-0.200512821,-0.998799205,negative coping,Low Coping,Low Anxiety,High Depression,Low Stress,0,2,1,1,"depression, stress",
"I’ve always had GAD and social anxiety and panic attacks, for over 15 years now. With the pandemic and having a new baby my anxiety has only increased, for obvious reasons. My husbands brother &amp; now wife moved where we live about a year ago. While I was pregnant and their children were young (last year) I wasn’t forced to see them so much. Now that our baby is 8 MO my SIL is CONSTANTLY asking to grab coffee, come over, etc. she’s a really shitty mom, mean and condescending to her 1 &amp; 2 year old. My brother in law is lackadaisical and does not watch his kids properly (lets them play in arcades with no shoes, lets them play in retention ponds) basically everything about these 2 gives me anxiety and makes me want to hyperventilate. I’ve explained to my husband multiple times that I don’t agree with their parenting and it makes me want to have a panic attack any time they ask to hang out. They’re children are also ALWAYS sick with fevers, flus (they’re in daycare- even though the wife doesn’t work- she just “can’t handle 2 of them all day”). Also, right before my baby shower she caused a huge fight between us because she asked me to watch her child while she took the other to the ER because she had a 104 degree fever, which I said no because I was pregnant and didn’t want to risk getting sick- she basically told me I’m not family and do nothing for her, yet another reason I can’t stand her and get anxiety just thinking about her. Anyways, I have done everything I can to be safe for my family in this pandemic, I don’t see ANY of my friends, I go nowhere except the grocery store masked and parks with the baby. (Sorry for so much back story just trying to give an understanding) My husband asked today if we could see his brother and kids because the wife is out of town and the brother “knows I don’t like her so if she’s not here maybe we can hang out”. He said he wants our daughter to get to know her cousins. She’s 8 MO. She’s not going to remember them right now. I just want to keep her safe and healthy and these kids are ALWAYS sick, literally every time I’ve seen them. It also makes me anxious to think she obviously tells my BIL I don’t like her and makes me not want to be around them even more. Am I wrong? What do I say or do?",5,i’ve always had gad and social anxiety and panic attacks for over  years now with the pandemic and having a new baby my anxiety has only increased for obvious reasons my husbands brother amp now wife moved where we live about a year ago while i was pregnant and their children were young last year i wasn’t forced to see them so much now that our baby is  mo my sil is constantly asking to grab coffee come over etc she’s a really shitty mom mean and condescending to her  amp  year old my brother in law is lackadaisical and does not watch his kids properly lets them play in arcades with no shoes lets them play in retention ponds basically everything about these  gives me anxiety and makes me want to hyperventilate i’ve explained to my husband multiple times that i don’t agree with their parenting and it makes me want to have a panic attack any time they ask to hang out they’re children are also always sick with fevers flus they’re in daycare even though the wife doesn’t work she just “can’t handle  of them all day” also right before my baby shower she caused a huge fight between us because she asked me to watch her child while she took the other to the er because she had a  degree fever which i said no because i was pregnant and didn’t want to risk getting sick she basically told me i’m not family and do nothing for her yet another reason i can’t stand her and get anxiety just thinking about her anyways i have done everything i can to be safe for my family in this pandemic i don’t see any of my friends i go nowhere except the grocery store masked and parks with the baby sorry for so much back story just trying to give an understanding my husband asked today if we could see his brother and kids because the wife is out of town and the brother “knows i don’t like her so if she’s not here maybe we can hang out” he said he wants our daughter to get to know her cousins she’s  mo she’s not going to remember them right now i just want to keep her safe and healthy and these kids are always sick literally every time i’ve seen them it also makes me anxious to think she obviously tells my bil i don’t like her and makes me not want to be around them even more am i wrong what do i say or do,’ always gad social anxiety panic attack year pandemic new baby anxiety increased obvious reason husband brother amp wife moved live year ago pregnant child young last year ’ forced see much baby mo sil constantly asking grab coffee come etc ’ really shitty mom mean condescending amp year old brother law lackadaisical watch kid properly let play arcade shoe let play retention pond basically everything give anxiety make want hyperventilate ’ explained husband multiple time ’ agree parenting make want panic attack time ask hang ’ child also always sick fever flu ’ daycare even though wife ’ work “ ’ handle day ” also right baby shower caused huge fight u asked watch child took er degree fever said pregnant ’ want risk getting sick basically told ’ family nothing yet another reason ’ stand get anxiety thinking anyways done everything safe family pandemic ’ see friend go nowhere except grocery store masked park baby sorry much back story trying give understanding husband asked today could see brother kid wife town brother “ know ’ like ’ maybe hang ” said want daughter get know cousin ’ mo ’ going remember right want keep safe healthy kid always sick literally every time ’ seen also make anxious think obviously tell bil ’ like make want around even wrong say,-0.9612,0.00129329,-0.997730792,neutral,Low Coping,Low Anxiety,High Depression,Low Stress,3,0,0,0,anxiety,panic attack
"I know where my anxiety comes from. Doesn't make me any less anxious though. I still get so overwelled I just want to dig a hole and live in it. I love my job working with kids, but the anxiety has me breaking down every other night because it's so stressful. So I tried working as a nanny which has greatly helped with it. Now everyone keeps asking me when I'll get a 'real' job. I hate talking to my family these days. I don't have answers to their questions nor do I care to answer. I feel terrible for feeling like this but I'm so numb to them these days.

My anxiety was mostly manageable until I got into an emotionally and sexually abusive relationship. It completely destroyed me. I know I'm not okay. I tried going to counseling, but the way people talk to me made me feel dehumanized. I'm not a child. I know exactly what you are doing and it's not going to work. I studied psychology in college, but didn't like the field so I didn't get my master's degree. It's making counseling impossible. 

Every night I think about packing up most of my stuff and getting into my car and driving off. I've been feeling lost since my junior year of college when I realized I hated my degree but didn't want to change degrees because I was so close to graduating. 

The only thing that enjoy doing is YouTube and honestly it's a tiny channel where most of the time I look at my effort into it and wonder why I'm doing it. Some days I don't enjoy it. I take a break and then for a few weeks it's okay. Then I start to get stressed again. It's a never ending cycle. 

I have no idea what I'm doing with my life anymore. Working as a nanny forever isn't plausible. I am seriously questioning come the summer packing up my stuff and taking off across the country until I find a place I like. Because living back home is more anxiety inducing then anything. It was helpful at first when I moved back after that hellish relationship. Now it just seems to keep me in a hiatus of healing because I live with an alcoholic aunt, a controlling grand mother and two kids that are disrespectful to everyone.",4,i know where my anxiety comes from doesnt make me any less anxious though i still get so overwelled i just want to dig a hole and live in it i love my job working with kids but the anxiety has me breaking down every other night because its so stressful so i tried working as a nanny which has greatly helped with it now everyone keeps asking me when ill get a real job i hate talking to my family these days i dont have answers to their questions nor do i care to answer i feel terrible for feeling like this but im so numb to them these days my anxiety was mostly manageable until i got into an emotionally and sexually abusive relationship it completely destroyed me i know im not okay i tried going to counseling but the way people talk to me made me feel dehumanized im not a child i know exactly what you are doing and its not going to work i studied psychology in college but didnt like the field so i didnt get my masters degree its making counseling impossible every night i think about packing up most of my stuff and getting into my car and driving off ive been feeling lost since my junior year of college when i realized i hated my degree but didnt want to change degrees because i was so close to graduating the only thing that enjoy doing is youtube and honestly its a tiny channel where most of the time i look at my effort into it and wonder why im doing it some days i dont enjoy it i take a break and then for a few weeks its okay then i start to get stressed again its a never ending cycle i have no idea what im doing with my life anymore working as a nanny forever isnt plausible i am seriously questioning come the summer packing up my stuff and taking off across the country until i find a place i like because living back home is more anxiety inducing then anything it was helpful at first when i moved back after that hellish relationship now it just seems to keep me in a hiatus of healing because i live with an alcoholic aunt a controlling grand mother and two kids that are disrespectful to everyone,know anxiety come doesnt make less anxious though still get overwelled want dig hole live love job working kid anxiety breaking every night stressful tried working nanny greatly helped everyone keep asking ill get real job hate talking family day dont answer question care answer feel terrible feeling like im numb day anxiety mostly manageable got emotionally sexually abusive relationship completely destroyed know im okay tried going counseling way people talk made feel dehumanized im child know exactly going work studied psychology college didnt like field didnt get master degree making counseling impossible every night think packing stuff getting car driving ive feeling lost since junior year college realized hated degree didnt want change degree close graduating thing enjoy youtube honestly tiny channel time look effort wonder im day dont enjoy take break week okay start get stressed never ending cycle idea im life anymore working nanny forever isnt plausible seriously questioning come summer packing stuff taking across country find place like living back home anxiety inducing anything helpful first moved back hellish relationship seems keep hiatus healing live alcoholic aunt controlling grand mother two kid disrespectful everyone,-0.971,0.024346917,-0.997065604,neutral,Low Coping,Low Anxiety,High Depression,Low Stress,2,1,1,0,"anxiety, depression, stress",numb
"I’m not sure where to start but maybe a little back story.

I’m a 26 year old veteran of two tours in Afghanistan. My father is an alcoholic drug addict who only cares for himself. My mother is lovely when sober, but uses me as her emotional punching bag when drinking. My brother has depression like I do but won’t seek proper help due to career concerns.

For me, I was medically retired from the army due to depression, anxiety and even suicidal idealization. I’m still suffering from it but mostly when I start thinking of taking my life, my instincts is to shut those thoughts out.

I feel like I didn’t make the right choices in life, like I didn’t live up to society’s expectations somehow. I’ve never had a serious or even casual relationship, just one night stands or short flings. So I feel like people see that and avoid me.

I’m living completely in my own but alone; paying my bills, going to work and respecting others. Yet I feel like that’s not enough, that I’m not doing what I’m supposed to.
deep down, I know that I’m going to end my life myself...",3,i’m not sure where to start but maybe a little back story i’m a  year old veteran of two tours in afghanistan my father is an alcoholic drug addict who only cares for himself my mother is lovely when sober but uses me as her emotional punching bag when drinking my brother has depression like i do but won’t seek proper help due to career concerns for me i was medically retired from the army due to depression anxiety and even suicidal idealization i’m still suffering from it but mostly when i start thinking of taking my life my instincts is to shut those thoughts out i feel like i didn’t make the right choices in life like i didn’t live up to society’s expectations somehow i’ve never had a serious or even casual relationship just one night stands or short flings so i feel like people see that and avoid me i’m living completely in my own but alone paying my bills going to work and respecting others yet i feel like that’s not enough that i’m not doing what i’m supposed to deep down i know that i’m going to end my life myself,’ sure start maybe little back story ’ year old veteran two tour afghanistan father alcoholic drug addict care mother lovely sober us emotional punching bag drinking brother depression like ’ seek proper help due career concern medically retired army due depression anxiety even suicidal idealization ’ still suffering mostly start thinking taking life instinct shut thought feel like ’ make right choice life like ’ live society ’ expectation somehow ’ never serious even casual relationship one night stand short fling feel like people see avoid ’ living completely alone paying bill going work respecting others yet feel like ’ enough ’ ’ supposed deep know ’ going end life,0.8194,0.054602027,-0.99276334,negative coping,High Coping,High Anxiety,Low Depression,High Stress,0,0,0,0,depression,
I don't feel the need to have to call your mom and talk for hours or even minutes. I DONT CARE. I don't like talking to people it gives me extreme anxiety and he's lucky I even was able to talk to him and get this far. I wake up next you you not your siblings and parents. That doesn't mean I can't be nice but I just don't see the need to talk to them. I'd rather have everyone think I'm a bitch then have to talk about dumb shit like what was cooked for dinner etc. I just don't get the whole you marry me you marry my whole family. I don't give a fuck about your family and maybe this is past childhood trauma coming back to haunt me but I don't care about anyone's family much less my own. It's too much to deal and it's always some petty ass drama with families like get tf over it. Geez I just hate it all.,4,i dont feel the need to have to call your mom and talk for hours or even minutes i dont care i dont like talking to people it gives me extreme anxiety and hes lucky i even was able to talk to him and get this far i wake up next you you not your siblings and parents that doesnt mean i cant be nice but i just dont see the need to talk to them id rather have everyone think im a bitch then have to talk about dumb shit like what was cooked for dinner etc i just dont get the whole you marry me you marry my whole family i dont give a fuck about your family and maybe this is past childhood trauma coming back to haunt me but i dont care about anyones family much less my own its too much to deal and its always some petty ass drama with families like get tf over it geez i just hate it all,dont feel need call mom talk hour even minute dont care dont like talking people give extreme anxiety he lucky even able talk get far wake next sibling parent doesnt mean cant nice dont see need talk id rather everyone think im bitch talk dumb shit like cooked dinner etc dont get whole marry marry whole family dont give fuck family maybe past childhood trauma coming back haunt dont care anyones family much less much deal always petty as drama family like get tf geez hate,-0.9352,-0.029166667,-0.995931923,neutral,Low Coping,Low Anxiety,High Depression,Low Stress,0,0,0,0,unspecified,
"So I actually live with my boyfriend, but since my job switched to work from home a few months ago, I've been having to do so from my parents' house because my boyfriend and I have terrible internet. &amp; before I start ranting, yes I know im very fortunate to have parents that let me work at their house. 

My family is definitely the most major cause of my anxiety. Ohhhhh my god. I'd say I'm a pretty shy &amp; timid person in general, but I actually do not have that much anxiety around most people. My coworkers don't give me anxiety, my boyfriend's family doesn't give me anxiety, etc. 

BUT HOLY SHIT DOES MY FAMILY GIVE ME ANXIETY. 

Oh my God. So I now just have this like reactionary instinctive fight or flight response whenever I'm around these people. My parents both work, but because God is terrible I work only on the days that my mom, who is definitely the worst offender, is home. 

I even just hear this woman in the kitchen and my heart starts racing, blood pressure rising. No, I'm not afraid this old woman is going to physically assault me or something, but as I imagine is typically among people with anxiety, I had a very stressful childhood and it was my primarily due to her, so the instinctive fear remains. 

She keeps walking in for NO REASON, there is no lock on the door. She just walks in, I'm sure because she knows how much it bothers me, and looks over my shoulder to my computer, analyzing everything I'm doing like she thinks she's gonna catch me like ordering heroin on the dark web or something. 

I work for a charity, over the phone, and I have to talk to people all day. I have made like 2-3x as many mistakes here as I did when I could go into the office, and I've had a lot more complaints because when I'm in this anxious state, I get really defensive and I have never been able to conceal my emotions so they can hear it over the phone. I sound kind of like I'm angry at them, and like 60% of my brain is occupied by focusing on all the fkn noise my mother is making in the kitchen, poised for the moment she might randomly walk in, so I keep making dumb clerical accidents. I just got a call from my (actually very nice) boss asking me why tf I was making so many mistakes and threatening to make me go through training again. I know what I'm doing, it's not a hard job, but I just can't focus. Apparently I accidentally double charged a woman for her donation yesterday which caused her an overdraft fee. I feel really bad and now I have to call her in a few hours to apologize and I'm just dreading it. 

I know im lucky to have a workplace that is taking covid seriously, but... God, this is the worst place to be working from.",5,so i actually live with my boyfriend but since my job switched to work from home a few months ago ive been having to do so from my parents house because my boyfriend and i have terrible internet amp before i start ranting yes i know im very fortunate to have parents that let me work at their house my family is definitely the most major cause of my anxiety ohhhhh my god id say im a pretty shy amp timid person in general but i actually do not have that much anxiety around most people my coworkers dont give me anxiety my boyfriends family doesnt give me anxiety etc but holy shit does my family give me anxiety oh my god so i now just have this like reactionary instinctive fight or flight response whenever im around these people my parents both work but because god is terrible i work only on the days that my mom who is definitely the worst offender is home i even just hear this woman in the kitchen and my heart starts racing blood pressure rising no im not afraid this old woman is going to physically assault me or something but as i imagine is typically among people with anxiety i had a very stressful childhood and it was my primarily due to her so the instinctive fear remains she keeps walking in for no reason there is no lock on the door she just walks in im sure because she knows how much it bothers me and looks over my shoulder to my computer analyzing everything im doing like she thinks shes gonna catch me like ordering heroin on the dark web or something i work for a charity over the phone and i have to talk to people all day i have made like x as many mistakes here as i did when i could go into the office and ive had a lot more complaints because when im in this anxious state i get really defensive and i have never been able to conceal my emotions so they can hear it over the phone i sound kind of like im angry at them and like  of my brain is occupied by focusing on all the fkn noise my mother is making in the kitchen poised for the moment she might randomly walk in so i keep making dumb clerical accidents i just got a call from my actually very nice boss asking me why tf i was making so many mistakes and threatening to make me go through training again i know what im doing its not a hard job but i just cant focus apparently i accidentally double charged a woman for her donation yesterday which caused her an overdraft fee i feel really bad and now i have to call her in a few hours to apologize and im just dreading it i know im lucky to have a workplace that is taking covid seriously but god this is the worst place to be working from,actually live boyfriend since job switched work home month ago ive parent house boyfriend terrible internet amp start ranting yes know im fortunate parent let work house family definitely major cause anxiety ohhhhh god id say im pretty shy amp timid person general actually much anxiety around people coworkers dont give anxiety boyfriend family doesnt give anxiety etc holy shit family give anxiety oh god like reactionary instinctive fight flight response whenever im around people parent work god terrible work day mom definitely worst offender home even hear woman kitchen heart start racing blood pressure rising im afraid old woman going physically assault something imagine typically among people anxiety stressful childhood primarily due instinctive fear remains keep walking reason lock door walk im sure know much bother look shoulder computer analyzing everything im like think shes gon na catch like ordering heroin dark web something work charity phone talk people day made like x many mistake could go office ive lot complaint im anxious state get really defensive never able conceal emotion hear phone sound kind like im angry like brain occupied focusing fkn noise mother making kitchen poised moment might randomly walk keep making dumb clerical accident got call actually nice bos asking tf making many mistake threatening make go training know im hard job cant focus apparently accidentally double charged woman donation yesterday caused overdraft fee feel really bad call hour apologize im dreading know im lucky workplace taking covid seriously god worst place working,-0.9709,-0.109459729,-0.997456133,neutral,Low Coping,Low Anxiety,High Depression,Low Stress,2,0,1,0,"anxiety, stress",
"I'm facing tough times recently, since 4 months i have moved abroad for work, after being there for 15 days my contract was terminated, i had to stay in a new country with no job, so i tried to find new job but i couldn't, and i ended up returning back to my country, to my parents home, unemployed, in a disastrous economical situation. Yep alot of stress factors that can make a man anxious.
Now the wierd thing is, I've been dreaming daily since 4 months, hideous dreams, and i usually can't sleep, and when I do i sleep for long time, i feel heaviness in my heart, dizziness in my head, and fear, a fear that i have never felt before, i fear to drive, to meet people or friends, to go out, to wake up, i fear the simplest things, with add that i noticed that i can't remember things well, and i can't think clearly, i feel like suffocating and I'm running away, I have the most negative thoughts and I'm escaping through pills, weed and alcohol, I'm tired asfk man and I'm scared from myself. 

P. S i had depression since being 18, yet i never had the symptoms above... I'm an athlete and I work out daily. 

Please can you tell me what happening, is it anxiety or depression again , what do i need to do?!",5,im facing tough times recently since  months i have moved abroad for work after being there for  days my contract was terminated i had to stay in a new country with no job so i tried to find new job but i couldnt and i ended up returning back to my country to my parents home unemployed in a disastrous economical situation yep alot of stress factors that can make a man anxious now the wierd thing is ive been dreaming daily since  months hideous dreams and i usually cant sleep and when i do i sleep for long time i feel heaviness in my heart dizziness in my head and fear a fear that i have never felt before i fear to drive to meet people or friends to go out to wake up i fear the simplest things with add that i noticed that i cant remember things well and i cant think clearly i feel like suffocating and im running away i have the most negative thoughts and im escaping through pills weed and alcohol im tired asfk man and im scared from myself p s i had depression since being  yet i never had the symptoms above im an athlete and i work out daily please can you tell me what happening is it anxiety or depression again  what do i need to do,im facing tough time recently since month moved abroad work day contract terminated stay new country job tried find new job couldnt ended returning back country parent home unemployed disastrous economical situation yep alot stress factor make man anxious wierd thing ive dreaming daily since month hideous dream usually cant sleep sleep long time feel heaviness heart dizziness head fear fear never felt fear drive meet people friend go wake fear simplest thing add noticed cant remember thing well cant think clearly feel like suffocating im running away negative thought im escaping pill weed alcohol im tired asfk man im scared p depression since yet never symptom im athlete work daily please tell happening anxiety depression need,-0.9692,-0.135385101,-0.992934465,neutral,Low Coping,Low Anxiety,High Depression,Low Stress,5,1,1,0,"anxiety, depression, stress",
"I have diagnosed GAD and take meds for it. My family knows this but still acts very mixed, they see me as an aggressive person due to me getting angry from anxiety attacks and reaction to annoying sounds (misophonia). This is a reason why I stay in my university town for long periods of time, even before the pandemic.

I have barely been home for a whole 24 hours and they're already making me anxious and tired. My mun has mood swings and calls me entitled when I ask for simple things, or if I don't read he remind. No physical punishment but she explodes even as I ask softly for help with something.

My friend in my university city says she and her boyfriend would be staying there too and not go home bc it's safer so I could spend Christmas with them. I've gone home before due to the great anxiety I get from being here.

I have tried to be as kind as possible but it feels like they want to push me out and only want to show the bigger family or to friends that we are a close family.

I feel like this is a small reason as my family is well off and I have lived a spoiled childhood but now I'm living on my own and only on my own money.

Anyway I'm rambling because I'm conflicted. I want the simplicity and the comfort of friends who don't shut me out like my family does.

Is this one of the reasons that are too small to do something as drastic as move back to the comfort of my own apartment? 

No tldr sorry",5,i have diagnosed gad and take meds for it my family knows this but still acts very mixed they see me as an aggressive person due to me getting angry from anxiety attacks and reaction to annoying sounds misophonia this is a reason why i stay in my university town for long periods of time even before the pandemic i have barely been home for a whole  hours and theyre already making me anxious and tired my mun has mood swings and calls me entitled when i ask for simple things or if i dont read he remind no physical punishment but she explodes even as i ask softly for help with something my friend in my university city says she and her boyfriend would be staying there too and not go home bc its safer so i could spend christmas with them ive gone home before due to the great anxiety i get from being here i have tried to be as kind as possible but it feels like they want to push me out and only want to show the bigger family or to friends that we are a close family i feel like this is a small reason as my family is well off and i have lived a spoiled childhood but now im living on my own and only on my own money anyway im rambling because im conflicted i want the simplicity and the comfort of friends who dont shut me out like my family does is this one of the reasons that are too small to do something as drastic as move back to the comfort of my own apartment no tldr sorry,diagnosed gad take med family know still act mixed see aggressive person due getting angry anxiety attack reaction annoying sound misophonia reason stay university town long period time even pandemic barely home whole hour theyre already making anxious tired mun mood swing call entitled ask simple thing dont read remind physical punishment explodes even ask softly help something friend university city say boyfriend would staying go home bc safer could spend christmas ive gone home due great anxiety get tried kind possible feel like want push want show bigger family friend close family feel like small reason family well lived spoiled childhood im living money anyway im rambling im conflicted want simplicity comfort friend dont shut like family one reason small something drastic move back comfort apartment tldr sorry,0.9336,-0.05,-0.998493671,neutral,High Coping,High Anxiety,Low Depression,High Stress,1,1,0,0,"anxiety, depression",
"Hello,

I’m a 26 y/o male who has been dealing with generalized anxiety for the last 6-7 years, maybe 8 years..

I had a job recently in retail and was super proud of myself being able to support my family alongside my wife who works full time as well. I haven’t worked the past two years, as I was a stay at home dad and that benefited me because I was spending the days with my daughter and wife when she wasn’t working.

I started feeling off at work, I had about an hour left of my shift so I went to the bathroom and splashed some cold water on my face to make myself feel better, and I did make it through my shift. However, when walking to my car I ended up having a terrible panic attack to the point where I could not drive. I took one of my anxiety meds and eventually got enough courage to drive home (still feeling not the best) but powered through it.

Since that day I have not been able to be out of the house, especially if going to stores for groceries, shopping, etc. 

I was just in Target and today I have not felt well. I have had to take more of my anxiety meds than I have in a while, and still had to leave the store. So now, I get to feel off, tired from my meds and miserable.

I’m basically venting and I apologize for the long post, but living life this way and for the past years makes me feel worthless. I feel like a failure because I can’t provide for my family like I should. My wife is my unsung hero and best friend and understands what I’m going through, she also dea",5,hello i’m a  yo male who has been dealing with generalized anxiety for the last  years maybe  years i had a job recently in retail and was super proud of myself being able to support my family alongside my wife who works full time as well i haven’t worked the past two years as i was a stay at home dad and that benefited me because i was spending the days with my daughter and wife when she wasn’t working i started feeling off at work i had about an hour left of my shift so i went to the bathroom and splashed some cold water on my face to make myself feel better and i did make it through my shift however when walking to my car i ended up having a terrible panic attack to the point where i could not drive i took one of my anxiety meds and eventually got enough courage to drive home still feeling not the best but powered through it since that day i have not been able to be out of the house especially if going to stores for groceries shopping etc i was just in target and today i have not felt well i have had to take more of my anxiety meds than i have in a while and still had to leave the store so now i get to feel off tired from my meds and miserable i’m basically venting and i apologize for the long post but living life this way and for the past years makes me feel worthless i feel like a failure because i can’t provide for my family like i should my wife is my unsung hero and best friend and understands what i’m going through she also dea,hello ’ yo male dealing generalized anxiety last year maybe year job recently retail super proud able support family alongside wife work full time well ’ worked past two year stay home dad benefited spending day daughter wife ’ working started feeling work hour left shift went bathroom splashed cold water face make feel better make shift however walking car ended terrible panic attack point could drive took one anxiety med eventually got enough courage drive home still feeling best powered since day able house especially going store grocery shopping etc target today felt well take anxiety med still leave store get feel tired med miserable ’ basically venting apologize long post living life way past year make feel worthless feel like failure ’ provide family like wife unsung hero best friend understands ’ going also dea,0.9477,0.013768116,-0.995333374,neutral,High Coping,High Anxiety,Low Depression,High Stress,1,2,0,1,"anxiety, depression",panic attack; worthless
I have started a new sales job a few months ago. And has started triggering my anxiety pretty bad. I exercise and run most days of the week and it is still not helping enough. I have been meditating too and does not seem to help yet either. I have noticed after meditating I am more prone to feel my anxiety physical sensation with tension in head and stomach. It is best to accept these sensations and just keep on meditating. Or is it better to just try to make my self feel courage when I experience anxiety and these feelings? Advice is much appreciated,5,i have started a new sales job a few months ago and has started triggering my anxiety pretty bad i exercise and run most days of the week and it is still not helping enough i have been meditating too and does not seem to help yet either i have noticed after meditating i am more prone to feel my anxiety physical sensation with tension in head and stomach it is best to accept these sensations and just keep on meditating or is it better to just try to make my self feel courage when i experience anxiety and these feelings advice is much appreciated,started new sale job month ago started triggering anxiety pretty bad exercise run day week still helping enough meditating seem help yet either noticed meditating prone feel anxiety physical sensation tension head stomach best accept sensation keep meditating better try make self feel courage experience anxiety feeling advice much appreciated,0.9423,0.173295455,-0.977278411,positive coping,High Coping,High Anxiety,Low Depression,High Stress,0,0,0,0,unspecified,
"I think about killing myself before they fine me. I'm forced to go to school or work. I can't handle it anymore. I can't handle society. I can't stand other people. I just want to be alone for the rest of my life. I don't want to go to the living hell work/school culture is. It's a few months from now. I've been a shut-in now on/off for about 3 years, everytime I had been sent to school and finally found motivation, I dropped out a few months later because I don't show up. I've had enough.",5,i think about killing myself before they fine me im forced to go to school or work i cant handle it anymore i cant handle society i cant stand other people i just want to be alone for the rest of my life i dont want to go to the living hell workschool culture is its a few months from now ive been a shutin now onoff for about  years everytime i had been sent to school and finally found motivation i dropped out a few months later because i dont show up ive had enough,think killing fine im forced go school work cant handle anymore cant handle society cant stand people want alone rest life dont want go living hell workschool culture month ive shutin onoff year everytime sent school finally found motivation dropped month later dont show ive enough,-0.9051,0.023333333,-0.998508155,neutral,Low Coping,Low Anxiety,High Depression,Low Stress,0,0,0,0,unspecified,
"I'm a 17-year-old girl, nothing special really. I can't remember exactly when it started. Sometime in 2018, my depression has been, at least what I *think* is depression, on and off and getting worse as of recent. Maybe it's seasonal, I don't really know. I always have this constant feeling of heaviness inside, like a grey cloud that won't go away. My moods go from moderate to empty to extremely sad, and just as often as my feeling the thoughts and wanting to end my life come with them. I've lost motivation to do anything, nothing interests me anymore, I sleep way too much every day, and I always feel tired no matter how much sleep I get. It's also affected my moods greatly, I get irritated at the smallest things and it's caused some problems with my relationship with my parents and siblings...

I haven't told my parents *exactly* how I feel, just that I feel depressed, and I regret ever telling them. You see, my parents grew up in poor single mom households so they had to really toughen up to get by, especially my dad. I'm pretty sure he's bipolar, and I try and avoid him as much as I can. He always tells me to just be happy and to smile and that life isn't worth being sad over, but he says it in a very toxic manner. Toxic positivity you could say. When I came out to both my parents that I was depressed back in 2019, they brushed it off. I told them again months later, but then my dad decided to make fun of me and mock me for feeling depressed and that I needed to stop ""feeling sorry for myself"". He then continued to scare me into not getting any help because antidepressants would ""fuck me up big time"" and that I would end up like my cousin (who is on antidepressants and hasn't reacted well to them). More recently, I came out to my parents *again*, hoping that they would finally understand. I confronted my dad about his actions towards me and he apologized...up until a few days later he barged into my room screaming how he felt ""abused"" (due to me forgetting to take out the garbage that day), and started mocking me about my depression and how I was lazy as hell. His apology never meant anything. If you're wondering about my mom, she's been more ""understanding"" but hasn't done anything to help me until recently when it came down to me crying and begging her to get me diagnosed and get therapy. Even though she's more ""understanding"", she guilt-tripped me about how the way I've been feeling and how it affected the relationship between me and my family. I know the way I've been acting isn't the best, and I'm truly sorry for that, but it's not something I can control. By the way, she likes to guilt trip me, a *lot*.

Hopefully, I can get the help I need soon since we switched to a new insurance. I know that my mom will forget about it and I'll have to remind her constantly. Now that you have the context of what my parents are like, my main question is how do I deal with them and make them understand that I'm actually struggling a lot and I need their support? I'm afraid that even after, if, I get diagnosed/get therapy, my dad will still mock and make fun of me and my mom won't show me that she supports me. I'm so lost on this, so any advice is greatly appreciated.",5,im a yearold girl nothing special really i cant remember exactly when it started sometime in  my depression has been at least what i think is depression on and off and getting worse as of recent maybe its seasonal i dont really know i always have this constant feeling of heaviness inside like a grey cloud that wont go away my moods go from moderate to empty to extremely sad and just as often as my feeling the thoughts and wanting to end my life come with them ive lost motivation to do anything nothing interests me anymore i sleep way too much every day and i always feel tired no matter how much sleep i get its also affected my moods greatly i get irritated at the smallest things and its caused some problems with my relationship with my parents and siblings i havent told my parents exactly how i feel just that i feel depressed and i regret ever telling them you see my parents grew up in poor single mom households so they had to really toughen up to get by especially my dad im pretty sure hes bipolar and i try and avoid him as much as i can he always tells me to just be happy and to smile and that life isnt worth being sad over but he says it in a very toxic manner toxic positivity you could say when i came out to both my parents that i was depressed back in  they brushed it off i told them again months later but then my dad decided to make fun of me and mock me for feeling depressed and that i needed to stop feeling sorry for myself he then continued to scare me into not getting any help because antidepressants would fuck me up big time and that i would end up like my cousin who is on antidepressants and hasnt reacted well to them more recently i came out to my parents again hoping that they would finally understand i confronted my dad about his actions towards me and he apologizedup until a few days later he barged into my room screaming how he felt abused due to me forgetting to take out the garbage that day and started mocking me about my depression and how i was lazy as hell his apology never meant anything if youre wondering about my mom shes been more understanding but hasnt done anything to help me until recently when it came down to me crying and begging her to get me diagnosed and get therapy even though shes more understanding she guilttripped me about how the way ive been feeling and how it affected the relationship between me and my family i know the way ive been acting isnt the best and im truly sorry for that but its not something i can control by the way she likes to guilt trip me a lot hopefully i can get the help i need soon since we switched to a new insurance i know that my mom will forget about it and ill have to remind her constantly now that you have the context of what my parents are like my main question is how do i deal with them and make them understand that im actually struggling a lot and i need their support im afraid that even after if i get diagnosedget therapy my dad will still mock and make fun of me and my mom wont show me that she supports me im so lost on this so any advice is greatly appreciated,im yearold girl nothing special really cant remember exactly started sometime depression least think depression getting worse recent maybe seasonal dont really know always constant feeling heaviness inside like grey cloud wont go away mood go moderate empty extremely sad often feeling thought wanting end life come ive lost motivation anything nothing interest anymore sleep way much every day always feel tired matter much sleep get also affected mood greatly get irritated smallest thing caused problem relationship parent sibling havent told parent exactly feel feel depressed regret ever telling see parent grew poor single mom household really toughen get especially dad im pretty sure he bipolar try avoid much always tell happy smile life isnt worth sad say toxic manner toxic positivity could say came parent depressed back brushed told month later dad decided make fun mock feeling depressed needed stop feeling sorry continued scare getting help antidepressant would fuck big time would end like cousin antidepressant hasnt reacted well recently came parent hoping would finally understand confronted dad action towards apologizedup day later barged room screaming felt abused due forgetting take garbage day started mocking depression lazy hell apology never meant anything youre wondering mom shes understanding hasnt done anything help recently came cry begging get diagnosed get therapy even though shes understanding guilttripped way ive feeling affected relationship family know way ive acting isnt best im truly sorry something control way like guilt trip lot hopefully get help need soon since switched new insurance know mom forget ill remind constantly context parent like main question deal make understand im actually struggling lot need support im afraid even get diagnosedget therapy dad still mock make fun mom wont show support im lost advice greatly appreciated,-0.9943,0.030448011,-0.98909992,negative coping,Low Coping,Low Anxiety,High Depression,Low Stress,0,4,0,1,depression,
"I'm ending my 2020 as a loser. Haven't achieved anything this year and nothing good happened as well. No friends, no grades, no money. Spending the last day of 2020 in my home alone, typing this. Still hopeful things will get better next year, as I do year after year. Not gonna lie but I'm beginning to lose faith.

Anyone else with me?",5,im ending my  as a loser havent achieved anything this year and nothing good happened as well no friends no grades no money spending the last day of  in my home alone typing this still hopeful things will get better next year as i do year after year not gonna lie but im beginning to lose faith anyone else with me,im ending loser havent achieved anything year nothing good happened well friend grade money spending last day home alone typing still hopeful thing get better next year year year gon na lie im beginning lose faith anyone else,0.2216,0.3,-0.999009132,negative coping,Moderate Coping,Moderate Anxiety,Low Depression,Moderate Stress,0,0,0,0,unspecified,
Didn't think I was gonna make it to the end of this one. Keep fighting folk.,3,didnt think i was gonna make it to the end of this one keep fighting folk,didnt think gon na make end one keep fighting folk,-0.3612,0,-0.977114618,neutral,Low Coping,Low Anxiety,Moderate Depression,Low Stress,0,0,0,0,unspecified,
"and i can't change anything about it lol. it just hurts. i'm only 16 and the more i think about the future, the more depressed i get. people always ask about college or plans i have, and i never know what the fuck to say. i don't have anything planned out and i don't see the point of working for the majority of my life and then retiring. the world really is a terrible place, i miss being little and happy and not aware of how things really were.",4,and i cant change anything about it lol it just hurts im only  and the more i think about the future the more depressed i get people always ask about college or plans i have and i never know what the fuck to say i dont have anything planned out and i dont see the point of working for the majority of my life and then retiring the world really is a terrible place i miss being little and happy and not aware of how things really were,cant change anything lol hurt im think future depressed get people always ask college plan never know fuck say dont anything planned dont see point working majority life retiring world really terrible place miss little happy aware thing really,-0.7924,0.0578125,-0.996023178,neutral,Low Coping,Low Anxiety,High Depression,Low Stress,0,0,0,0,unspecified,
"Started lexapro a few weeks ago. And I went away to house and pet sit for a friend. For two weeks. I was so happy. No work, no commitments. Just walks, some socialising, and running with the dogs. 

I’m home again and the unbearable void is back. I can’t get out of bed. My mind is overwhelmed by thoughts of suicide. I was really excited to be feeling better but now it’s all gone downhill. 

I realise the first weeks on anti depressants can be rough. I’m just so sick of always having to “hang in there”",5,started lexapro a few weeks ago and i went away to house and pet sit for a friend for two weeks i was so happy no work no commitments just walks some socialising and running with the dogs i’m home again and the unbearable void is back i can’t get out of bed my mind is overwhelmed by thoughts of suicide i was really excited to be feeling better but now it’s all gone downhill i realise the first weeks on anti depressants can be rough i’m just so sick of always having to “hang in there”,started lexapro week ago went away house pet sit friend two week happy work commitment walk socialising running dog ’ home unbearable void back ’ get bed mind overwhelmed thought suicide really excited feeling better ’ gone downhill realise first week anti depressant rough ’ sick always “ hang ”,0.5625,0.158673469,-0.988840044,neutral,High Coping,High Anxiety,Low Depression,High Stress,0,0,1,0,stress,
"Like Three Days Grace, Linkin Park, ect. I used to listen to this type of music when I was a teenager just for the edgey sound. The words never really resonated with me. But now that I’ve gained the 90 pounds I worked so hard to lose back, shut myself in my house for 3 years, and found out my old best friend had been sexting my 60 year old mom/made her suck his dick, I can internally scream with these guys. They’ve been through drug addiction, horrible break ups, their entire life’s being destroyed. They know what depression feels like. The way they rage about it is the same way I do in my head. I don’t feel guilty for complaining when there’s other people who feel the same way. I don’t know if listening to this music all the time will make you more depressed, but for the moment it really does get things off my chest",4,like three days grace linkin park ect i used to listen to this type of music when i was a teenager just for the edgey sound the words never really resonated with me but now that i’ve gained the  pounds i worked so hard to lose back shut myself in my house for  years and found out my old best friend had been sexting my  year old mommade her suck his dick i can internally scream with these guys they’ve been through drug addiction horrible break ups their entire life’s being destroyed they know what depression feels like the way they rage about it is the same way i do in my head i don’t feel guilty for complaining when there’s other people who feel the same way i don’t know if listening to this music all the time will make you more depressed but for the moment it really does get things off my chest,like three day grace linkin park ect used listen type music teenager edgey sound word never really resonated ’ gained pound worked hard lose back shut house year found old best friend sexting year old mommade suck dick internally scream guy ’ drug addiction horrible break ups entire life ’ destroyed know depression feel like way rage way head ’ feel guilty complaining ’ people feel way ’ know listening music time make depressed moment really get thing chest,-0.9417,-0.007638889,-0.992953956,neutral,Low Coping,Low Anxiety,High Depression,Low Stress,0,0,0,0,unspecified,
"I haven't slept for the past 2 days. And if I did, it was 4 PM- 7PM. I have no motivation. Today I took a shower after 8 days of laying in bed doing nothing. Gross, right? I can't handle it. I have missing assignments and I feel I'm all over the place. I feel unloved, stupid, unwanted. I have no friends or social interaction in the real world.

And to this point, I want to be gone. Though, I am not suicidal, I will never be. Just, if I could easily snap my fingers and be nonexistent, I would. Everyone expects so much from me. More than I can handle. They think I'm like other people. I can't function anymore. I'm the ugliest person on this planet. And the sad part is, I find that I'm ugly inside and out. 

I try, I do. But my friends wind up leaving me. I don't know how to talk properly with out getting in a mood, and I can see that. I know it. But I can not control it. I'm a snob to my parents, they're disappointed in me. I never clean my room or do chores for that matter. I try my hardest with my grades. 4 B's and 2 A's.

I'm doing bad at life, my younger self would be disappointed. I haven't told anyone about this, because If I did, I'm scared of what they might think of me. I'm scared I'll never make it out of this. I don't know why I feel this way, but I feel nobody actually cares about what I feel. 

Many would say I'm just not getting the attention I want, but its quite the opposite. I need the attention others get. 

I'm sorry if this is too much of a rant, I just really want to get my feelings out there, hoping somebody actually cares.",5,i havent slept for the past  days and if i did it was  pm pm i have no motivation today i took a shower after  days of laying in bed doing nothing gross right i cant handle it i have missing assignments and i feel im all over the place i feel unloved stupid unwanted i have no friends or social interaction in the real world and to this point i want to be gone though i am not suicidal i will never be just if i could easily snap my fingers and be nonexistent i would everyone expects so much from me more than i can handle they think im like other people i cant function anymore im the ugliest person on this planet and the sad part is i find that im ugly inside and out i try i do but my friends wind up leaving me i dont know how to talk properly with out getting in a mood and i can see that i know it but i can not control it im a snob to my parents theyre disappointed in me i never clean my room or do chores for that matter i try my hardest with my grades  bs and  as im doing bad at life my younger self would be disappointed i havent told anyone about this because if i did im scared of what they might think of me im scared ill never make it out of this i dont know why i feel this way but i feel nobody actually cares about what i feel many would say im just not getting the attention i want but its quite the opposite i need the attention others get im sorry if this is too much of a rant i just really want to get my feelings out there hoping somebody actually cares,havent slept past day pm pm motivation today took shower day laying bed nothing gross right cant handle missing assignment feel im place feel unloved stupid unwanted friend social interaction real world point want gone though suicidal never could easily snap finger nonexistent would everyone expects much handle think im like people cant function anymore im ugliest person planet sad part find im ugly inside try friend wind leaving dont know talk properly getting mood see know control im snob parent theyre disappointed never clean room chore matter try hardest grade b im bad life younger self would disappointed havent told anyone im scared might think im scared ill never make dont know feel way feel nobody actually care feel many would say im getting attention want quite opposite need attention others get im sorry much rant really want get feeling hoping somebody actually care,-0.9726,-0.151238095,-0.998738229,positive coping,Low Coping,Low Anxiety,High Depression,Low Stress,0,1,0,1,depression,no motivation
"I know, I should probably seek counseling, and I fully intend to, but I am trying to self diagnose first. I also know a Google search will yield some answers, but I felt like letting this air out. It's a very, very lonely place to feel depressed when you're trying to maintain a facade together for everyone around you, and have been for decades.

At the most banal and superficial sense, I appear happy and successful. Good career, reasonably wealthy and debt free with an open path to semi-early retirement, with a wife and young child in a home in a nice neighborhood and a part time nanny to help. It could be PPD I suppose, but I haven't felt particularly ""happy"" for a long time, maybe ever. I just feel no love and affection for either of them - I think I used to feel what I could describe as love for my wife but I've just lost the joy completely in being with her, but I haven't outwardly shown that change. I have little to no emotion with my child, but because I generally have been able to do an incredible job masking my emotions, I play with my child all the time and cheerfully (outwardly) try to help out as much with the child-rearing as I can, while stifling any signs of apathy that I can. I feel nothing when I am with my child. No joy, yet no resentment either - it's just a job that I am trying my hardest to do well in.

I have loving extended family members that care for me and - again outwardly - I care for them. I drive them around (used to, of course - thanks COVID), run errands for them, buy them groceries in the midst of the pandemic etc. I think I would feel sadness for their sake if they passed away for sure, but I wouldn't feel that devastated if I never saw them again either. This honestly goes for my immediate family either - I would be very saddened for them if they were hurt or killed, but I don't know if I will really feel sad myself or miss them. Life will just go on.

Often times I do want to end myself, not because I'm particularly suffering, but because I just feel so little reward for what I am doing. So much of my life is just going through the motions of what I am supposed to do - work hard in school, get a good job, date a good girl, marry her and be a good husband, father a child and be a good parent. I experienced some feelings of happiness in the moment of all of these events, but little lasting joy. Of course, because it's an action I have to take meticulous planning to do, suicide is unlikely I ever go through with it. So much of my life was done and planned on focusing upon things I'm supposed to do, I have no idea how to really do something that I'm not supposed to, and that includes planning a suicide.

I have no real violent or malevolent tendencies and certainly derive no pleasure - mostly revulsion - to hurting other people. So, I am not really a danger to anyone but myself. I do not use drugs and rarely drink alcohol, and have never cheated on my wife. 

I have some interests and hobbies, but nothing I would call a passion. They distract the mind and keep me entertained, but I rarely am too excited about doing them. The only thing I have ever felt really excited and hopeful for was traveling to a new place and immersing myself in a completely different environment, if only for a few days.

No one in my entire life knows this side of me. Even as I type and feel this, I face a mirror and am able to fake the most sincere looking smile and satisfaction. 

I honestly do not know what next step to take. I think the feeling of numbness became particularly apparent that I have fewer distractions and just basically face my family all the time this year because of COVID - the need to fake it so often and all the time is wearing me down. If I had to choose a path for myself, I would probably elect to stay with my family and be the diligent husband, father and employee and live out the rest of my years. I would feel my existence though only serves its purpose for other people - and I mean no disrespect to actually charitable volunteers. 

I don't know what I have or what I am. I will make an appointment early in the new year to find out, but I just wanted to type this out and see what kind of response I get. Perhaps there is someone else like me who feels this way?  Perhaps someone else has known someone that experiences depression (which I think this is) this way? As in, not an active sadness, but a real disconnect and deep underlying apathy for life. 

Also, as if it wasn't obvious, this is a throwaway account, because like in real life, even on Reddit I maintain a sort of false persona where some friends know of my actual username. That account subscribes to a few subreddits discussing hobbies and interests of mine and I post frequently, but I consider them distractions more than actual passions.

Thanks for making it this far.",3,i know i should probably seek counseling and i fully intend to but i am trying to self diagnose first i also know a google search will yield some answers but i felt like letting this air out its a very very lonely place to feel depressed when youre trying to maintain a facade together for everyone around you and have been for decades at the most banal and superficial sense i appear happy and successful good career reasonably wealthy and debt free with an open path to semiearly retirement with a wife and young child in a home in a nice neighborhood and a part time nanny to help it could be ppd i suppose but i havent felt particularly happy for a long time maybe ever i just feel no love and affection for either of them  i think i used to feel what i could describe as love for my wife but ive just lost the joy completely in being with her but i havent outwardly shown that change i have little to no emotion with my child but because i generally have been able to do an incredible job masking my emotions i play with my child all the time and cheerfully outwardly try to help out as much with the childrearing as i can while stifling any signs of apathy that i can i feel nothing when i am with my child no joy yet no resentment either  its just a job that i am trying my hardest to do well in i have loving extended family members that care for me and  again outwardly  i care for them i drive them around used to of course  thanks covid run errands for them buy them groceries in the midst of the pandemic etc i think i would feel sadness for their sake if they passed away for sure but i wouldnt feel that devastated if i never saw them again either this honestly goes for my immediate family either  i would be very saddened for them if they were hurt or killed but i dont know if i will really feel sad myself or miss them life will just go on often times i do want to end myself not because im particularly suffering but because i just feel so little reward for what i am doing so much of my life is just going through the motions of what i am supposed to do  work hard in school get a good job date a good girl marry her and be a good husband father a child and be a good parent i experienced some feelings of happiness in the moment of all of these events but little lasting joy of course because its an action i have to take meticulous planning to do suicide is unlikely i ever go through with it so much of my life was done and planned on focusing upon things im supposed to do i have no idea how to really do something that im not supposed to and that includes planning a suicide i have no real violent or malevolent tendencies and certainly derive no pleasure  mostly revulsion  to hurting other people so i am not really a danger to anyone but myself i do not use drugs and rarely drink alcohol and have never cheated on my wife i have some interests and hobbies but nothing i would call a passion they distract the mind and keep me entertained but i rarely am too excited about doing them the only thing i have ever felt really excited and hopeful for was traveling to a new place and immersing myself in a completely different environment if only for a few days no one in my entire life knows this side of me even as i type and feel this i face a mirror and am able to fake the most sincere looking smile and satisfaction i honestly do not know what next step to take i think the feeling of numbness became particularly apparent that i have fewer distractions and just basically face my family all the time this year because of covid  the need to fake it so often and all the time is wearing me down if i had to choose a path for myself i would probably elect to stay with my family and be the diligent husband father and employee and live out the rest of my years i would feel my existence though only serves its purpose for other people  and i mean no disrespect to actually charitable volunteers i dont know what i have or what i am i will make an appointment early in the new year to find out but i just wanted to type this out and see what kind of response i get perhaps there is someone else like me who feels this way perhaps someone else has known someone that experiences depression which i think this is this way as in not an active sadness but a real disconnect and deep underlying apathy for life also as if it wasnt obvious this is a throwaway account because like in real life even on reddit i maintain a sort of false persona where some friends know of my actual username that account subscribes to a few subreddits discussing hobbies and interests of mine and i post frequently but i consider them distractions more than actual passions thanks for making it this far,know probably seek counseling fully intend trying self diagnose first also know google search yield answer felt like letting air lonely place feel depressed youre trying maintain facade together everyone around decade banal superficial sense appear happy successful good career reasonably wealthy debt free open path semiearly retirement wife young child home nice neighborhood part time nanny help could ppd suppose havent felt particularly happy long time maybe ever feel love affection either think used feel could describe love wife ive lost joy completely havent outwardly shown change little emotion child generally able incredible job masking emotion play child time cheerfully outwardly try help much childrearing stifling sign apathy feel nothing child joy yet resentment either job trying hardest well loving extended family member care outwardly care drive around used course thanks covid run errand buy grocery midst pandemic etc think would feel sadness sake passed away sure wouldnt feel devastated never saw either honestly go immediate family either would saddened hurt killed dont know really feel sad miss life go often time want end im particularly suffering feel little reward much life going motion supposed work hard school get good job date good girl marry good husband father child good parent experienced feeling happiness moment event little lasting joy course action take meticulous planning suicide unlikely ever go much life done planned focusing upon thing im supposed idea really something im supposed includes planning suicide real violent malevolent tendency certainly derive pleasure mostly revulsion hurting people really danger anyone use drug rarely drink alcohol never cheated wife interest hobby nothing would call passion distract mind keep entertained rarely excited thing ever felt really excited hopeful traveling new place immersing completely different environment day one entire life know side even type feel face mirror able fake sincere looking smile satisfaction honestly know next step take think feeling numbness became particularly apparent fewer distraction basically face family time year covid need fake often time wearing choose path would probably elect stay family diligent husband father employee live rest year would feel existence though serf purpose people mean disrespect actually charitable volunteer dont know make appointment early new year find wanted type see kind response get perhaps someone else like feel way perhaps someone else known someone experience depression think way active sadness real disconnect deep underlying apathy life also wasnt obvious throwaway account like real life even reddit maintain sort false persona friend know actual username account subscribes subreddits discussing hobby interest mine post frequently consider distraction actual passion thanks making far,0.9925,0.223095753,-0.990466356,neutral,High Coping,High Anxiety,Low Depression,High Stress,0,1,0,0,depression,numb
"I'd like to start this off by saying that I have some great friends which have been as supportive as they can. Having said that, I've been struggling with depression for as long as I can remember. This manifests itself in a cycle consisted of periods of productivity followed by periods of crippling depression, where much of the progress previously made is unraveled. Every time I find myself in the midst of a depressive episode I reach out to friends/therapists or develop new coping mechanisms to drag myself back to a semblance of normalcy. Within the last two years, however, I've found myself in a new country with many of my previous coping mechanisms now dismantled. The duration of my 'up' periods is gradually getting shorter and the effort to get out of my 'down' period is getting larger. As it gets more difficult to pick myself back up again, I've noticed my friends getting more and more distant. Finally, it's become too difficult for my friends to try to force me out of my depressive hole as I just fall right back in again. I feel like everyone is giving up on me and the darkness is closing in. I'm tired of trying over and over again only to find myself in the same place again, only with a darker back light. I will never be ok.",4,id like to start this off by saying that i have some great friends which have been as supportive as they can having said that ive been struggling with depression for as long as i can remember this manifests itself in a cycle consisted of periods of productivity followed by periods of crippling depression where much of the progress previously made is unraveled every time i find myself in the midst of a depressive episode i reach out to friendstherapists or develop new coping mechanisms to drag myself back to a semblance of normalcy within the last two years however ive found myself in a new country with many of my previous coping mechanisms now dismantled the duration of my up periods is gradually getting shorter and the effort to get out of my down period is getting larger as it gets more difficult to pick myself back up again ive noticed my friends getting more and more distant finally its become too difficult for my friends to try to force me out of my depressive hole as i just fall right back in again i feel like everyone is giving up on me and the darkness is closing in im tired of trying over and over again only to find myself in the same place again only with a darker back light i will never be ok,id like start saying great friend supportive said ive struggling depression long remember manifest cycle consisted period productivity followed period crippling depression much progress previously made unraveled every time find midst depressive episode reach friendstherapists develop new coping mechanism drag back semblance normalcy within last two year however ive found new country many previous coping mechanism dismantled duration period gradually getting shorter effort get period getting larger get difficult pick back ive noticed friend getting distant finally become difficult friend try force depressive hole fall right back feel like everyone giving darkness closing im tired trying find place darker back light never ok,-0.2235,0.030212843,-0.995599747,neutral,Low Coping,Low Anxiety,Moderate Depression,Low Stress,0,1,0,0,depression,
"My issues with mental health can usually be traced to a female. I do not know why my happiness/self worth has to be derived from others. I’m an only child, have a successful career, do dope stuff all across the US and the world (pre-covid) yet I can rarely ever be happy when I’m alone. Which is truly sad because I am alone a lot. 

I doubt many will read this. And those who do will likely not care. But I found myself in a familiar situation over the holidays. 

I have had a thing with this girl for a very long time. We get along great together. We seem to get one another. We laugh. We dance. We express our true selves to one another, blemishes and all. I have honestly ended other relationships with great women because they don’t do it like this one girl can. They don’t scratch that part of my brain I cannot itch. Alas, there is a problem. She is the sister of my best friend. 

We have been intermittently romantic/sexual numerous of times. And as the days fade away, she always just says she wants to remain friends. That the complexity of the situation scares her. To which I am understanding. I don’t want to jeopardize what I have with her brother. He is truly my best friend. So the situation is less than ideal. 

Routinely I just go on with my life, find another mountain to claim or girl to relieve my sorrows. But I think this time is different. Over Xmas we hooked up, again. We were both wildly intoxicated. In the moment it felt right, perfect. She had just told me a week prior she wanted to be friends. Come the morning after it was awkward. She was cold, distant. Then a day later she made it known again that Xmas was a mistake. That she wanted to remain only friends. I was/am devastated. 

This brings me back to how this time I think it’s different. I feel more sad than usual about the situation. I feel broken. I’m so sad. I’m ready to just give up on a relationship and remain content with only myself. I think she may be the one for me but if we cannot be together all others will not suffice. 

I am trying to look at the positives. She’s great and we can remain close, but maybe not as a couple. But I long for that. Though I do realize I could be just romanticizing the possibilities. She knows how I feel but my fear of driving her further away prevents me with speaking my whole truth. 

Anyway, thanks for listening. I hope things improve for me. And if you’re visiting this sub, I hope things improve for you too. Bye.",3,my issues with mental health can usually be traced to a female i do not know why my happinessself worth has to be derived from others i’m an only child have a successful career do dope stuff all across the us and the world precovid yet i can rarely ever be happy when i’m alone which is truly sad because i am alone a lot i doubt many will read this and those who do will likely not care but i found myself in a familiar situation over the holidays i have had a thing with this girl for a very long time we get along great together we seem to get one another we laugh we dance we express our true selves to one another blemishes and all i have honestly ended other relationships with great women because they don’t do it like this one girl can they don’t scratch that part of my brain i cannot itch alas there is a problem she is the sister of my best friend we have been intermittently romanticsexual numerous of times and as the days fade away she always just says she wants to remain friends that the complexity of the situation scares her to which i am understanding i don’t want to jeopardize what i have with her brother he is truly my best friend so the situation is less than ideal routinely i just go on with my life find another mountain to claim or girl to relieve my sorrows but i think this time is different over xmas we hooked up again we were both wildly intoxicated in the moment it felt right perfect she had just told me a week prior she wanted to be friends come the morning after it was awkward she was cold distant then a day later she made it known again that xmas was a mistake that she wanted to remain only friends i wasam devastated this brings me back to how this time i think it’s different i feel more sad than usual about the situation i feel broken i’m so sad i’m ready to just give up on a relationship and remain content with only myself i think she may be the one for me but if we cannot be together all others will not suffice i am trying to look at the positives she’s great and we can remain close but maybe not as a couple but i long for that though i do realize i could be just romanticizing the possibilities she knows how i feel but my fear of driving her further away prevents me with speaking my whole truth anyway thanks for listening i hope things improve for me and if you’re visiting this sub i hope things improve for you too bye,issue mental health usually traced female know happinessself worth derived others ’ child successful career dope stuff across u world precovid yet rarely ever happy ’ alone truly sad alone lot doubt many read likely care found familiar situation holiday thing girl long time get along great together seem get one another laugh dance express true self one another blemish honestly ended relationship great woman ’ like one girl ’ scratch part brain itch ala problem sister best friend intermittently romanticsexual numerous time day fade away always say want remain friend complexity situation scare understanding ’ want jeopardize brother truly best friend situation less ideal routinely go life find another mountain claim girl relieve sorrow think time different xmas hooked wildly intoxicated moment felt right perfect told week prior wanted friend come morning awkward cold distant day later made known xmas mistake wanted remain friend wasam devastated brings back time think ’ different feel sad usual situation feel broken ’ sad ’ ready give relationship remain content think may one together others suffice trying look positive ’ great remain close maybe couple long though realize could romanticizing possibility know feel fear driving away prevents speaking whole truth anyway thanks listening hope thing improve ’ visiting sub hope thing improve bye,0.9958,0.179565589,-0.952022374,neutral,High Coping,High Anxiety,Low Depression,High Stress,1,3,0,0,"anxiety, depression",
"So I'm a dude and I'm 21 , this year has been horrible but not cause of the pandemic. It's because for the first time in 5 years I met someone. I don't have much friends or family who care. For the first time in a very long time I was taking to someone who lived literally 30 seconds away from me. I finally felt good about myself and starting feeling so much better, like I was wanted by someone finally. As soon as it started , it ended. She came over a few weeks before thanksgiving and kissed me before leaving and never spoke to me again. I've been in a ditch and felt worthless, all of a sudden , someone said they cared and that they liked me after it happened and I trusted them and they left too. I don't know what to do anymore. I've been the odd one out my entire life and all I want is too be accepted and loved by somebody for once. I just don't know what to do anymore.",4,so im a dude and im   this year has been horrible but not cause of the pandemic its because for the first time in  years i met someone i dont have much friends or family who care for the first time in a very long time i was taking to someone who lived literally  seconds away from me i finally felt good about myself and starting feeling so much better like i was wanted by someone finally as soon as it started  it ended she came over a few weeks before thanksgiving and kissed me before leaving and never spoke to me again ive been in a ditch and felt worthless all of a sudden  someone said they cared and that they liked me after it happened and i trusted them and they left too i dont know what to do anymore ive been the odd one out my entire life and all i want is too be accepted and loved by somebody for once i just dont know what to do anymore,im dude im year horrible cause pandemic first time year met someone dont much friend family care first time long time taking someone lived literally second away finally felt good starting feeling much better like wanted someone finally soon started ended came week thanksgiving kissed leaving never spoke ive ditch felt worthless sudden someone said cared liked happened trusted left dont know anymore ive odd one entire life want accepted loved somebody dont know anymore,0.9536,0.065740741,-0.997689247,neutral,High Coping,High Anxiety,Low Depression,High Stress,0,1,0,1,depression,worthless
"This is a vent, so it' OK if no one replies or even reads it but I do need it for the sake of staying relatively sane.

There was a series of events that had caused a stroke and PTSD in me. Nevermind what happened, it's enough to say it's definitely not a fond memory.

So we have New Year's Eve after a year of getting myself together again, I can even say that I'm quite happy thanks to a soulmate (you know who you are if you're reading this :). And then ""boom!"" - a person not directly responsible for subject trauma then but guilty of neglect (didn't do anything to help while fully aware what was happening) suddenly calls me up to wish me a fuckin happy new fuckin year and ask to meet and talk of ""good old times"".

Fuck it, I metaphorically killed the person that I was at the time (attempted it physically but now glad that it didn't work), why the fuck resurrect her?! They are not fuckin good old times, I got rid of any reminders of that time and changed my life completely. That person is fuckin dead and I want her to stay that way. I will not let them ruin my effort to get well just bec they suddenly felt nostalgic. I can talk about it, but not with someone who is responsible for those events!

[end of vent - feeling relieved, thank you]",4,this is a vent so it ok if no one replies or even reads it but i do need it for the sake of staying relatively sane there was a series of events that had caused a stroke and ptsd in me nevermind what happened its enough to say its definitely not a fond memory so we have new years eve after a year of getting myself together again i can even say that im quite happy thanks to a soulmate you know who you are if youre reading this  and then boom  a person not directly responsible for subject trauma then but guilty of neglect didnt do anything to help while fully aware what was happening suddenly calls me up to wish me a fuckin happy new fuckin year and ask to meet and talk of good old times fuck it i metaphorically killed the person that i was at the time attempted it physically but now glad that it didnt work why the fuck resurrect her they are not fuckin good old times i got rid of any reminders of that time and changed my life completely that person is fuckin dead and i want her to stay that way i will not let them ruin my effort to get well just bec they suddenly felt nostalgic i can talk about it but not with someone who is responsible for those events end of vent  feeling relieved thank you,vent ok one reply even read need sake staying relatively sane series event caused stroke ptsd nevermind happened enough say definitely fond memory new year eve year getting together even say im quite happy thanks soulmate know youre reading boom person directly responsible subject trauma guilty neglect didnt anything help fully aware happening suddenly call wish fuckin happy new fuckin year ask meet talk good old time fuck metaphorically killed person time attempted physically glad didnt work fuck resurrect fuckin good old time got rid reminder time changed life completely person fuckin dead want stay way let ruin effort get well bec suddenly felt nostalgic talk someone responsible event end vent feeling relieved thank,0.9645,0.11318743,-0.836380541,neutral,High Coping,High Anxiety,Low Depression,High Stress,0,0,0,0,unspecified,
"All of my hobbies are rendered to just pass times to keep me busy. I keep spending money on things I don't need because I think it will help and it never does. I can't even say that I'm genuinely happy during the scant moments I spend time with friends. Everything feels stagnant and neutral if not outright miserable. It might not be a ground-breaking realization to come to when in the throes of depression, but I miss those moments of unabashed joy. In any context, I miss being happy. I really do.",4,all of my hobbies are rendered to just pass times to keep me busy i keep spending money on things i dont need because i think it will help and it never does i cant even say that im genuinely happy during the scant moments i spend time with friends everything feels stagnant and neutral if not outright miserable it might not be a groundbreaking realization to come to when in the throes of depression but i miss those moments of unabashed joy in any context i miss being happy i really do,hobby rendered pas time keep busy keep spending money thing dont need think help never cant even say im genuinely happy scant moment spend time friend everything feel stagnant neutral outright miserable might groundbreaking realization come throe depression miss moment unabashed joy context miss happy really,0.6177,0.283333333,-0.998347044,neutral,High Coping,High Anxiety,Low Depression,High Stress,0,0,0,0,unspecified,
"This has been a terrible year for all of us. The worst for me too as I had 2 suicide attempts. Have spent last 2 years of my life terribly. Depression, Anxiety, Self-harm, Overthinking which also resulted into failing in my last semester in April. But I completed my undergraduate 2 months ago giving the remedial exam. And now for past 1-1.5 months, I have been more productive than ever, being able to focus on my fitness, finally realised who my best friends are after spending my last 4-5 years as a loner, no panic attacks for past 2.5 months. My medicines are about to get over as I am about to have my last counselling session in few days. I still fear one thing that this phase of my life won't return again. But I will be able to tackle it if it returns. Thanks to this and other related subreddit whenever i seeked help using my multiple throwaway accounts. I hope you guys overcome it too. Virtual hugs to everyone struggling and who needs it.",2,this has been a terrible year for all of us the worst for me too as i had  suicide attempts have spent last  years of my life terribly depression anxiety selfharm overthinking which also resulted into failing in my last semester in april but i completed my undergraduate  months ago giving the remedial exam and now for past  months i have been more productive than ever being able to focus on my fitness finally realised who my best friends are after spending my last  years as a loner no panic attacks for past  months my medicines are about to get over as i am about to have my last counselling session in few days i still fear one thing that this phase of my life wont return again but i will be able to tackle it if it returns thanks to this and other related subreddit whenever i seeked help using my multiple throwaway accounts i hope you guys overcome it too virtual hugs to everyone struggling and who needs it,terrible year u worst suicide attempt spent last year life terribly depression anxiety selfharm overthinking also resulted failing last semester april completed undergraduate month ago giving remedial exam past month productive ever able focus fitness finally realised best friend spending last year loner panic attack past month medicine get last counselling session day still fear one thing phase life wont return able tackle return thanks related subreddit whenever seeked help using multiple throwaway account hope guy overcome virtual hug everyone struggling need,-0.9451,-0.082352941,-0.991463363,neutral,Low Coping,Low Anxiety,High Depression,Low Stress,2,0,0,0,anxiety,panic attack
Wife house kids business money respect of people.i screwed up and lost it all. The only thing I can do now is work minimum wage and know people are secretly happy I failed. I don’t see how anybody could sink so low and work awful jobs knowing they once had everything and it’s their own fault. Without the money there’s no more woman. Why wouldn’t I kill myself? I’m I really supposed to live another 30 years living a ruined life waking up everyday thinking about how I ruined it.,4,wife house kids business money respect of peoplei screwed up and lost it all the only thing i can do now is work minimum wage and know people are secretly happy i failed i don’t see how anybody could sink so low and work awful jobs knowing they once had everything and it’s their own fault without the money there’s no more woman why wouldn’t i kill myself i’m i really supposed to live another  years living a ruined life waking up everyday thinking about how i ruined it,wife house kid business money respect peoplei screwed lost thing work minimum wage know people secretly happy failed ’ see anybody could sink low work awful job knowing everything ’ fault without money ’ woman ’ kill ’ really supposed live another year living ruined life waking everyday thinking ruined,-0.9623,-0.080519481,-0.999224305,neutral,Low Coping,Low Anxiety,High Depression,Low Stress,0,0,0,0,unspecified,
I think about killing myself everyday because my ex doesn’t love me and it’s been over a year a half. I spend every night with him and it’s hurting me every night. We cuddle and give each other little kisses on the cheeks and stuff but I know he doesn’t want to do stuff anytime he asks me to go my house I think about kms and I know it’s wrong I don’t tell him anything thought because I don’t want to burden him and it’s not his fault. I feel like quitting my job everyday and just ending it because what’s the point.... I don’t know how I got to this point I don’t know what to do I don’t have insurance so idk if I can go see a therapist I don’t have a relationship with my dad and with my mom it’s on the edge I want my ex to love me and get back together with me so bad I feel like one day I’m just gonna give up and do it but I don’t have the guts to do I have to just wait until the day I finally get the courage or love with this for the rest of my life.,5,i think about killing myself everyday because my ex doesn’t love me and it’s been over a year a half i spend every night with him and it’s hurting me every night we cuddle and give each other little kisses on the cheeks and stuff but i know he doesn’t want to do stuff anytime he asks me to go my house i think about kms and i know it’s wrong i don’t tell him anything thought because i don’t want to burden him and it’s not his fault i feel like quitting my job everyday and just ending it because what’s the point i don’t know how i got to this point i don’t know what to do i don’t have insurance so idk if i can go see a therapist i don’t have a relationship with my dad and with my mom it’s on the edge i want my ex to love me and get back together with me so bad i feel like one day i’m just gonna give up and do it but i don’t have the guts to do i have to just wait until the day i finally get the courage or love with this for the rest of my life,think killing everyday ex ’ love ’ year half spend every night ’ hurting every night cuddle give little kiss cheek stuff know ’ want stuff anytime asks go house think km know ’ wrong ’ tell anything thought ’ want burden ’ fault feel like quitting job everyday ending ’ point ’ know got point ’ know ’ insurance idk go see therapist ’ relationship dad mom ’ edge want ex love get back together bad feel like one day ’ gon na give ’ gut wait day finally get courage love rest life,0.6712,-0.041287879,-0.99674207,neutral,High Coping,High Anxiety,Low Depression,High Stress,0,0,0,0,unspecified,
"I’m going to end my life once my parents are gone. My dad only has a few years left, and my mom probably about 7. So I have time to slowly end all my relationships. Then just walk off into the wild and die. I’ve thought about it for a few years but now I’m sure. And I’m happy with this decision, so at least I can enjoy a few years of my life.",5,i’m going to end my life once my parents are gone my dad only has a few years left and my mom probably about  so i have time to slowly end all my relationships then just walk off into the wild and die i’ve thought about it for a few years but now i’m sure and i’m happy with this decision so at least i can enjoy a few years of my life,’ going end life parent gone dad year left mom probably time slowly end relationship walk wild die ’ thought year ’ sure ’ happy decision least enjoy year life,-0.1351,0.171428571,-0.98815757,neutral,Low Coping,Low Anxiety,Moderate Depression,Low Stress,0,0,0,0,unspecified,
"I still think about him every day. How he went, how he hung himself from the basement ceiling. How he must of suffocated slowly and painfully. I wonder if he struggled, if he tried to undo the rope but couldn't. I didn't see his body till it was prepared and in the casket, my moms the one who found him. I keep imagining myself, hanging. I think I wouldn't make a very pretty corpse. I think if I hung myself I would do it so it snapped my neck rather than suffocate but I dont have the guts to make the drop in the first place. Maybe I will someday, if I do then I'll make sure my mom doesn't find my body like she did for my brother. I think about him alot, even though we grew distant. He had so many people that loved him and supported him. So many people came to see him off. I wonder if someone like that can kill themselves, where does that leave me, when I have nothing and no one? I wish I could let go. I wish I wasn't scared.",5,i still think about him every day how he went how he hung himself from the basement ceiling how he must of suffocated slowly and painfully i wonder if he struggled if he tried to undo the rope but couldnt i didnt see his body till it was prepared and in the casket my moms the one who found him i keep imagining myself hanging i think i wouldnt make a very pretty corpse i think if i hung myself i would do it so it snapped my neck rather than suffocate but i dont have the guts to make the drop in the first place maybe i will someday if i do then ill make sure my mom doesnt find my body like she did for my brother i think about him alot even though we grew distant he had so many people that loved him and supported him so many people came to see him off i wonder if someone like that can kill themselves where does that leave me when i have nothing and no one i wish i could let go i wish i wasnt scared,still think every day went hung basement ceiling must suffocated slowly painfully wonder struggled tried undo rope couldnt didnt see body till prepared casket mom one found keep imagining hanging think wouldnt make pretty corpse think hung would snapped neck rather suffocate dont gut make drop first place maybe someday ill make sure mom doesnt find body like brother think alot even though grew distant many people loved supported many people came see wonder someone like kill leave nothing one wish could let go wish wasnt scared,0.0829,0.155555556,-0.991748214,neutral,Moderate Coping,Moderate Anxiety,Low Depression,Moderate Stress,0,0,0,0,unspecified,
"I feel so hopeless and so alone and where there should be something there’s nothing. I want everything to stop but it never will and I will never be happy.

I’m so tired of trying for nothing.",5,i feel so hopeless and so alone and where there should be something there’s nothing i want everything to stop but it never will and i will never be happy i’m so tired of trying for nothing,feel hopeless alone something ’ nothing want everything stop never never happy ’ tired trying nothing,0.1407,-0.4,-0.998995006,negative coping,Moderate Coping,Moderate Anxiety,Low Depression,Moderate Stress,0,2,0,1,depression,
"Hey, how's it going? To me isn't that great...

To summarize: I lost my job and my grandfather died in the same week. I live in another country with my parents, so part of the money I got from work I sent it to my grandpa's funeral. The catch is that the family did almost nothing for him.

 His body stayed in the house alone for nearly 5 hours or so, they're too lazy to step up and find a doctor. They said the hospital was closed, but my brother there went to the other entrance and found a doctor; my family's too damn stupid to not look around the corner.

Only two uncles, a cousin and my brother were there to bury him because I don't know what in hell the rest of the family were doing. I know that a week later my grandma and aunts were all sharped dressed acting nothing happened at all, smiling and partying like it's sunday...

My anger was such that I assumed that they died for me. They can assume I was buried with my grandpa.  They used the cash I worked for (we're gonna talk about my job in a minute)  on themselves. It's been two weeks and I still don't know what's the name of the cementery he was buried.

I was a waiter, that also worked as cashier, that also worked as cleaner, that also worked as deliveryman and on top of that I was a translator between the boss and the kitchen. I was under a lot of stress and panic attacks were usual. The waiters know what's up. 

The thing is that I got fired in a week. I nearly made 80 dollars. I sent like 20 dollars for the funeral and I can swear that none of that money was used on him. The rest I used it to buy rum and help with the electricity bill. 

I feel like shit, especially because I risked a lot, risked my ass arriving at dangerous hours to get home, sleep and then go back to work and got some nice panic attacks for that job to be used for hair dye and nails. I consider myself someone positive but it's hard to see the good here.

I've never felt so loveless, so abandoned, lonely, desperate, needy and angry in my whole life. I can't even spend time doing stuff outside because has beem raining for two weeks straight and it seems it's gonna be like that for a long time. I can't go on my bike because of that, and the bike helped me so much

I just want to be truly loved... my mom and dad are aware of this monstrosity, my mom is on my side. My dad not so much, maybe he's not done processing this or something. My brother is far away, and I only have family friends that are like family, but still feels disconnected. 

I can't see how this is good, or how it can get better. And religion is a good joke to me, Jesus wouldn't even know what to do neither. I don't have that ability to feel loved just because someone told them to do so.

 I've been hurt for a while now that I've become a shell, a rock. Incapable of crying. Just expressing myself through words...

Sorry if this is way too much, but I'm tired of asking for help, because I don't even know how could I use some help",5,hey hows it going to me isnt that great to summarize i lost my job and my grandfather died in the same week i live in another country with my parents so part of the money i got from work i sent it to my grandpas funeral the catch is that the family did almost nothing for him his body stayed in the house alone for nearly  hours or so theyre too lazy to step up and find a doctor they said the hospital was closed but my brother there went to the other entrance and found a doctor my familys too damn stupid to not look around the corner only two uncles a cousin and my brother were there to bury him because i dont know what in hell the rest of the family were doing i know that a week later my grandma and aunts were all sharped dressed acting nothing happened at all smiling and partying like its sunday my anger was such that i assumed that they died for me they can assume i was buried with my grandpa they used the cash i worked for were gonna talk about my job in a minute on themselves its been two weeks and i still dont know whats the name of the cementery he was buried i was a waiter that also worked as cashier that also worked as cleaner that also worked as deliveryman and on top of that i was a translator between the boss and the kitchen i was under a lot of stress and panic attacks were usual the waiters know whats up the thing is that i got fired in a week i nearly made  dollars i sent like  dollars for the funeral and i can swear that none of that money was used on him the rest i used it to buy rum and help with the electricity bill i feel like shit especially because i risked a lot risked my ass arriving at dangerous hours to get home sleep and then go back to work and got some nice panic attacks for that job to be used for hair dye and nails i consider myself someone positive but its hard to see the good here ive never felt so loveless so abandoned lonely desperate needy and angry in my whole life i cant even spend time doing stuff outside because has beem raining for two weeks straight and it seems its gonna be like that for a long time i cant go on my bike because of that and the bike helped me so much i just want to be truly loved my mom and dad are aware of this monstrosity my mom is on my side my dad not so much maybe hes not done processing this or something my brother is far away and i only have family friends that are like family but still feels disconnected i cant see how this is good or how it can get better and religion is a good joke to me jesus wouldnt even know what to do neither i dont have that ability to feel loved just because someone told them to do so ive been hurt for a while now that ive become a shell a rock incapable of crying just expressing myself through words sorry if this is way too much but im tired of asking for help because i dont even know how could i use some help,hey hows going isnt great summarize lost job grandfather died week live another country parent part money got work sent grandpa funeral catch family almost nothing body stayed house alone nearly hour theyre lazy step find doctor said hospital closed brother went entrance found doctor family damn stupid look around corner two uncle cousin brother bury dont know hell rest family know week later grandma aunt sharped dressed acting nothing happened smiling partying like sunday anger assumed died assume buried grandpa used cash worked gon na talk job minute two week still dont know whats name cementery buried waiter also worked cashier also worked cleaner also worked deliveryman top translator bos kitchen lot stress panic attack usual waiter know whats thing got fired week nearly made dollar sent like dollar funeral swear none money used rest used buy rum help electricity bill feel like shit especially risked lot risked as arriving dangerous hour get home sleep go back work got nice panic attack job used hair dye nail consider someone positive hard see good ive never felt loveless abandoned lonely desperate needy angry whole life cant even spend time stuff outside beem raining two week straight seems gon na like long time cant go bike bike helped much want truly loved mom dad aware monstrosity mom side dad much maybe he done processing something brother far away family friend like family still feel disconnected cant see good get better religion good joke jesus wouldnt even know neither dont ability feel loved someone told ive hurt ive become shell rock incapable cry expressing word sorry way much im tired asking help dont even know could use help,-0.9852,0.059788676,-0.99785006,negative coping,Low Coping,Low Anxiety,High Depression,Low Stress,2,2,1,0,"anxiety, depression, stress",panic attack
"Hey everyone, needed a suggestion on the best online psychologist ? I (26M) really cant go on life like this and I need help. Screwed things up with my best friend (26F) who I considered a sister, became a toxic friend.   


Its been 1.5 years and still to this day it hurts and there is so much regret. I puke in the morning sometimes because of the pain. I cant eat and lost 50 pounds and now im anorexic. I drink for breakfast and its starting to take over my life.   


Please give me some good suggestions of where I can seek help? Thank you.",5,hey everyone needed a suggestion on the best online psychologist  i m really cant go on life like this and i need help screwed things up with my best friend f who i considered a sister became a toxic friend its been  years and still to this day it hurts and there is so much regret i puke in the morning sometimes because of the pain i cant eat and lost  pounds and now im anorexic i drink for breakfast and its starting to take over my life please give me some good suggestions of where i can seek help thank you,hey everyone needed suggestion best online psychologist really cant go life like need help screwed thing best friend f considered sister became toxic friend year still day hurt much regret puke morning sometimes pain cant eat lost pound im anorexic drink breakfast starting take life please give good suggestion seek help thank,0.8922,0.516666667,-0.987164617,neutral,High Coping,High Anxiety,Low Depression,High Stress,0,0,0,0,unspecified,
"My first real and my only friend honestly doesn't care about me.  Every time I try to talk to her she literally interrupts me to talk about herself or one of the boys she likes.  That's, and I'm not kidding, about 90% of what we talk about.  Is just her ex, or one of the boys she's talking to, or just about her dating life in general.  I don't talk about myself too terribly often and every time I have, it's literal interruption mid sentence to change the subject.  I know I'm bad at talking, and I'm boring and can't form sentences great, but I thought we were friends?  It's hard for me to blame her but it hurts a lot.  

I got her a few things for Christmas.  I didn't spend much I'll admit, but it was some nice things I already had for gifts.  Quite a few things, because she's my best friend.  She didn't get me anything.  

My other friend, I'm not even sure if we're friends.  I consider them to be my second best friend after Jennifer, but I'm pretty sure I'm just kinda 'there' for them.  I have a huge crush on them, but they've kinda friend zoned me, if even that.  

 I feel so fucking alone.  No one actually enjoys my company, no one actually likes me, no one can stand to be around me.  I chase everyone away.  I'm the most unlikable person I've ever met.  I want someone to like me the way I like them, love me the same way I love them.  How do I find that?  I have so much love to give.",4,my first real and my only friend honestly doesnt care about me every time i try to talk to her she literally interrupts me to talk about herself or one of the boys she likes thats and im not kidding about  of what we talk about is just her ex or one of the boys shes talking to or just about her dating life in general i dont talk about myself too terribly often and every time i have its literal interruption mid sentence to change the subject i know im bad at talking and im boring and cant form sentences great but i thought we were friends its hard for me to blame her but it hurts a lot i got her a few things for christmas i didnt spend much ill admit but it was some nice things i already had for gifts quite a few things because shes my best friend she didnt get me anything my other friend im not even sure if were friends i consider them to be my second best friend after jennifer but im pretty sure im just kinda there for them i have a huge crush on them but theyve kinda friend zoned me if even that i feel so fucking alone no one actually enjoys my company no one actually likes me no one can stand to be around me i chase everyone away im the most unlikable person ive ever met i want someone to like me the way i like them love me the same way i love them how do i find that i have so much love to give,first real friend honestly doesnt care every time try talk literally interrupt talk one boy like thats im kidding talk ex one boy shes talking dating life general dont talk terribly often every time literal interruption mid sentence change subject know im bad talking im boring cant form sentence great thought friend hard blame hurt lot got thing christmas didnt spend much ill admit nice thing already gift quite thing shes best friend didnt get anything friend im even sure friend consider second best friend jennifer im pretty sure im kinda huge crush theyve kinda friend zoned even feel fucking alone one actually enjoys company one actually like one stand around chase everyone away im unlikable person ive ever met want someone like way like love way love find much love give,0.9942,0.130448718,-0.989508033,neutral,High Coping,High Anxiety,Low Depression,High Stress,0,0,0,0,unspecified,
"First off, I'm sorry if this page isn't the place for this. I've joined the site sort of just to ask this, and I don't know where to go. If there's another community I should go to, I'll post there.

I'll explain my situation. My mother and I are poor, and we always have been. I won't deny that a large part of this is due to the economy being in fucking shambles, but at least part of our poverty is due to my mom's various addictions. She's mostly sorted herself out now, but I spent much of my youth exposed to her drug habits. She still smokes both cigarettes and weed, and while I can sympathize, my frustration with the fact that this contributes to our financial situation is overwhelming.

Despite how poor we are, my mother absolutely insists on constantly moving and changing jobs. Over the course of my life, we have lived in over 20 different apartments, and made 4 moves that were more than 100 miles in length. Because of this, all of my friends are online. They've been a pillar for me in the lockdown, and helped keep me sane as my life rapidly went downhill.

In short, my mother has begun to use my name and identity in order to make more money for us, all while I've been neglected and parentified for upwards of 6 years. I've considered suicide multiple times. The situation I am in is severely unstable and staying here poses a very significant risk. I honestly can't put into words how awful it has been.

One of my online friends, who lives most of the way across the country, has offered to let me stay with her and her husband for a month and help me establish myself as an adult near where they live. I completely trust them, but I doubt my own ability to get things sorted out. Another one of my friends has offered to buy me a one-way plane ticket. 

I know I need to do a handful of things (get my driver's license, disconnect my bank account from my mother's, sort out my resume and try to secure a job), but I'm afraid I'm missing things. What can I do by the beginning of March to make my run away as safe as possible? How can I cut I make my own safety net when I cut my family off?",4,first off im sorry if this page isnt the place for this ive joined the site sort of just to ask this and i dont know where to go if theres another community i should go to ill post there ill explain my situation my mother and i are poor and we always have been i wont deny that a large part of this is due to the economy being in fucking shambles but at least part of our poverty is due to my moms various addictions shes mostly sorted herself out now but i spent much of my youth exposed to her drug habits she still smokes both cigarettes and weed and while i can sympathize my frustration with the fact that this contributes to our financial situation is overwhelming despite how poor we are my mother absolutely insists on constantly moving and changing jobs over the course of my life we have lived in over  different apartments and made  moves that were more than  miles in length because of this all of my friends are online theyve been a pillar for me in the lockdown and helped keep me sane as my life rapidly went downhill in short my mother has begun to use my name and identity in order to make more money for us all while ive been neglected and parentified for upwards of  years ive considered suicide multiple times the situation i am in is severely unstable and staying here poses a very significant risk i honestly cant put into words how awful it has been one of my online friends who lives most of the way across the country has offered to let me stay with her and her husband for a month and help me establish myself as an adult near where they live i completely trust them but i doubt my own ability to get things sorted out another one of my friends has offered to buy me a oneway plane ticket i know i need to do a handful of things get my drivers license disconnect my bank account from my mothers sort out my resume and try to secure a job but im afraid im missing things what can i do by the beginning of march to make my run away as safe as possible how can i cut i make my own safety net when i cut my family off,first im sorry page isnt place ive joined site sort ask dont know go there another community go ill post ill explain situation mother poor always wont deny large part due economy fucking shamble least part poverty due mom various addiction shes mostly sorted spent much youth exposed drug habit still smoke cigarette weed sympathize frustration fact contributes financial situation overwhelming despite poor mother absolutely insists constantly moving changing job course life lived different apartment made move mile length friend online theyve pillar lockdown helped keep sane life rapidly went downhill short mother begun use name identity order make money u ive neglected parentified upwards year ive considered suicide multiple time situation severely unstable staying pose significant risk honestly cant put word awful one online friend life way across country offered let stay husband month help establish adult near live completely trust doubt ability get thing sorted another one friend offered buy oneway plane ticket know need handful thing get driver license disconnect bank account mother sort resume try secure job im afraid im missing thing beginning march make run away safe possible cut make safety net cut family,-0.45,-0.033552876,-0.995432615,positive coping,Low Coping,Low Anxiety,Moderate Depression,Low Stress,0,0,0,0,unspecified,
"I honestly have no clue how to title this I’m mainly just typing this to vent cause I have no one to say this to, but I’m so fucking depressed I can’t sleep I feel nauseous every day and it’s a constant fight to not just break down and start crying during random times of the day. I hate feeling like I have no support in this world and I hate how I always feel like people don’t care for my feelings. I don’t want to be alive but know it wouldn’t be right for my mom to have to deal with that, so everyday I continue to live but I really can’t remember the last time I truly wanted to live for just myself. Thanks for coming to my TED talk.",5,i honestly have no clue how to title this i’m mainly just typing this to vent cause i have no one to say this to but i’m so fucking depressed i can’t sleep i feel nauseous every day and it’s a constant fight to not just break down and start crying during random times of the day i hate feeling like i have no support in this world and i hate how i always feel like people don’t care for my feelings i don’t want to be alive but know it wouldn’t be right for my mom to have to deal with that so everyday i continue to live but i really can’t remember the last time i truly wanted to live for just myself thanks for coming to my ted talk,honestly clue title ’ mainly typing vent cause one say ’ fucking depressed ’ sleep feel nauseous every day ’ constant fight break start cry random time day hate feeling like support world hate always feel like people ’ care feeling ’ want alive know ’ right mom deal everyday continue live really ’ remember last time truly wanted live thanks coming ted talk,0.7102,-0.071659452,-0.971016645,neutral,High Coping,High Anxiety,Low Depression,High Stress,0,0,0,0,unspecified,can’t sleep
I just want a guy to love me. Hug me when I'm sad. Cuddle on the couch and in bed. Kiss and hold me a lot. Someone to talk to and will listen to my every word. Someone that makes me laugh and smile. Is this too much to ask? Seriously I'm getting old and I just want to find mr. right. Why am I so unlovable?,4,i just want a guy to love me hug me when im sad cuddle on the couch and in bed kiss and hold me a lot someone to talk to and will listen to my every word someone that makes me laugh and smile is this too much to ask seriously im getting old and i just want to find mr right why am i so unlovable,want guy love hug im sad cuddle couch bed kiss hold lot someone talk listen every word someone make laugh smile much ask seriously im getting old want find mr right unlovable,0.8519,0.106547619,-0.983284414,neutral,High Coping,High Anxiety,Low Depression,High Stress,0,1,0,0,depression,
"been a shit year overall, have had strong suicidal thoughts for over a year now. tonight is new year’s eve and i have no friends, siblings are out. i’m lonely. miss my dad so much i wanna be with him and have this empty nauseating feeling inside. i so desperately want to kill myself tonight but my family has lost so much people this year and my dad only passed a few weeks ago. i don’t want to burden them with this pain so how do i convince myself to not do so?",5,been a shit year overall have had strong suicidal thoughts for over a year now tonight is new year’s eve and i have no friends siblings are out i’m lonely miss my dad so much i wanna be with him and have this empty nauseating feeling inside i so desperately want to kill myself tonight but my family has lost so much people this year and my dad only passed a few weeks ago i don’t want to burden them with this pain so how do i convince myself to not do so,shit year overall strong suicidal thought year tonight new year ’ eve friend sibling ’ lonely miss dad much wan na empty nauseating feeling inside desperately want kill tonight family lost much people year dad passed week ago ’ want burden pain convince,-0.9595,-0.047811448,-0.992293,neutral,Low Coping,Low Anxiety,High Depression,Low Stress,0,1,0,1,depression,
"I'm 21, kinda lazy, kinda depressed. Had no friends though highschool. Tried a few things in school, was the worst person on two sports teams. Just nothing. My theripist asked me what I am good at like a year ago when I was seeing one and really.. Fucking nothing. I get I probably should like put in effort to something but I just feel lazy after making myself do things I'm suppost to do like school work and even thats just scraping by with passing grades or taking not many classes. I have a job and legit my life is so boring I am sad its winter break.",4,im  kinda lazy kinda depressed had no friends though highschool tried a few things in school was the worst person on two sports teams just nothing my theripist asked me what i am good at like a year ago when i was seeing one and really fucking nothing i get i probably should like put in effort to something but i just feel lazy after making myself do things im suppost to do like school work and even thats just scraping by with passing grades or taking not many classes i have a job and legit my life is so boring i am sad its winter break,im kinda lazy kinda depressed friend though highschool tried thing school worst person two sport team nothing theripist asked good like year ago seeing one really fucking nothing get probably like put effort something feel lazy making thing im suppost like school work even thats scraping passing grade taking many class job legit life boring sad winter break,-0.9108,-0.3,-0.999185383,neutral,Low Coping,Low Anxiety,High Depression,Low Stress,0,1,0,0,depression,
"It takes so much effort just to produce a smile nowadays. I find no joy in anything anymore. I feel lost, empty, alone, unloved, unwanted, and blind.",5,it takes so much effort just to produce a smile nowadays i find no joy in anything anymore i feel lost empty alone unloved unwanted and blind,take much effort produce smile nowadays find joy anything anymore feel lost empty alone unloved unwanted blind,-0.6486,0.14,-0.595254898,negative coping,Low Coping,Low Anxiety,High Depression,Low Stress,0,1,0,1,depression,
I honestly hate my life right now. I let my gambling addiction get the best of me and it completely ruined my life. I am so frustrated with the choices I have been making and I really feel like I’m letting the people around down. I’m a college student that is in thousands of dollars in debt with no job. I am afraid of graduating college with no job and it is taking a toll on my mental health. I definitely feel like I hit rock bottom this time.,5,i honestly hate my life right now i let my gambling addiction get the best of me and it completely ruined my life i am so frustrated with the choices i have been making and i really feel like i’m letting the people around down i’m a college student that is in thousands of dollars in debt with no job i am afraid of graduating college with no job and it is taking a toll on my mental health i definitely feel like i hit rock bottom this time,honestly hate life right let gambling addiction get best completely ruined life frustrated choice making really feel like ’ letting people around ’ college student thousand dollar debt job afraid graduating college job taking toll mental health definitely feel like hit rock bottom time,0.2315,-0.068253968,-0.999350965,neutral,Moderate Coping,Moderate Anxiety,Low Depression,Moderate Stress,0,0,1,0,stress,
"My first boyfriend (in middle school) cheated on me, my next boyfriend decided he was gay, and my serious boyfriend and I broke up a month ago and he immediately texted the girl who he texted when we dated (in secret) and we were only on a break. We permanently broke up and he told me he never cried. During the relationship he also told me he got annoyed when I cried. Moving on, I took a chance and asked a guy for his number a week ago, he liked me, asked me on a date, we went on the date and he ghosted me after. Why am I so fucking worthless? It’s really starting to make me think I shouldn’t even be here if nobody appreciates it. What did I ever do wrong? Why won’t anyone love me?",5,my first boyfriend in middle school cheated on me my next boyfriend decided he was gay and my serious boyfriend and i broke up a month ago and he immediately texted the girl who he texted when we dated in secret and we were only on a break we permanently broke up and he told me he never cried during the relationship he also told me he got annoyed when i cried moving on i took a chance and asked a guy for his number a week ago he liked me asked me on a date we went on the date and he ghosted me after why am i so fucking worthless it’s really starting to make me think i shouldn’t even be here if nobody appreciates it what did i ever do wrong why won’t anyone love me,first boyfriend middle school cheated next boyfriend decided gay serious boyfriend broke month ago immediately texted girl texted dated secret break permanently broke told never cried relationship also told got annoyed cried moving took chance asked guy number week ago liked asked date went date ghosted fucking worthless ’ really starting make think ’ even nobody appreciates ever wrong ’ anyone love,-0.7104,-0.055555556,-0.996417999,neutral,Low Coping,Low Anxiety,High Depression,Low Stress,0,1,0,2,depression,numb; worthless
"I don’t believe I am actually depressed but just coming to a lot a realizations recently and I am hoping someone could help. As the covid shutdown reaches nearly 9 months and as the New Years begins, I find myself looking at a lot of old pictures and videos of friends and good times I had. I am in college now and pre covid I was having the time of my life. Many of my current friends are going to graduate college and although I will still have many other friends, my closest ones are the ones who are graduating. With covid ruining this school year indefinitely, the times of drinking, going out to bars or parties, and just being idiots with some of my closest friends is probably limited if not totally over. I just hate covid so much and there seems to be no end in sight. I miss all the amazing times with my buddies and I miss having fun. I hate sitting in my bedroom doing online classes and only leaving my house to get something to eat. I miss so much of what life once was and it sucks. I am just so sad that the times and the people I once enjoyed are probably moving on and even though we will all stay close, it will most likely never been like it once was pre covid. I definitely sound extremely soft being a guy and saying all this but it’s the truth. I just hate the world we live in right now and all though I truly live a good life, I hate many aspects of my life right now. I know this is long and I am just venting so thanks for readings.",4,i don’t believe i am actually depressed but just coming to a lot a realizations recently and i am hoping someone could help as the covid shutdown reaches nearly  months and as the new years begins i find myself looking at a lot of old pictures and videos of friends and good times i had i am in college now and pre covid i was having the time of my life many of my current friends are going to graduate college and although i will still have many other friends my closest ones are the ones who are graduating with covid ruining this school year indefinitely the times of drinking going out to bars or parties and just being idiots with some of my closest friends is probably limited if not totally over i just hate covid so much and there seems to be no end in sight i miss all the amazing times with my buddies and i miss having fun i hate sitting in my bedroom doing online classes and only leaving my house to get something to eat i miss so much of what life once was and it sucks i am just so sad that the times and the people i once enjoyed are probably moving on and even though we will all stay close it will most likely never been like it once was pre covid i definitely sound extremely soft being a guy and saying all this but it’s the truth i just hate the world we live in right now and all though i truly live a good life i hate many aspects of my life right now i know this is long and i am just venting so thanks for readings,’ believe actually depressed coming lot realization recently hoping someone could help covid shutdown reach nearly month new year begin find looking lot old picture video friend good time college pre covid time life many current friend going graduate college although still many friend closest one one graduating covid ruining school year indefinitely time drinking going bar party idiot closest friend probably limited totally hate covid much seems end sight miss amazing time buddy miss fun hate sitting bedroom online class leaving house get something eat miss much life suck sad time people enjoyed probably moving even though stay close likely never like pre covid definitely sound extremely soft guy saying ’ truth hate world live right though truly live good life hate many aspect life right know long venting thanks reading,0.8909,0.061221591,-0.786016345,neutral,High Coping,High Anxiety,Low Depression,High Stress,0,1,0,0,depression,
"I can’t tell if I’m being dramatic or not. I genuinely think it would just be more pain if I kept living.
I’m 17 male? and mostly everything in life just kind of sucks right now. I don’t have any friends or a social life I haven’t had one for a lot of years. No job no drivers license and I’m landlocked in a condo association next to a fast road so it’s hard to walk anywhere so I’m stuck to wherever my mom could drive me or my alcoholic grandpa drives me which probably isn’t the best idea because well....  cuz he’s a alcoholic which makes me sad remembering what he used to be. And while I’m out public I have very bad social anxiety I get freaked out when I don’t know what I’m doing or when someone talks to me it’s even worse if it’s a crowded store which is really all that’s open right now. Most of my days consist of waking up at 3pm-7pm then staying up all night just staring at my iPad and listening to the same “dead Kennedys” albums over and over again. As for my academic life I really don’t have one I do online school and cheating in every subject cause of lack of motivation laziness depression and I would fail any other way because I have the spelling abilities sixth grader I had to write this whole thing was speech to text. Depression has gotten so bad lately that I went on antidepressants in October and they haven’t done much but turned me into a zombie mindlessly zoning off along with a terrible side effect that I don’t want to mention but I’m sure you can imagine it’s bad for a teenage boy. And I’m top of all that I think I have some kind of gender dysphoria? All I know is I hate Everly masculine part of me including facial hair. also my grandma and dog died this year and we had to walk away from her house which had so many memories attached it and it being the house I decorated every year for Halloween so I had a sell all my Halloween stuff because I have nowhere else to decorate. I have no future plans and I’m not going to college either. Fuck this year and Fuck my life I’m looking forward to death. It’s really the only way out at this point.",5,i can’t tell if i’m being dramatic or not i genuinely think it would just be more pain if i kept living i’m  male and mostly everything in life just kind of sucks right now i don’t have any friends or a social life i haven’t had one for a lot of years no job no drivers license and i’m landlocked in a condo association next to a fast road so it’s hard to walk anywhere so i’m stuck to wherever my mom could drive me or my alcoholic grandpa drives me which probably isn’t the best idea because well cuz he’s a alcoholic which makes me sad remembering what he used to be and while i’m out public i have very bad social anxiety i get freaked out when i don’t know what i’m doing or when someone talks to me it’s even worse if it’s a crowded store which is really all that’s open right now most of my days consist of waking up at pmpm then staying up all night just staring at my ipad and listening to the same “dead kennedys” albums over and over again as for my academic life i really don’t have one i do online school and cheating in every subject cause of lack of motivation laziness depression and i would fail any other way because i have the spelling abilities sixth grader i had to write this whole thing was speech to text depression has gotten so bad lately that i went on antidepressants in october and they haven’t done much but turned me into a zombie mindlessly zoning off along with a terrible side effect that i don’t want to mention but i’m sure you can imagine it’s bad for a teenage boy and i’m top of all that i think i have some kind of gender dysphoria all i know is i hate everly masculine part of me including facial hair also my grandma and dog died this year and we had to walk away from her house which had so many memories attached it and it being the house i decorated every year for halloween so i had a sell all my halloween stuff because i have nowhere else to decorate i have no future plans and i’m not going to college either fuck this year and fuck my life i’m looking forward to death it’s really the only way out at this point,’ tell ’ dramatic genuinely think would pain kept living ’ male mostly everything life kind suck right ’ friend social life ’ one lot year job driver license ’ landlocked condo association next fast road ’ hard walk anywhere ’ stuck wherever mom could drive alcoholic grandpa drive probably ’ best idea well cuz ’ alcoholic make sad remembering used ’ public bad social anxiety get freaked ’ know ’ someone talk ’ even worse ’ crowded store really ’ open right day consist waking pmpm staying night staring ipad listening “ dead kennedy ” album academic life really ’ one online school cheating every subject cause lack motivation laziness depression would fail way spelling ability sixth grader write whole thing speech text depression gotten bad lately went antidepressant october ’ done much turned zombie mindlessly zoning along terrible side effect ’ want mention ’ sure imagine ’ bad teenage boy ’ top think kind gender dysphoria know hate everly masculine part including facial hair also grandma dog died year walk away house many memory attached house decorated every year halloween sell halloween stuff nowhere else decorate future plan ’ going college either fuck year fuck life ’ looking forward death ’ really way point,-0.9933,-0.042126623,-0.998294652,negative coping,Low Coping,Low Anxiety,High Depression,Low Stress,0,1,0,0,depression,
"This has been beyond the worst year I could ever imagine. During the start of 2020 I was really doing better, I was having fun, and for the first time I felt like myself in years. Unfortunately, due to covid and isolation now, everything flipped around and I’ve never been at such a low point in my entire life. I lost 3 grandparents this year, (not due to covid), struggled really hard in university and overall just feel so lonely and my drained. I feel like I can’t think straight anymore and seeing my letter grades from school just absolutely crushed me. On top of that, I didn’t even get a high school graduation, just a random 20 minute video :(

I just feel so pathetic and lonely, I’ve never really had issues with school at all before, but online uni has been the most challenging and difficult thing for me, I feel like I can’t remember anything that was ever taught and during exams I get so nervous and panic and make super dumb mistakes. 

My sleep schedule is absolutely ruined, I struggle really hard going to sleep and during the school year would end up going to sleep at around 4-5am and would wake up for 8am online classes, which really affected my performance and understanding of what should have been easy topics. 

I’m so mad at myself for that because I really could’ve done a lot better if I actually got proper sleep, and I’m just so disappointed in myself and my overall performance in school. Thankfully I didn’t fail any classes though. 

Now during the break I’m just in bed all day, then I just sit around at my pc, try to play some video games but I don’t really find anything fun anymore. 

I’m also really struggling with eating, often times I’m only eating 1 meal a day. 

Sorry if this is long I’m just so defeated and tired I just wanted to vent :(

Thank you",5,this has been beyond the worst year i could ever imagine during the start of  i was really doing better i was having fun and for the first time i felt like myself in years unfortunately due to covid and isolation now everything flipped around and i’ve never been at such a low point in my entire life i lost  grandparents this year not due to covid struggled really hard in university and overall just feel so lonely and my drained i feel like i can’t think straight anymore and seeing my letter grades from school just absolutely crushed me on top of that i didn’t even get a high school graduation just a random  minute video  i just feel so pathetic and lonely i’ve never really had issues with school at all before but online uni has been the most challenging and difficult thing for me i feel like i can’t remember anything that was ever taught and during exams i get so nervous and panic and make super dumb mistakes my sleep schedule is absolutely ruined i struggle really hard going to sleep and during the school year would end up going to sleep at around am and would wake up for am online classes which really affected my performance and understanding of what should have been easy topics i’m so mad at myself for that because i really could’ve done a lot better if i actually got proper sleep and i’m just so disappointed in myself and my overall performance in school thankfully i didn’t fail any classes though now during the break i’m just in bed all day then i just sit around at my pc try to play some video games but i don’t really find anything fun anymore i’m also really struggling with eating often times i’m only eating  meal a day sorry if this is long i’m just so defeated and tired i just wanted to vent  thank you,beyond worst year could ever imagine start really better fun first time felt like year unfortunately due covid isolation everything flipped around ’ never low point entire life lost grandparent year due covid struggled really hard university overall feel lonely drained feel like ’ think straight anymore seeing letter grade school absolutely crushed top ’ even get high school graduation random minute video feel pathetic lonely ’ never really issue school online uni challenging difficult thing feel like ’ remember anything ever taught exam get nervous panic make super dumb mistake sleep schedule absolutely ruined struggle really hard going sleep school year would end going sleep around would wake online class really affected performance understanding easy topic ’ mad really could ’ done lot better actually got proper sleep ’ disappointed overall performance school thankfully ’ fail class though break ’ bed day sit around pc try play video game ’ really find anything fun anymore ’ also really struggling eating often time ’ eating meal day sorry long ’ defeated tired wanted vent thank,-0.981,-0.068015873,-0.999073505,negative coping,Low Coping,Low Anxiety,High Depression,Low Stress,2,1,0,0,"anxiety, depression",
But I can't. The world is a shithole run by greedy power hungry asshole. Nobody gives a shit about anybody because they're too wrapped up in their own bubble. Evil and corruption is rampant wherever you go. The beauty in this world isn't worth all the horrible things that's exist in it.,5,but i cant the world is a shithole run by greedy power hungry asshole nobody gives a shit about anybody because theyre too wrapped up in their own bubble evil and corruption is rampant wherever you go the beauty in this world isnt worth all the horrible things thats exist in it,cant world shithole run greedy power hungry asshole nobody give shit anybody theyre wrapped bubble evil corruption rampant wherever go beauty world isnt worth horrible thing thats exist,-0.6504,-0.475,-0.996623397,neutral,Low Coping,Low Anxiety,High Depression,Low Stress,0,0,0,1,unspecified,
"I'm currently in a country I know no one in, in a room in an overpriced airport hotel I cannot afford, having just been denied boarding a flight to my home country where my granddad is dying of Corona which he contracted while in hospital for treatment of another health issue.  This comes after yesterday having been refused the flight to my country of residence from where I was originally supposed to catch the flight to my home country from, which my partner, who I was here with, however was able to take and therefore left me here. I cannot get on another flight for 48 hours which results in me spending NYE alone here while my family is saying goodbye to my grandpa who is like a father to me. I honestly just want to break down, this is just all getting too much. This is truly the worst I have ever felt.",5,im currently in a country i know no one in in a room in an overpriced airport hotel i cannot afford having just been denied boarding a flight to my home country where my granddad is dying of corona which he contracted while in hospital for treatment of another health issue this comes after yesterday having been refused the flight to my country of residence from where i was originally supposed to catch the flight to my home country from which my partner who i was here with however was able to take and therefore left me here i cannot get on another flight for  hours which results in me spending nye alone here while my family is saying goodbye to my grandpa who is like a father to me i honestly just want to break down this is just all getting too much this is truly the worst i have ever felt,im currently country know one room overpriced airport hotel afford denied boarding flight home country granddad dying corona contracted hospital treatment another health issue come yesterday refused flight country residence originally supposed catch flight home country partner however able take therefore left get another flight hour result spending nye alone family saying goodbye grandpa like father honestly want break getting much truly worst ever felt,-0.3612,0.096428571,-0.99904722,negative coping,Low Coping,Low Anxiety,Moderate Depression,Low Stress,0,0,0,0,unspecified,
"Seriously what’s the point. All I do in this life is let everyone down. I don’t want to use how I feel as an excuse for being a shitty boyfriend but it just really seems like she doesn’t care. I’m sorry I’m not good enough, I’m sorry I’m a fucking mess. I’m sorry I stopped taking my medication. Do you like me better when I’m “normal”? Will I go back to normal when I start taking it again? Whenever that will be. At this point, I’m kind of enjoying the self-sabotaging as a form of punishment. Do you not love me like this? All I want is for comfort, for someone to tell me it’ll be okay... if I can’t even get that from her, who can I expect to get it from?

I know I sound like a crazy person. I’m just really hurt...",5,seriously what’s the point all i do in this life is let everyone down i don’t want to use how i feel as an excuse for being a shitty boyfriend but it just really seems like she doesn’t care i’m sorry i’m not good enough i’m sorry i’m a fucking mess i’m sorry i stopped taking my medication do you like me better when i’m “normal” will i go back to normal when i start taking it again whenever that will be at this point i’m kind of enjoying the selfsabotaging as a form of punishment do you not love me like this all i want is for comfort for someone to tell me it’ll be okay if i can’t even get that from her who can i expect to get it from i know i sound like a crazy person i’m just really hurt,seriously ’ point life let everyone ’ want use feel excuse shitty boyfriend really seems like ’ care ’ sorry ’ good enough ’ sorry ’ fucking mess ’ sorry stopped taking medication like better ’ “ normal ” go back normal start taking whenever point ’ kind enjoying selfsabotaging form punishment love like want comfort someone tell ’ okay ’ even get expect get know sound like crazy person ’ really hurt,0.934,0.087083333,-0.99868685,neutral,High Coping,High Anxiety,Low Depression,High Stress,0,0,0,0,unspecified,
"I'm drinking (sorry in advance), have nobody, and am so lost its incomprehensible. Didnt even look at sub posts just know how bad I'm ab to get...",5,im drinking sorry in advance have nobody and am so lost its incomprehensible didnt even look at sub posts just know how bad im ab to get,im drinking sorry advance nobody lost incomprehensible didnt even look sub post know bad im ab get,-0.7269,-0.6,-0.989254832,neutral,Low Coping,Low Anxiety,High Depression,Low Stress,0,0,0,1,unspecified,
"I always text my friends when I’m feeling extremely depressed and sometimes completely on the verge of suicide. They put in half assed effort or don’t even reply at all. Meanwhile when it’s their turn I’m bending over backwards and doing everything for them. Then after the day of when I text them, they don’t even check up on me to make sure I’m ok or anything. I could have killed myself in that time and they wouldn’t even have known cause they don’t care to check up on me. They would truly just leave me to die.",5,i always text my friends when i’m feeling extremely depressed and sometimes completely on the verge of suicide they put in half assed effort or don’t even reply at all meanwhile when it’s their turn i’m bending over backwards and doing everything for them then after the day of when i text them they don’t even check up on me to make sure i’m ok or anything i could have killed myself in that time and they wouldn’t even have known cause they don’t care to check up on me they would truly just leave me to die,always text friend ’ feeling extremely depressed sometimes completely verge suicide put half assed effort ’ even reply meanwhile ’ turn ’ bending backwards everything day text ’ even check make sure ’ ok anything could killed time ’ even known cause ’ care check would truly leave die,-0.688,0.101388889,-0.997521579,neutral,Low Coping,Low Anxiety,High Depression,Low Stress,0,0,0,0,unspecified,
I thought I got better but sometimes when I drink these thoughts come up. Is it just the alcohol? Is it normal? Or should I seek help? I feel so alone I don’t anymore,5,i thought i got better but sometimes when i drink these thoughts come up is it just the alcohol is it normal or should i seek help i feel so alone i don’t anymore,thought got better sometimes drink thought come alcohol normal seek help feel alone ’ anymore,0.5574,0.325,-0.99612385,negative coping,High Coping,High Anxiety,Low Depression,High Stress,0,0,0,0,unspecified,
"Can anyone relate to this? You have no close friends. You might have a few mutual friends that you see once a few months or talk to, but you have no close friend. You have nobody you can tell how you truly feel. That is truly being alone, when you dont have family or friends. You are just alone all the time so much that you enjoy being alone and in the void? The depression and darkness are your home and thats where you always come back to. Even after lexapro and other treatments theres nothing to save you from being sucked in by the void. I dont want to live my life like this, it isnt worth living.",5,can anyone relate to this you have no close friends you might have a few mutual friends that you see once a few months or talk to but you have no close friend you have nobody you can tell how you truly feel that is truly being alone when you dont have family or friends you are just alone all the time so much that you enjoy being alone and in the void the depression and darkness are your home and thats where you always come back to even after lexapro and other treatments theres nothing to save you from being sucked in by the void i dont want to live my life like this it isnt worth living,anyone relate close friend might mutual friend see month talk close friend nobody tell truly feel truly alone dont family friend alone time much enjoy alone void depression darkness home thats always come back even lexapro treatment there nothing save sucked void dont want live life like isnt worth living,0.8582,0.209090909,-0.984952509,negative coping,High Coping,High Anxiety,Low Depression,High Stress,0,0,0,1,unspecified,
this quarantine shit has been so hard like anyone else feel like they’re so depressed that the world is so dark and bland like you can’t do anything about it and there is nothing good about living like i’m at rock bottom,5,this quarantine shit has been so hard like anyone else feel like they’re so depressed that the world is so dark and bland like you can’t do anything about it and there is nothing good about living like i’m at rock bottom,quarantine shit hard like anyone else feel like ’ depressed world dark bland like ’ anything nothing good living like ’ rock bottom,-0.6504,-0.021666667,-0.99973911,neutral,Low Coping,Low Anxiety,High Depression,Low Stress,0,0,0,0,unspecified,
I have ptsd and have been suicidal for 6 years. living alone is not piece of cake. People always say life gets better... but it hasn’t and in some ways it’s gotten worst. I feel like my self loathing grows everyday and I think about killing myself multiple times a week. I’ve tried all kinds of meds and antidepressants and nothing has helped. I’m starting to think it doesn’t get better. I’ve tried to tell myself it does for the longest time... but I don’t know if I can believe that it does anymore...,5,i have ptsd and have been suicidal for  years living alone is not piece of cake people always say life gets better but it hasn’t and in some ways it’s gotten worst i feel like my self loathing grows everyday and i think about killing myself multiple times a week i’ve tried all kinds of meds and antidepressants and nothing has helped i’m starting to think it doesn’t get better i’ve tried to tell myself it does for the longest time but i don’t know if i can believe that it does anymore,ptsd suicidal year living alone piece cake people always say life get better ’ way ’ gotten worst feel like self loathing grows everyday think killing multiple time week ’ tried kind med antidepressant nothing helped ’ starting think ’ get better ’ tried tell longest time ’ know believe anymore,-0.8402,0.057142857,-0.99562186,negative coping,Low Coping,Low Anxiety,High Depression,Low Stress,0,0,0,0,unspecified,
"I was listening to ""mama liked the roses"" of Elvis Presley and the song is awesome but at the same time very sad + thinking about other shit and i started crying as fuck(and i still am).          

Yesterday at night out of nowhere i did dream with my ex girlfriend(She broke up with me 1 year ago) and when i was listening to the song i started think about her its very silly i know but when i was with her i was the most happiest person ever and when she broke up with me my world started to fall apart.

After that i did have hook ups with some girls but its not the same thing they are like drugs make me happy and forget about my ex for a brief period of time and then all of a sudden i start think about my ex and im back to square 1.

The trauma that i have is so big that i cant like anyone im rather being single than being with someone Im very afraid of doing always the right thing on the relationship and despite that the person leaves me.                                                                            

It's very stupid crying because of this but i did not have the best childhood(disfuncional famíliy,abuse and bullying at school,loneliness etc.) i need like water those things like hook up with girls,chilling with my friends,going to parties/raves(fuck you covid for taking away that),having good grades etc. to fill the void that i have inside me.            

Since i did go to university i became i much better person but its not good enough i have those moments that i feel im failing to be the best version of myself if i was a even better person my ex would still be with me,finish my course in 2021 instead of 2022(and my father is paying for my studies i simply cannot fail) and sometimes i feel that Im a burden to my friends.

bottom line being in this world its a constant struggle and sucks Yoyoing in being miserable/confident about myself(bipolarism?).",5,i was listening to mama liked the roses of elvis presley and the song is awesome but at the same time very sad  thinking about other shit and i started crying as fuckand i still am yesterday at night out of nowhere i did dream with my ex girlfriendshe broke up with me  year ago and when i was listening to the song i started think about her its very silly i know but when i was with her i was the most happiest person ever and when she broke up with me my world started to fall apart after that i did have hook ups with some girls but its not the same thing they are like drugs make me happy and forget about my ex for a brief period of time and then all of a sudden i start think about my ex and im back to square  the trauma that i have is so big that i cant like anyone im rather being single than being with someone im very afraid of doing always the right thing on the relationship and despite that the person leaves me its very stupid crying because of this but i did not have the best childhooddisfuncional famíliyabuse and bullying at schoolloneliness etc i need like water those things like hook up with girlschilling with my friendsgoing to partiesravesfuck you covid for taking away thathaving good grades etc to fill the void that i have inside me since i did go to university i became i much better person but its not good enough i have those moments that i feel im failing to be the best version of myself if i was a even better person my ex would still be with mefinish my course in  instead of and my father is paying for my studies i simply cannot fail and sometimes i feel that im a burden to my friends bottom line being in this world its a constant struggle and sucks yoyoing in being miserableconfident about myselfbipolarism,listening mama liked rose elvis presley song awesome time sad thinking shit started cry fuckand still yesterday night nowhere dream ex girlfriendshe broke year ago listening song started think silly know happiest person ever broke world started fall apart hook ups girl thing like drug make happy forget ex brief period time sudden start think ex im back square trauma big cant like anyone im rather single someone im afraid always right thing relationship despite person leaf stupid cry best childhooddisfuncional famíliyabuse bullying schoolloneliness etc need like water thing like hook girlschilling friendsgoing partiesravesfuck covid taking away thathaving good grade etc fill void inside since go university became much better person good enough moment feel im failing best version even better person ex would still mefinish course instead father paying study simply fail sometimes feel im burden friend bottom line world constant struggle suck yoyoing miserableconfident myselfbipolarism,0.6732,0.188095238,-0.991000116,neutral,High Coping,High Anxiety,Low Depression,High Stress,0,1,0,0,depression,
"So I have been suicidal a few times in my life. Only once that was pretty bad, and that was a long time ago. 

I have limited relationship experience as I've been with the same person (on and off) for about 17 years. That's a while. But any time those thoughts start sneaking in it's because he becomes abusive and it finally starts to get to me. 

I guess feeling like life isn't worth living because of the way someone treats you (he's a narcissist who has no idea he's a narcissist and who devalues me as often as he can... he figures out what might trigger me and then goes full-force any chance he gets. He has a horrible self-esteem but won't admit it, maybe even to himself, I'm not sure because he never talks about how he feels) is a red flag.

So, I'm wondering. People who have endured narcissistic abuse, and/or been in an abusive relationship, did the depression ease up once you got out of it?

My guess is mine would. I've read a bit about situational depression. These are the things my partner does.:

\- invalidate any of my thoughts or feelings that don't line up with the idea he has of himself of being a perfect guy in every way

\- basically intimidates me any time I am not acting the way that he feels I should be 

\- won't take any form of criticism 

\- criticizes me 

So, basically, devalues me often. Not all the time, but anytime that he feels threatened (which is often) then yah, it's the constant devaluation. I feel like shit. 

I do think that I am currently suffering from SAD but he's awful. 

Anyone feel depression lift once they left an abusive companion?",4,so i have been suicidal a few times in my life only once that was pretty bad and that was a long time ago i have limited relationship experience as ive been with the same person on and off for about  years thats a while but any time those thoughts start sneaking in its because he becomes abusive and it finally starts to get to me i guess feeling like life isnt worth living because of the way someone treats you hes a narcissist who has no idea hes a narcissist and who devalues me as often as he can he figures out what might trigger me and then goes fullforce any chance he gets he has a horrible selfesteem but wont admit it maybe even to himself im not sure because he never talks about how he feels is a red flag so im wondering people who have endured narcissistic abuse andor been in an abusive relationship did the depression ease up once you got out of it my guess is mine would ive read a bit about situational depression these are the things my partner does  invalidate any of my thoughts or feelings that dont line up with the idea he has of himself of being a perfect guy in every way  basically intimidates me any time i am not acting the way that he feels i should be  wont take any form of criticism  criticizes me so basically devalues me often not all the time but anytime that he feels threatened which is often then yah its the constant devaluation i feel like shit i do think that i am currently suffering from sad but hes awful anyone feel depression lift once they left an abusive companion,suicidal time life pretty bad long time ago limited relationship experience ive person year thats time thought start sneaking becomes abusive finally start get guess feeling like life isnt worth living way someone treat he narcissist idea he narcissist devalues often figure might trigger go fullforce chance get horrible selfesteem wont admit maybe even im sure never talk feel red flag im wondering people endured narcissistic abuse andor abusive relationship depression ease got guess mine would ive read bit situational depression thing partner invalidate thought feeling dont line idea perfect guy every way basically intimidates time acting way feel wont take form criticism criticizes basically devalues often time anytime feel threatened often yah constant devaluation feel like shit think currently suffering sad he awful anyone feel depression lift left abusive companion,-0.9936,-0.086554622,-0.99685657,neutral,Low Coping,Low Anxiety,High Depression,Low Stress,0,1,0,0,depression,
"My parents are constantly trying to push me to find a place to move out since they want to go to a retirement home and because of my depression and anxiety finding and holding down a job is impossible for me at the moment and when ever we discuss things like this it always ends up with them yelling at me and making me feel even more like a burden. More and more I’ve been wishing they never adopted me lately,It just feels like I’m being abandon again and if I end up homeless then I’ll give them my dog and just end things... I’ve tried hospitalization and it doesn’t fucking work, I’m tired of people suggesting it, it was very abusive and I hated it so much... I plan on cutting things off with my therapist because that’s all they suggest at this point instead of helping me control and understand my emotions. I just hate living like this... I never asked to exist it feels like it’s some sick joke...",5,my parents are constantly trying to push me to find a place to move out since they want to go to a retirement home and because of my depression and anxiety finding and holding down a job is impossible for me at the moment and when ever we discuss things like this it always ends up with them yelling at me and making me feel even more like a burden more and more i’ve been wishing they never adopted me latelyit just feels like i’m being abandon again and if i end up homeless then i’ll give them my dog and just end things i’ve tried hospitalization and it doesn’t fucking work i’m tired of people suggesting it it was very abusive and i hated it so much i plan on cutting things off with my therapist because that’s all they suggest at this point instead of helping me control and understand my emotions i just hate living like this i never asked to exist it feels like it’s some sick joke,parent constantly trying push find place move since want go retirement home depression anxiety finding holding job impossible moment ever discus thing like always end yelling making feel even like burden ’ wishing never adopted latelyit feel like ’ abandon end homeless ’ give dog end thing ’ tried hospitalization ’ fucking work ’ tired people suggesting abusive hated much plan cutting thing therapist ’ suggest point instead helping control understand emotion hate living like never asked exist feel like ’ sick joke,-0.9345,-0.497883598,-0.998120487,neutral,Low Coping,Low Anxiety,High Depression,Low Stress,0,1,0,0,depression,
"I’m quite young and still live with my parents (mom) an older sister, younger brother, and grandmother. And I think I hate them. There was a point, probably about two years ago now where my little brother was very manipulative. He physically and mentally abused everyone in my home. Before my mom separated from my dad, my dad was the same way, he beat us. Ever since my brother started acting that way, I’ve been different. I remember every time my brother beat me and I told my mom, her response was always “I don’t know what you want from me? I don’t know what to do to make him stop. YOU shouldn’t provoke him, YOU shouldn’t hit him back because then he won’t have a reason to hit you back in return.” She never gave me the chance to explain that he was the one who hit me first for no reason, and I hit back as self-defense. She always made me the problem when it was clearly him. “YOU shouldn’t do this, YOU shouldn’t do that.” All I ever wanted was for her, my sister, and my grandmother to protect me. I did everything I could to protect them but they NEVER did the same for me. He mainly beat me, and they never punished him for it. It was always ME who did something wrong. Since I’m so young I have no where else to go. I have to let them manipulate me, and walk on eggshells when I’m around my brother because I don’t have a choice. Every time something serious happens my family won’t talk about it. I had an abusive father and brother and I was raped and my family never talks about it. Every time I try to talk about my trauma they tell me “it was so long ago why are you not over it by now.” They get angry at me when I’m anything but happy because I’m “ruining their mood.” I’m dealing with all this shit by myself and I have to constantly “be happy” around my family when I’m not fucking happy, otherwise they just hurt my feelings. I used to be super social and I loved meeting new people and dancing and laughing and having fun- but because of these FUCKING PEOPLE I can no longer stand to be around ANYONE! I HATE people! I want to cry every time I’m in a room with even just one person. I don’t want to talk to people, and everything anyone does just pisses me off. These people have completely changed me into an antisocial freak who I can no longer stand. I’m so exhausted and sometimes I want to hurt myself. Sometimes I have. I don’t want to die. But I fucking hate these people and I can’t escape them because I’m too fucking young to leave. I loved so so so much who I used to be. Soooo fucking much. But because of them I’m exactly the opposite of my old self. I can’t stand being in this body anymore. I don’t wanna die I just wanna go back to who I used to be. But I can’t no matter how hard I try. I’m drowning.",5,i’m quite young and still live with my parents mom an older sister younger brother and grandmother and i think i hate them there was a point probably about two years ago now where my little brother was very manipulative he physically and mentally abused everyone in my home before my mom separated from my dad my dad was the same way he beat us ever since my brother started acting that way i’ve been different i remember every time my brother beat me and i told my mom her response was always “i don’t know what you want from me i don’t know what to do to make him stop you shouldn’t provoke him you shouldn’t hit him back because then he won’t have a reason to hit you back in return” she never gave me the chance to explain that he was the one who hit me first for no reason and i hit back as selfdefense she always made me the problem when it was clearly him “you shouldn’t do this you shouldn’t do that” all i ever wanted was for her my sister and my grandmother to protect me i did everything i could to protect them but they never did the same for me he mainly beat me and they never punished him for it it was always me who did something wrong since i’m so young i have no where else to go i have to let them manipulate me and walk on eggshells when i’m around my brother because i don’t have a choice every time something serious happens my family won’t talk about it i had an abusive father and brother and i was raped and my family never talks about it every time i try to talk about my trauma they tell me “it was so long ago why are you not over it by now” they get angry at me when i’m anything but happy because i’m “ruining their mood” i’m dealing with all this shit by myself and i have to constantly “be happy” around my family when i’m not fucking happy otherwise they just hurt my feelings i used to be super social and i loved meeting new people and dancing and laughing and having fun but because of these fucking people i can no longer stand to be around anyone i hate people i want to cry every time i’m in a room with even just one person i don’t want to talk to people and everything anyone does just pisses me off these people have completely changed me into an antisocial freak who i can no longer stand i’m so exhausted and sometimes i want to hurt myself sometimes i have i don’t want to die but i fucking hate these people and i can’t escape them because i’m too fucking young to leave i loved so so so much who i used to be soooo fucking much but because of them i’m exactly the opposite of my old self i can’t stand being in this body anymore i don’t wanna die i just wanna go back to who i used to be but i can’t no matter how hard i try i’m drowning,’ quite young still live parent mom older sister younger brother grandmother think hate point probably two year ago little brother manipulative physically mentally abused everyone home mom separated dad dad way beat u ever since brother started acting way ’ different remember every time brother beat told mom response always “ ’ know want ’ know make stop ’ provoke ’ hit back ’ reason hit back return ” never gave chance explain one hit first reason hit back selfdefense always made problem clearly “ ’ ’ ” ever wanted sister grandmother protect everything could protect never mainly beat never punished always something wrong since ’ young else go let manipulate walk eggshell ’ around brother ’ choice every time something serious happens family ’ talk abusive father brother raped family never talk every time try talk trauma tell “ long ago ” get angry ’ anything happy ’ “ ruining mood ” ’ dealing shit constantly “ happy ” around family ’ fucking happy otherwise hurt feeling used super social loved meeting new people dancing laughing fun fucking people longer stand around anyone hate people want cry every time ’ room even one person ’ want talk people everything anyone piss people completely changed antisocial freak longer stand ’ exhausted sometimes want hurt sometimes ’ want die fucking hate people ’ escape ’ fucking young leave loved much used soooo fucking much ’ exactly opposite old self ’ stand body anymore ’ wan na die wan na go back used ’ matter hard try ’ drowning,-0.9836,-0.002087738,-0.991421044,positive coping,Low Coping,Low Anxiety,High Depression,Low Stress,0,1,0,0,depression,
"I feel so pathetic sometimes looking at my own reality. I constantly daydream and try to escape reality as much as I can and for the last 5 months all I been doing is that. But it’s the only thing keeping me from ending my own life and it hurts so bad. I believe I just need a loving supportive parent or friends but even those friends I had, I lost. And my parents just don’t give two fucks about how I feel or what’s going on in my personal life. I know I got to change myself and just be there for myself if no one else is but sometimes it gets so bad I just hug my stuffed animal and start sobbing just like now. I’ve never felt more alone and pathetic, I know I’ll at least stop crying when I wake up but these feelings never seem
to leave me.",5,i feel so pathetic sometimes looking at my own reality i constantly daydream and try to escape reality as much as i can and for the last  months all i been doing is that but it’s the only thing keeping me from ending my own life and it hurts so bad i believe i just need a loving supportive parent or friends but even those friends i had i lost and my parents just don’t give two fucks about how i feel or what’s going on in my personal life i know i got to change myself and just be there for myself if no one else is but sometimes it gets so bad i just hug my stuffed animal and start sobbing just like now i’ve never felt more alone and pathetic i know i’ll at least stop crying when i wake up but these feelings never seem to leave me,feel pathetic sometimes looking reality constantly daydream try escape reality much last month ’ thing keeping ending life hurt bad believe need loving supportive parent friend even friend lost parent ’ give two fuck feel ’ going personal life know got change one else sometimes get bad hug stuffed animal start sobbing like ’ never felt alone pathetic know ’ least stop cry wake feeling never seem leave,-0.1346,-0.272727273,-0.995940566,neutral,Low Coping,Low Anxiety,Moderate Depression,Low Stress,0,0,0,0,unspecified,
"My family and I moved out of the mold filled, yellow jacket and spider infested, rural ""shanty shack"" we had been living in for over 2 years and into an actual 3br house in the same neighborhood as my mom, right where I'm from.        
         
My husband got a much better job as a cook at my friend's restaurant, we basically live next door to my youngest daughter's school and maybe a mile away from my oldest daughter's high school, and I had job interviews just pouring in.      
       
Then the lockdown happened. No more job interviews - hell, no more looking for jobs because I had to stay home with the girls while they did virtual learning - no summer road trip, my husband started working less hours because the restaurant was open less, I started doing ECT treatments which helped a lot when I was getting them 3x a week but now that I'm getting them once every week and a half, my depression and anxiety have sky rocketed.       
         
I keep telling myself that it'll get better, but I've stopped believing myself.",5,my family and i moved out of the mold filled yellow jacket and spider infested rural shanty shack we had been living in for over  years and into an actual br house in the same neighborhood as my mom right where im from my husband got a much better job as a cook at my friends restaurant we basically live next door to my youngest daughters school and maybe a mile away from my oldest daughters high school and i had job interviews just pouring in then the lockdown happened no more job interviews  hell no more looking for jobs because i had to stay home with the girls while they did virtual learning  no summer road trip my husband started working less hours because the restaurant was open less i started doing ect treatments which helped a lot when i was getting them x a week but now that im getting them once every week and a half my depression and anxiety have sky rocketed i keep telling myself that itll get better but ive stopped believing myself,family moved mold filled yellow jacket spider infested rural shanty shack living year actual br house neighborhood mom right im husband got much better job cook friend restaurant basically live next door youngest daughter school maybe mile away oldest daughter high school job interview pouring lockdown happened job interview hell looking job stay home girl virtual learning summer road trip husband started working less hour restaurant open less started ect treatment helped lot getting x week im getting every week half depression anxiety sky rocketed keep telling itll get better ive stopped believing,-0.4404,0.105862709,-0.996917129,neutral,Low Coping,Low Anxiety,Moderate Depression,Low Stress,0,0,0,0,unspecified,
"I can’t tell if I’m being dramatic or not. I genuinely think it would just be more pain if I kept living.
I’m 17 male? and mostly everything in life just kind of sucks right now. I don’t have any friends or a social life I haven’t had one for a lot of years. No job no drivers license and I’m landlocked in a condo association next to a fast road so it’s hard to walk anywhere so I’m stuck to wherever my mom could drive me or my alcoholic grandpa drives me which probably isn’t the best idea because well....  cuz he’s a alcoholic which makes me sad remembering what he used to be. And while I’m out public I have very bad social anxiety I get freaked out when I don’t know what I’m doing or when someone talks to me it’s even worse if it’s a crowded store which is really all that’s open right now. Most of my days consist of waking up at 3pm-7pm then staying up all night just staring at my iPad and listening to the same “dead Kennedys” albums over and over again. As for my academic life I really don’t have one I do online school and cheating in every subject cause of lack of motivation laziness depression and I would fail any other way because I have the spelling abilities sixth grader. Depression has gotten so bad lately that I went on antidepressants in October and they haven’t done much but turned me into a zombie mindlessly zoning off along with a terrible side effect that I don’t want to mention but I’m sure you can imagine it’s bad for a teenage boy. And I’m top of all that I think I have some kind of gender dysphoria? All I know is I hate Everly masculine part of me including facial hair. also my grandma and dog died this year and we had to walk away from her house which had so many memories attached it and it being the house I decorated every year for Halloween so I had a sell all my Halloween stuff because I have nowhere else to decorate. I have no future plans and I’m not going to college either. Fuck this year and Fuck my life I’m looking forward to death.",5,i can’t tell if i’m being dramatic or not i genuinely think it would just be more pain if i kept living i’m  male and mostly everything in life just kind of sucks right now i don’t have any friends or a social life i haven’t had one for a lot of years no job no drivers license and i’m landlocked in a condo association next to a fast road so it’s hard to walk anywhere so i’m stuck to wherever my mom could drive me or my alcoholic grandpa drives me which probably isn’t the best idea because well cuz he’s a alcoholic which makes me sad remembering what he used to be and while i’m out public i have very bad social anxiety i get freaked out when i don’t know what i’m doing or when someone talks to me it’s even worse if it’s a crowded store which is really all that’s open right now most of my days consist of waking up at pmpm then staying up all night just staring at my ipad and listening to the same “dead kennedys” albums over and over again as for my academic life i really don’t have one i do online school and cheating in every subject cause of lack of motivation laziness depression and i would fail any other way because i have the spelling abilities sixth grader depression has gotten so bad lately that i went on antidepressants in october and they haven’t done much but turned me into a zombie mindlessly zoning off along with a terrible side effect that i don’t want to mention but i’m sure you can imagine it’s bad for a teenage boy and i’m top of all that i think i have some kind of gender dysphoria all i know is i hate everly masculine part of me including facial hair also my grandma and dog died this year and we had to walk away from her house which had so many memories attached it and it being the house i decorated every year for halloween so i had a sell all my halloween stuff because i have nowhere else to decorate i have no future plans and i’m not going to college either fuck this year and fuck my life i’m looking forward to death,’ tell ’ dramatic genuinely think would pain kept living ’ male mostly everything life kind suck right ’ friend social life ’ one lot year job driver license ’ landlocked condo association next fast road ’ hard walk anywhere ’ stuck wherever mom could drive alcoholic grandpa drive probably ’ best idea well cuz ’ alcoholic make sad remembering used ’ public bad social anxiety get freaked ’ know ’ someone talk ’ even worse ’ crowded store really ’ open right day consist waking pmpm staying night staring ipad listening “ dead kennedy ” album academic life really ’ one online school cheating every subject cause lack motivation laziness depression would fail way spelling ability sixth grader depression gotten bad lately went antidepressant october ’ done much turned zombie mindlessly zoning along terrible side effect ’ want mention ’ sure imagine ’ bad teenage boy ’ top think kind gender dysphoria know hate everly masculine part including facial hair also grandma dog died year walk away house many memory attached house decorated every year halloween sell halloween stuff nowhere else decorate future plan ’ going college either fuck year fuck life ’ looking forward death,-0.9933,-0.053656463,-0.998509586,negative coping,Low Coping,Low Anxiety,High Depression,Low Stress,0,1,0,0,depression,
I find myself getting mad and blowing up and being destructive at almost nothing now. I would rather just disappear at this point and either live on the streets where no one can find me or just take my life. This isnt worth it anymore. I don’t know how I will ever find happiness. Or if I even wanna find it at this point. Please just take me and let me be!,5,i find myself getting mad and blowing up and being destructive at almost nothing now i would rather just disappear at this point and either live on the streets where no one can find me or just take my life this isnt worth it anymore i don’t know how i will ever find happiness or if i even wanna find it at this point please just take me and let me be,find getting mad blowing destructive almost nothing would rather disappear point either live street one find take life isnt worth anymore ’ know ever find happiness even wan na find point please take let,-0.3182,-0.048106061,-0.996242762,neutral,Low Coping,Low Anxiety,Moderate Depression,Low Stress,0,0,0,0,unspecified,
I graduated with my bachelors degree of sociology in late October through an online program. I’m a 21 year old male and was hoping to get a job with this degree and then go back for my masters because my home life isn’t the best. If not that route I would love to be a probation officer but all the civil service tests around me have been cancelled. I wouldn’t have mind worked as a case manager and or something related to social services but nothing around me is hiring because of COVID-19. I applied to a couple jobs out of state and haven’t gotten anything back. I have been going through a rough patch because I feel very lost and anxious about the future. I’m feeling hopeless and I know others have it worse than I do but this made me fall out of my workout routine and just routine in general and I’ve lost motivation. I was always a get it done now person and had the will to push through but just getting out of bed and going to work is so hard right now. I have very bad back acne scars and gynecomastia which is an enlargement of the breast and it has stopped me from being in relationships and with the job I was going to undergo surgery for gynecomastia surgery but I can’t afford it without the job and i really feel hopeless right now and I don’t know what to do. I feel like I’m just floating and time is just passing by right now and It just doesn’t feel real. Idk if anybody else has gone through post grad depression and if anyone has any tips would be very appreciated. I hope everybody has a good 2021!!,5,i graduated with my bachelors degree of sociology in late october through an online program i’m a  year old male and was hoping to get a job with this degree and then go back for my masters because my home life isn’t the best if not that route i would love to be a probation officer but all the civil service tests around me have been cancelled i wouldn’t have mind worked as a case manager and or something related to social services but nothing around me is hiring because of covid i applied to a couple jobs out of state and haven’t gotten anything back i have been going through a rough patch because i feel very lost and anxious about the future i’m feeling hopeless and i know others have it worse than i do but this made me fall out of my workout routine and just routine in general and i’ve lost motivation i was always a get it done now person and had the will to push through but just getting out of bed and going to work is so hard right now i have very bad back acne scars and gynecomastia which is an enlargement of the breast and it has stopped me from being in relationships and with the job i was going to undergo surgery for gynecomastia surgery but i can’t afford it without the job and i really feel hopeless right now and i don’t know what to do i feel like i’m just floating and time is just passing by right now and it just doesn’t feel real idk if anybody else has gone through post grad depression and if anyone has any tips would be very appreciated i hope everybody has a good ,graduated bachelor degree sociology late october online program ’ year old male hoping get job degree go back master home life ’ best route would love probation officer civil service test around cancelled ’ mind worked case manager something related social service nothing around hiring covid applied couple job state ’ gotten anything back going rough patch feel lost anxious future ’ feeling hopeless know others worse made fall workout routine routine general ’ lost motivation always get done person push getting bed going work hard right bad back acne scar gynecomastia enlargement breast stopped relationship job going undergo surgery gynecomastia surgery ’ afford without job really feel hopeless right ’ know feel like ’ floating time passing right ’ feel real idk anybody else gone post grad depression anyone tip would appreciated hope everybody good,-0.046,0.074950397,-0.994629979,neutral,Low Coping,Low Anxiety,Moderate Depression,Low Stress,1,2,0,2,"anxiety, depression",
I've been feeling not okay for a couple of months I don't do anything I just sleep all day and play games sometimes I feel like I need to do something everyone around only likes doing bad things i just want to hang out with REAL people  who don't wanna do bad things but it feels like its impossible to do that it feels like I just wanna not exist anymore,5,ive been feeling not okay for a couple of months i dont do anything i just sleep all day and play games sometimes i feel like i need to do something everyone around only likes doing bad things i just want to hang out with real people who dont wanna do bad things but it feels like its impossible to do that it feels like i just wanna not exist anymore,ive feeling okay couple month dont anything sleep day play game sometimes feel like need something everyone around like bad thing want hang real people dont wan na bad thing feel like impossible feel like wan na exist anymore,0.9091,-0.270833333,-0.995596349,neutral,High Coping,High Anxiety,Low Depression,High Stress,0,0,0,0,unspecified,
"I came here to post about my grief and tragic life. Maybe I will in another post. 
But I scrolled through some posts and I’m so sad for everyone who is depressed. I’m more of a lurker and I don’t have the spoons right now to read others’ posts and comment but I hope everyone knows that they would be missed if they died by suicide. 
Both my mom and dad died by suicide (part of the reason I’m sitting here crying right now) and it’s almost 30 years later for my mom and 15 for my dad and it’s still devastating. Not just to me, but so many people I know. And both my parents thought no one would miss them. 
I guarantee you’ll be missed. You are worthwhile. Please talk to someone/ crisis line  if you feel like you may kill yourself.",5,i came here to post about my grief and tragic life maybe i will in another post but i scrolled through some posts and i’m so sad for everyone who is depressed i’m more of a lurker and i don’t have the spoons right now to read others’ posts and comment but i hope everyone knows that they would be missed if they died by suicide both my mom and dad died by suicide part of the reason i’m sitting here crying right now and it’s almost  years later for my mom and  for my dad and it’s still devastating not just to me but so many people i know and both my parents thought no one would miss them i guarantee you’ll be missed you are worthwhile please talk to someone crisis line if you feel like you may kill yourself,came post grief tragic life maybe another post scrolled post ’ sad everyone depressed ’ lurker ’ spoon right read others ’ post comment hope everyone know would missed died suicide mom dad died suicide part reason ’ sitting cry right ’ almost year later mom dad ’ still devastating many people know parent thought one would miss guarantee ’ missed worthwhile please talk someone crisis line feel like may kill,-0.9911,-0.164285714,-0.997998297,positive coping,Low Coping,Low Anxiety,High Depression,Low Stress,0,1,0,0,depression,
"I’m 23 F and I’m just so sad and lonely and depressed.... 

Like I feel like I have no friends ... Although I have like 2 “friends” from work and we talk every once in a while but I don’t really feel like I’m friends with them .. and it’s sucks. 

I’m talking to this guy who I really like /possibly feel a connection with but I don’t even know how to talk to him, and he takes hours to reply which doesn’t really bother me but it does in a way cause I feel like he’s forcing himself to talk . Although tonight he said he was playing games with friends and then going to the gym . And I don’t ever double text unless we are talking and I think of something else .. 

Also I’m the heaviest I’ve ever been .. and I don’t know what to do . I feel so fucking ugly like I don’t even want to be here I don’t have friends and no guy even wants to talk to me . 

I just want to feel loved by someone and they actually mean it . I try so hard to be perfect and I’m not even close I hate everything right now ...",5,i’m  f and i’m just so sad and lonely and depressed like i feel like i have no friends  although i have like  “friends” from work and we talk every once in a while but i don’t really feel like i’m friends with them  and it’s sucks i’m talking to this guy who i really like possibly feel a connection with but i don’t even know how to talk to him and he takes hours to reply which doesn’t really bother me but it does in a way cause i feel like he’s forcing himself to talk  although tonight he said he was playing games with friends and then going to the gym  and i don’t ever double text unless we are talking and i think of something else  also i’m the heaviest i’ve ever been  and i don’t know what to do  i feel so fucking ugly like i don’t even want to be here i don’t have friends and no guy even wants to talk to me  i just want to feel loved by someone and they actually mean it  i try so hard to be perfect and i’m not even close i hate everything right now ,’ f ’ sad lonely depressed like feel like friend although like “ friend ” work talk every ’ really feel like ’ friend ’ suck ’ talking guy really like possibly feel connection ’ even know talk take hour reply ’ really bother way cause feel like ’ forcing talk although tonight said playing game friend going gym ’ ever double text unless talking think something else also ’ heaviest ’ ever ’ know feel fucking ugly like ’ even want ’ friend guy even want talk want feel loved someone actually mean try hard perfect ’ even close hate everything right,0.966,-0.034563492,-0.998398364,positive coping,High Coping,High Anxiety,Low Depression,High Stress,0,1,0,0,depression,
"So my dad and stepmom and all of my other family members have caused me pain through out the years.so when my mom got engaged to my stepdad in 2017, I was in severe emotional pain because I thought my stepdad was going to completely replace my dad and I also had resentment towards him even before the engagement and that triggered my emotional distress.also another reason why I use to hate my stepdad is because when I had a bed wetting problem when I was 8 or 9 I think and that pissed me because it was a serious problem that I had and I felt ashamed I had it and the fact that he would make fun of that really downed my mood at the time.I’ve had the same issues with my stepmom but not in the same sense as my stepdad, so my stepmom will take all the power and will never do anything for her self and just use us and she acts like she has a horrible life even though there are people who have it much worse, on another note my stepmom took my my stuff away even thou I did nothing and it was also when school was out so I had nothing to do but talk to my mom on the phone and try having my dad get my stuff back but knowing after a while I knew he wasn’t going to do anything because he’s too weak to defend his own son against someone who thinks she can do whatever she wants and that’s where we’ll get to the next part of this story.my dad is very pathetic and never goes against anyone who especially when it’s his wife who is a power hungry stepmom abusing her power, my dad is very simplistic and closed minded on certain things and has been no help through my problem with any of the issues I’ve had.My dad pretty much does it everything for his wife regarding household things like making her own food and taking care of the baby even when she’s able to do those things no problem, and it hurts me that she has my dad do everything for her because my dad already has a long work day and never had time do anything for him self or me because of her asking us to do everything and I hope things will get better and that my dad will see through her",4,so my dad and stepmom and all of my other family members have caused me pain through out the yearsso when my mom got engaged to my stepdad in  i was in severe emotional pain because i thought my stepdad was going to completely replace my dad and i also had resentment towards him even before the engagement and that triggered my emotional distressalso another reason why i use to hate my stepdad is because when i had a bed wetting problem when i was  or  i think and that pissed me because it was a serious problem that i had and i felt ashamed i had it and the fact that he would make fun of that really downed my mood at the timei’ve had the same issues with my stepmom but not in the same sense as my stepdad so my stepmom will take all the power and will never do anything for her self and just use us and she acts like she has a horrible life even though there are people who have it much worse on another note my stepmom took my my stuff away even thou i did nothing and it was also when school was out so i had nothing to do but talk to my mom on the phone and try having my dad get my stuff back but knowing after a while i knew he wasn’t going to do anything because he’s too weak to defend his own son against someone who thinks she can do whatever she wants and that’s where we’ll get to the next part of this storymy dad is very pathetic and never goes against anyone who especially when it’s his wife who is a power hungry stepmom abusing her power my dad is very simplistic and closed minded on certain things and has been no help through my problem with any of the issues i’ve hadmy dad pretty much does it everything for his wife regarding household things like making her own food and taking care of the baby even when she’s able to do those things no problem and it hurts me that she has my dad do everything for her because my dad already has a long work day and never had time do anything for him self or me because of her asking us to do everything and i hope things will get better and that my dad will see through her,dad stepmom family member caused pain yearsso mom got engaged stepdad severe emotional pain thought stepdad going completely replace dad also resentment towards even engagement triggered emotional distressalso another reason use hate stepdad bed wetting problem think pissed serious problem felt ashamed fact would make fun really downed mood timei ’ issue stepmom sense stepdad stepmom take power never anything self use u act like horrible life even though people much worse another note stepmom took stuff away even thou nothing also school nothing talk mom phone try dad get stuff back knowing knew ’ going anything ’ weak defend son someone think whatever want ’ ’ get next part storymy dad pathetic never go anyone especially ’ wife power hungry stepmom abusing power dad simplistic closed minded certain thing help problem issue ’ hadmy dad pretty much everything wife regarding household thing like making food taking care baby even ’ able thing problem hurt dad everything dad already long work day never time anything self asking u everything hope thing get better dad see,-0.9694,-0.104274892,-0.997063339,positive coping,Low Coping,Low Anxiety,High Depression,Low Stress,0,0,0,0,stress,
"**Just a regular guy trying to get through life...**

I don't normally make posts like these. I only read others posts and give feedback accordingly, so this is kinda hard for me. Its just that every time I try to think of a future for me, I only kinda see myself in a grave. I've been fighting for so long, trying to keep my demons from getting to me. Even people don't seem to care about my emotions feelings as they do to others. Everyday in my life has always been cold. So cold that sometimes I can't even feel my body. I give everything it takes to make everyone happy but none do the same to me.

Home doesn't even feel like home to me anymore. My parents always say that I have to do as I'm told without hesitation. A small mistake in my household can amount to a month worth of persecution. I've only kept to myself because of this. Everybody's opinions and matters are always given attention and respect all the time. Mine is the total opposite. They say I don't have the right to complain because they do everything to sustain my education my health. I really don't understand how shallow my parents minds are. So they mean to say that I'm only alive because of Education and Food? That's kinda stupid. Heck, I don't even have the right to be angry in my house. Even if I'm out, people constantly judge me for who I am. What do they even know? Nothing. They only see what they want to see.

I don't know what to do at this point to be honest. Either I bleed myself to death, or just continue to be a living punching bag for the rest of my life. I'm so done with this world. I'm tired of this. If anybody reads this then thank you for doing so.",5,just a regular guy trying to get through life i dont normally make posts like these i only read others posts and give feedback accordingly so this is kinda hard for me its just that every time i try to think of a future for me i only kinda see myself in a grave ive been fighting for so long trying to keep my demons from getting to me even people dont seem to care about my emotions feelings as they do to others everyday in my life has always been cold so cold that sometimes i cant even feel my body i give everything it takes to make everyone happy but none do the same to me home doesnt even feel like home to me anymore my parents always say that i have to do as im told without hesitation a small mistake in my household can amount to a month worth of persecution ive only kept to myself because of this everybodys opinions and matters are always given attention and respect all the time mine is the total opposite they say i dont have the right to complain because they do everything to sustain my education my health i really dont understand how shallow my parents minds are so they mean to say that im only alive because of education and food thats kinda stupid heck i dont even have the right to be angry in my house even if im out people constantly judge me for who i am what do they even know nothing they only see what they want to see i dont know what to do at this point to be honest either i bleed myself to death or just continue to be a living punching bag for the rest of my life im so done with this world im tired of this if anybody reads this then thank you for doing so,regular guy trying get life dont normally make post like read others post give feedback accordingly kinda hard every time try think future kinda see grave ive fighting long trying keep demon getting even people dont seem care emotion feeling others everyday life always cold cold sometimes cant even feel body give everything take make everyone happy none home doesnt even feel like home anymore parent always say im told without hesitation small mistake household amount month worth persecution ive kept everybodys opinion matter always given attention respect time mine total opposite say dont right complain everything sustain education health really dont understand shallow parent mind mean say im alive education food thats kinda stupid heck dont even right angry house even im people constantly judge even know nothing see want see dont know point honest either bleed death continue living punching bag rest life im done world im tired anybody read thank,0.265,-0.06733631,-0.996281087,neutral,Moderate Coping,Moderate Anxiety,Low Depression,Moderate Stress,0,1,0,0,depression,
"To want love so badly but to feel like you'll never be able to get it. I just want someone in my life to make me feel like I actually matter for once. But that just feels impossible.

How? How when my social anxiety causes me to be terrified of meeting new people and putting myself out there? How when my depression leaves me too demotivated to even try. How when my pessimism tells me it's not even worth trying, I'll just fail and end up more hurt than before.

Yet that doesn't make me want it any less. So cruel. Why me? Why did I have to be born like this? Curse this stupid fucking world. Curse it all.",5,to want love so badly but to feel like youll never be able to get it i just want someone in my life to make me feel like i actually matter for once but that just feels impossible how how when my social anxiety causes me to be terrified of meeting new people and putting myself out there how when my depression leaves me too demotivated to even try how when my pessimism tells me its not even worth trying ill just fail and end up more hurt than before yet that doesnt make me want it any less so cruel why me why did i have to be born like this curse this stupid fucking world curse it all,want love badly feel like youll never able get want someone life make feel like actually matter feel impossible social anxiety cause terrified meeting new people putting depression leaf demotivated even try pessimism tell even worth trying ill fail end hurt yet doesnt make want less cruel born like curse stupid fucking world curse,-0.979,-0.300974026,-0.993693769,positive coping,Low Coping,Low Anxiety,High Depression,Low Stress,0,0,0,0,unspecified,
"We have been married just over a year. As the pubs were closed it was the first Christmas I enjoyed in the 5 years we have been together. We spent it together, not arguing about him passing out and not making it home / sleeping it off at a friends house etc.
Tonight he beat me. 

It was particularly bad. I don't want to spend the rest of my life this way. I am bruised. Hurt physically, scarred mentally. No financial dependency or guilt / sense of responsibility for his mental health will make me stay. I'm sure over the coming weeks and months I will have many, many periods where I will question my decision
However,  I know I don't deserve this abuse.

2020, you have outdid yourself. I have had a  miscarriage, family members pass away, some diagnosed with terminal illness etc. This year has just been a shitshow and this is the crowning glory. However, I have gotten through it and I am fucked if I will let the last few days beat me now.

Upwards and onwards.",4,we have been married just over a year as the pubs were closed it was the first christmas i enjoyed in the  years we have been together we spent it together not arguing about him passing out and not making it home  sleeping it off at a friends house etc tonight he beat me it was particularly bad i dont want to spend the rest of my life this way i am bruised hurt physically scarred mentally no financial dependency or guilt  sense of responsibility for his mental health will make me stay im sure over the coming weeks and months i will have many many periods where i will question my decision however i know i dont deserve this abuse  you have outdid yourself i have had a miscarriage family members pass away some diagnosed with terminal illness etc this year has just been a shitshow and this is the crowning glory however i have gotten through it and i am fucked if i will let the last few days beat me now upwards and onwards,married year pub closed first christmas enjoyed year together spent together arguing passing making home sleeping friend house etc tonight beat particularly bad dont want spend rest life way bruised hurt physically scarred mentally financial dependency guilt sense responsibility mental health make stay im sure coming week month many many period question decision however know dont deserve abuse outdid miscarriage family member pas away diagnosed terminal illness etc year shitshow crowning glory however gotten fucked let last day beat upwards onwards,-0.6382,0.064285714,-0.978915155,neutral,Low Coping,Low Anxiety,High Depression,Low Stress,0,0,0,0,unspecified,
"I’ve never been depressed in my life before and this whole time during corona, until now, I managed to keep my spirits high but lately I just lost any motivation for life and I am so sick of not being able to do things that make me happy like I used to.

I live in a small town far away from all my childhood friends and family and it had been super hard to socialize considering current situation.

I finally got a job I wanted, but I have to do it from home and it doesn’t even make me happy I got it, just because I am not a type of person who spends a lot of time at home normally. Feeling so stuck all the time and exhausted from constantly having to put extra effort if I want to have some fun in my life. I’m used to going out, having lunch with friends, going for movies, events, meeting new people or just working together with other people and having human contact. That is one single thing that always kept me going and now it’s gone and it’s been a while now. I came to a point I’d rather get myself and everybody else sick just to get a little bit of socializing because I feel I just can’t keep going like this anymore, no matter how selfish that is and even tho I supported all safety measures all this time.

Now that is winter it just got worse, during summer I did lot of outdoor activities etc, but now I can’t even get my ski pass because there is no work in the ski resort and I don’t have money otherwise to get a pass.

All of you extroverted social beings, how are you doing? What do you do to make your life easier? Please tell me something that will help me pass this.",5,i’ve never been depressed in my life before and this whole time during corona until now i managed to keep my spirits high but lately i just lost any motivation for life and i am so sick of not being able to do things that make me happy like i used to i live in a small town far away from all my childhood friends and family and it had been super hard to socialize considering current situation i finally got a job i wanted but i have to do it from home and it doesn’t even make me happy i got it just because i am not a type of person who spends a lot of time at home normally feeling so stuck all the time and exhausted from constantly having to put extra effort if i want to have some fun in my life i’m used to going out having lunch with friends going for movies events meeting new people or just working together with other people and having human contact that is one single thing that always kept me going and now it’s gone and it’s been a while now i came to a point i’d rather get myself and everybody else sick just to get a little bit of socializing because i feel i just can’t keep going like this anymore no matter how selfish that is and even tho i supported all safety measures all this time now that is winter it just got worse during summer i did lot of outdoor activities etc but now i can’t even get my ski pass because there is no work in the ski resort and i don’t have money otherwise to get a pass all of you extroverted social beings how are you doing what do you do to make your life easier please tell me something that will help me pass this,’ never depressed life whole time corona managed keep spirit high lately lost motivation life sick able thing make happy like used live small town far away childhood friend family super hard socialize considering current situation finally got job wanted home ’ even make happy got type person spends lot time home normally feeling stuck time exhausted constantly put extra effort want fun life ’ used going lunch friend going movie event meeting new people working together people human contact one single thing always kept going ’ gone ’ came point ’ rather get everybody else sick get little bit socializing feel ’ keep going like anymore matter selfish even tho supported safety measure time winter got worse summer lot outdoor activity etc ’ even get ski pas work ski resort ’ money otherwise get pas extroverted social being make life easier please tell something help pas,0.9766,-0.006658249,-0.987020612,neutral,High Coping,High Anxiety,Low Depression,High Stress,0,1,0,0,depression,
"How do you guys do it?

I graduated college and got a good job in a pandemic, in the field I want to work in. I consider myself fairly smart and have skills that many people covet. I currently have no financial concerns whatsoever.

And yet I'm still depressed. Makes sense as I have no friends or love life. I'm lonely and it feels like I'm constantly putting on a mask. Even when I have seen ""friends"", it feels distant, same with family. Its exhausting pretending to be normal. I worry that my coworkers can tell I'm not normal.

At one point I had a small opiod habit and that was one of the only periods I was not depressed. Even when I wasn't high i felt so much purpose in getting the pills, it was like an adventure. I had no social anxiety or worries. I don't advocate drug use and ive since quit as it's not a safe path to go down.",4,how do you guys do it i graduated college and got a good job in a pandemic in the field i want to work in i consider myself fairly smart and have skills that many people covet i currently have no financial concerns whatsoever and yet im still depressed makes sense as i have no friends or love life im lonely and it feels like im constantly putting on a mask even when i have seen friends it feels distant same with family its exhausting pretending to be normal i worry that my coworkers can tell im not normal at one point i had a small opiod habit and that was one of the only periods i was not depressed even when i wasnt high i felt so much purpose in getting the pills it was like an adventure i had no social anxiety or worries i dont advocate drug use and ive since quit as its not a safe path to go down,guy graduated college got good job pandemic field want work consider fairly smart skill many people covet currently financial concern whatsoever yet im still depressed make sense friend love life im lonely feel like im constantly putting mask even seen friend feel distant family exhausting pretending normal worry coworkers tell im normal one point small opiod habit one period depressed even wasnt high felt much purpose getting pill like adventure social anxiety worry dont advocate drug use ive since quit safe path go,0.8402,0.14110119,-0.994378626,neutral,High Coping,High Anxiety,Low Depression,High Stress,0,0,0,0,unspecified,
"So I suck at opening up to people I know, so here's me venting to a ton I don't :')  


Was held for a 5150 and then voluntarily stayed for the rest of the week.  
Spent my Xmas in the hospital and now my new years will be spent at a halfway house.  
Was living in a household with violence and abuse in general occurring regularly.  
The only bright side I'm seeing is learning to tell who I can and can't trust.  
Realizing I used to focus on fixing others instead of myself.  
Just dropped another relationship because someone started doing that to me....  
Really makes me go ""wow....thats what i was like???""  
Anyways, advice? Tips? Words of wisdom and kindness?  
Doing my best to radically accept my situation, grow, and make the right kind of friends.  
Got some phone numbers in the hospital from people whom are at the very least actually working on their issues. Realizing those are the types of friends I need. Not ones that only focus on others or look to blame others.",3,so i suck at opening up to people i know so heres me venting to a ton i dont  was held for a  and then voluntarily stayed for the rest of the week spent my xmas in the hospital and now my new years will be spent at a halfway house was living in a household with violence and abuse in general occurring regularly the only bright side im seeing is learning to tell who i can and cant trust realizing i used to focus on fixing others instead of myself just dropped another relationship because someone started doing that to me really makes me go wowthats what i was like anyways advice tips words of wisdom and kindness doing my best to radically accept my situation grow and make the right kind of friends got some phone numbers in the hospital from people whom are at the very least actually working on their issues realizing those are the types of friends i need not ones that only focus on others or look to blame others,suck opening people know here venting ton dont held voluntarily stayed rest week spent xmas hospital new year spent halfway house living household violence abuse general occurring regularly bright side im seeing learning tell cant trust realizing used focus fixing others instead dropped another relationship someone started really make go wowthats like anyways advice tip word wisdom kindness best radically accept situation grow make right kind friend got phone number hospital people least actually working issue realizing type friend need one focus others look blame others,0.9081,0.224734357,-0.977935016,neutral,High Coping,High Anxiety,Low Depression,High Stress,0,0,0,0,depression,numb
"That's the first time that i ever ""speak out"" about me , im currently 16 , im depressive since 2 or 3 years can't really remember when did my life did go this wrong , broke up with the girl that i loved, moved out to a New town, lost all my friends and im not able to move on , every day i think about ending my life because everything seem's hard , i hate my whole family who never miss an occasion to make me remember how useless i am .
I know that i wont make it to 18 i just dont know when , i just cant",5,thats the first time that i ever speak out about me  im currently   im depressive since  or  years cant really remember when did my life did go this wrong  broke up with the girl that i loved moved out to a new town lost all my friends and im not able to move on  every day i think about ending my life because everything seems hard  i hate my whole family who never miss an occasion to make me remember how useless i am  i know that i wont make it to  i just dont know when  i just cant,thats first time ever speak im currently im depressive since year cant really remember life go wrong broke girl loved moved new town lost friend im able move every day think ending life everything seems hard hate whole family never miss occasion make remember useless know wont make dont know cant,-0.8464,-0.009573003,0.987710416,neutral,Low Coping,Low Anxiety,High Depression,Low Stress,0,0,0,1,unspecified,
"I feel like being alone is the only option sometimes. All I want is to be able to talk to people, and have friends, but it’d be unfair to force people to be around me when I’m this miserable all the time. I broke up with my boyfriend a few days ago because I wanted him to be happy and I thought he’d be better off without me, but now it feels like I have nothing in my life worth living for. I’m not motivated to do anything, and as much as I want to feel better I feel like I don’t even deserve to ask for help. All I want to do is to talk to him or my friends but that would defeat the purpose of isolating myself, which was so people wouldn’t have to deal with me anymore. I can’t stand the loneliness but I know I shouldn’t burden people with my presence. Nothing makes me happy anymore. The worst part is, my now ex boyfriend really does seem happier without me. Now that I see how well he’s doing without me I feel like I don’t deserve to get past this and have people in my life again.",5,i feel like being alone is the only option sometimes all i want is to be able to talk to people and have friends but it’d be unfair to force people to be around me when i’m this miserable all the time i broke up with my boyfriend a few days ago because i wanted him to be happy and i thought he’d be better off without me but now it feels like i have nothing in my life worth living for i’m not motivated to do anything and as much as i want to feel better i feel like i don’t even deserve to ask for help all i want to do is to talk to him or my friends but that would defeat the purpose of isolating myself which was so people wouldn’t have to deal with me anymore i can’t stand the loneliness but i know i shouldn’t burden people with my presence nothing makes me happy anymore the worst part is my now ex boyfriend really does seem happier without me now that i see how well he’s doing without me i feel like i don’t deserve to get past this and have people in my life again,feel like alone option sometimes want able talk people friend ’ unfair force people around ’ miserable time broke boyfriend day ago wanted happy thought ’ better without feel like nothing life worth living ’ motivated anything much want feel better feel like ’ even deserve ask help want talk friend would defeat purpose isolating people ’ deal anymore ’ stand loneliness know ’ burden people presence nothing make happy anymore worst part ex boyfriend really seem happier without see well ’ without feel like ’ deserve get past people life,-0.1077,0.0875,-0.99715662,negative coping,Low Coping,Low Anxiety,Moderate Depression,Low Stress,0,0,0,0,unspecified,
"I'm 20 and currently in my second year of getting a degree. I was always close with my mother. Up to the age of 14, I would cry over advertisements/shows/movies that has some kind of mother sacrifices bs in it. I wrote a book full of poems for her. Then, I got into medical school for her. I got a scholarship for her. You would think she would be content with what I am and what I strive to be. But for the past few years, she has gaslighted me, threw me under the bus and took sides. Few months ago, I had a big fight with my elder brother who always went out disregarding the pandemic shit and I thought mom and dad would get infected one day because of him. It was a huge fight, my skin peeled off of my forehead. Few days after that, my mom said I was in the wrong and that I never took any traits after her which was unfortunate in her eyes. Not to mention, 2 years ago she said she regretted not bringing me up like other daughters. She referred this to me staying in my room all night instead of attending to my family and socializing. She constantly compared me with other daughters throughout the years and it broke my self-esteem day by day for 6 years. Today, New Year's Eve, they were supposed to visit my eldest brother and I told her 4 days prior I'm not going. Today, she told my dad and brother stuff that made them hate me. She said I haven't been trying to finish my work to make it and she said I have other plans in mind (inviting my relatives over). Both of which I know she knows aren't true. My dad told me to shut the fuck up when I tried to defend my own ass. Over the years, mom never let me hold her hand, and I cant remember the last time I felt her hands. I can't recall times she ask me how I'm doing apart from the times she picked me up from school when I was 10. She used to love me, wait for me, and smile at me. But now, I'm certain if I were to tell her I want to take my own life, she would tell me to not tell my family and just do it. I'm scared of hating her because I know I will regret it sooner when she's gone, but God, do I hate her for breaking me apart. She looks at me with hatred and she couldn't care less if I starved for days. I just want to kill myself to make her see that I do love her with all my fucking heart.",5,im  and currently in my second year of getting a degree i was always close with my mother up to the age of  i would cry over advertisementsshowsmovies that has some kind of mother sacrifices bs in it i wrote a book full of poems for her then i got into medical school for her i got a scholarship for her you would think she would be content with what i am and what i strive to be but for the past few years she has gaslighted me threw me under the bus and took sides few months ago i had a big fight with my elder brother who always went out disregarding the pandemic shit and i thought mom and dad would get infected one day because of him it was a huge fight my skin peeled off of my forehead few days after that my mom said i was in the wrong and that i never took any traits after her which was unfortunate in her eyes not to mention  years ago she said she regretted not bringing me up like other daughters she referred this to me staying in my room all night instead of attending to my family and socializing she constantly compared me with other daughters throughout the years and it broke my selfesteem day by day for  years today new years eve they were supposed to visit my eldest brother and i told her  days prior im not going today she told my dad and brother stuff that made them hate me she said i havent been trying to finish my work to make it and she said i have other plans in mind inviting my relatives over both of which i know she knows arent true my dad told me to shut the fuck up when i tried to defend my own ass over the years mom never let me hold her hand and i cant remember the last time i felt her hands i cant recall times she ask me how im doing apart from the times she picked me up from school when i was  she used to love me wait for me and smile at me but now im certain if i were to tell her i want to take my own life she would tell me to not tell my family and just do it im scared of hating her because i know i will regret it sooner when shes gone but god do i hate her for breaking me apart she looks at me with hatred and she couldnt care less if i starved for days i just want to kill myself to make her see that i do love her with all my fucking heart,im currently second year getting degree always close mother age would cry advertisementsshowsmovies kind mother sacrifice b wrote book full poem got medical school got scholarship would think would content strive past year gaslighted threw bus took side month ago big fight elder brother always went disregarding pandemic shit thought mom dad would get infected one day huge fight skin peeled forehead day mom said wrong never took trait unfortunate eye mention year ago said regretted bringing like daughter referred staying room night instead attending family socializing constantly compared daughter throughout year broke selfesteem day day year today new year eve supposed visit eldest brother told day prior im going today told dad brother stuff made hate said havent trying finish work make said plan mind inviting relative know know arent true dad told shut fuck tried defend as year mom never let hold hand cant remember last time felt hand cant recall time ask im apart time picked school used love wait smile im certain tell want take life would tell tell family im scared hating know regret sooner shes gone god hate breaking apart look hatred couldnt care less starved day want kill make see love fucking heart,-0.9722,-0.034640693,-0.98508966,neutral,Low Coping,Low Anxiety,High Depression,Low Stress,0,0,0,0,unspecified,
"I’ve struggled with depression a lot of my life. Just as I get better, I get blindsided by a breakup with the person I thought I’d spend the rest of my life with. I’m in a bad spot. I tried to chat the suicide hotline and no one is responding. I’m kind of scared to call them but wondering if I should. I have absolutely no idea how to get through this during a period of isolation, winter, and in this pandemic. I feel broken and worthless. All men always say I’m nice but no... apparently I’m not good enough for more. I’m already on medication.",5,i’ve struggled with depression a lot of my life just as i get better i get blindsided by a breakup with the person i thought i’d spend the rest of my life with i’m in a bad spot i tried to chat the suicide hotline and no one is responding i’m kind of scared to call them but wondering if i should i have absolutely no idea how to get through this during a period of isolation winter and in this pandemic i feel broken and worthless all men always say i’m nice but no apparently i’m not good enough for more i’m already on medication,’ struggled depression lot life get better get blindsided breakup person thought ’ spend rest life ’ bad spot tried chat suicide hotline one responding ’ kind scared call wondering absolutely idea get period isolation winter pandemic feel broken worthless men always say ’ nice apparently ’ good enough ’ already medication,-0.9287,0.077777778,-0.989190817,neutral,Low Coping,Low Anxiety,High Depression,Low Stress,0,1,0,1,depression,worthless
"I think I can safely say most of us here desperately need someone to give a shit about us. And I don’t know why it’s so difficult for people to get out of their own asses and just say “hey, I know you’re going through some shit but I’m here for you and I’m proud you’ve made it this far” and actually fucking mean it.

I’m tired of people telling me that suicide is selfish, when the entire world around us is selfish. Just because someone superficially “needs” me in their life does not make me want to kill myself any less. I’m in pain and I desperately need help that I am not strong enough to get.

Why is it so hard for others to care?",5,i think i can safely say most of us here desperately need someone to give a shit about us and i don’t know why it’s so difficult for people to get out of their own asses and just say “hey i know you’re going through some shit but i’m here for you and i’m proud you’ve made it this far” and actually fucking mean it i’m tired of people telling me that suicide is selfish when the entire world around us is selfish just because someone superficially “needs” me in their life does not make me want to kill myself any less i’m in pain and i desperately need help that i am not strong enough to get why is it so hard for others to care,think safely say u desperately need someone give shit u ’ know ’ difficult people get ass say “ hey know ’ going shit ’ ’ proud ’ made far ” actually fucking mean ’ tired people telling suicide selfish entire world around u selfish someone superficially “ need ” life make want kill less ’ pain desperately need help strong enough get hard others care,-0.9759,-0.143382353,-0.995340705,neutral,Low Coping,Low Anxiety,High Depression,Low Stress,0,1,0,0,depression,
I started losing weight when I started dating him. He was my first real relationship (first kiss) (21f) and he tried getting me to have sex and do all these things. The day after I let him touch my breasts for the first time (after two months of dating) and not allowing anything else (he knew I was a virgin and planning on staying like that since the beginning)  the day after he broke up over text even though the day before he said he loved me and wasn’t planning on leaving and there’s just a whole bunch of other crap I dealt with in the relationship. It’s been several months since we split and I still miss certain parts but I’m so hurt still. People tell me that I need to get over it and move on but I feel so abandoned. I lost ten pounds dating him (2 months of dating,3,i started losing weight when i started dating him he was my first real relationship first kiss f and he tried getting me to have sex and do all these things the day after i let him touch my breasts for the first time after two months of dating and not allowing anything else he knew i was a virgin and planning on staying like that since the beginning the day after he broke up over text even though the day before he said he loved me and wasn’t planning on leaving and there’s just a whole bunch of other crap i dealt with in the relationship it’s been several months since we split and i still miss certain parts but i’m so hurt still people tell me that i need to get over it and move on but i feel so abandoned i lost ten pounds dating him  months of dating,started losing weight started dating first real relationship first kiss f tried getting sex thing day let touch breast first time two month dating allowing anything else knew virgin planning staying like since beginning day broke text even though day said loved ’ planning leaving ’ whole bunch crap dealt relationship ’ several month since split still miss certain part ’ hurt still people tell need get move feel abandoned lost ten pound dating month dating,-0.7184,0.126428571,-0.99580574,neutral,Low Coping,Low Anxiety,High Depression,Low Stress,0,0,0,0,unspecified,
i’ve been feeling super depressed lately due to the fact that i keep forgetting my meds and my bestfriend has been ignoring me for other people. he tells me he wants me to open up and ive been trying to but it seems like he just either ignores it like it’s nothing or when i tell him i wanna ft he says he cant because hes face timing someone who hes been talking to all day. ive been cutting because of this and it bringing up shit in my past that happened with past friends. is it something wrong with me? idk,5,i’ve been feeling super depressed lately due to the fact that i keep forgetting my meds and my bestfriend has been ignoring me for other people he tells me he wants me to open up and ive been trying to but it seems like he just either ignores it like it’s nothing or when i tell him i wanna ft he says he cant because hes face timing someone who hes been talking to all day ive been cutting because of this and it bringing up shit in my past that happened with past friends is it something wrong with me idk,’ feeling super depressed lately due fact keep forgetting med bestfriend ignoring people tell want open ive trying seems like either ignores like ’ nothing tell wan na ft say cant he face timing someone he talking day ive cutting bringing shit past happened past friend something wrong idk,-0.4215,-0.199074074,-0.998662353,neutral,Low Coping,Low Anxiety,Moderate Depression,Low Stress,0,0,0,0,unspecified,
"Last year, at the recommendation of my psychiatrist they recommend I go to the emergency room because I'm feeling suicidal and very low (which is a default mode for me). I go and all that's done is giving me paper clothes that I can't hang myself with, get my blood drawn, and talk to a doctor via webcam. We decide that the best course of option is to release me because keeping me longer and making me miss work would make me even more suicidal because I'd fall behind on bills. I spend a total of about 2-3 hours there.

ONE YEAR LATER...

I get hounded by a bill collector and am informed of a $700 bill which by this point I managed to whittle down to $350 and am still working on.

I get hounded by another bill collector and informed of a $2000 bill for the same afternoon. At this point I'm furious and begin breaking things in my apartment. Because I can't recall anything done that day that warrants such a bill. I will definitely never go to the hospital again. I get hit by a car, I get the staples and duct tape. Catch the virus? Nyquil it is.

I'm so pissed I can't think straight, which could ironically lead to suicide! Life is a fucking joke and I figure I'll just treat it like that and ignore it for now. And if it ever escalates, I'll give them a personal visit and end up on a chyron on CNN.",5,last year at the recommendation of my psychiatrist they recommend i go to the emergency room because im feeling suicidal and very low which is a default mode for me i go and all thats done is giving me paper clothes that i cant hang myself with get my blood drawn and talk to a doctor via webcam we decide that the best course of option is to release me because keeping me longer and making me miss work would make me even more suicidal because id fall behind on bills i spend a total of about  hours there one year later i get hounded by a bill collector and am informed of a  bill which by this point i managed to whittle down to  and am still working on i get hounded by another bill collector and informed of a  bill for the same afternoon at this point im furious and begin breaking things in my apartment because i cant recall anything done that day that warrants such a bill i will definitely never go to the hospital again i get hit by a car i get the staples and duct tape catch the virus nyquil it is im so pissed i cant think straight which could ironically lead to suicide life is a fucking joke and i figure ill just treat it like that and ignore it for now and if it ever escalates ill give them a personal visit and end up on a chyron on cnn,last year recommendation psychiatrist recommend go emergency room im feeling suicidal low default mode go thats done giving paper clothes cant hang get blood drawn talk doctor via webcam decide best course option release keeping longer making miss work would make even suicidal id fall behind bill spend total hour one year later get hounded bill collector informed bill point managed whittle still working get hounded another bill collector informed bill afternoon point im furious begin breaking thing apartment cant recall anything done day warrant bill definitely never go hospital get hit car get staple duct tape catch virus nyquil im pissed cant think straight could ironically lead suicide life fucking joke figure ill treat like ignore ever escalates ill give personal visit end chyron cnn,-0.9567,-0.066666667,-0.99790287,negative coping,Low Coping,Low Anxiety,High Depression,Low Stress,0,0,0,0,unspecified,
Currently I’m 25 living and working in my fathers old house in my childhood bedroom and I’m starting to go crazy. I have no social life. No plans. Most of my friends are in different states/in relationships so I can’t hang out with them. I FaceTime people occasionally and randomly meet up with people but it’s so depressing. I feel so alone and like I’m wasting my 20s. I don’t know what to do but being in my house all day is driving me insane.,5,currently i’m  living and working in my fathers old house in my childhood bedroom and i’m starting to go crazy i have no social life no plans most of my friends are in different statesin relationships so i can’t hang out with them i facetime people occasionally and randomly meet up with people but it’s so depressing i feel so alone and like i’m wasting my s i don’t know what to do but being in my house all day is driving me insane,currently ’ living working father old house childhood bedroom ’ starting go crazy social life plan friend different statesin relationship ’ hang facetime people occasionally randomly meet people ’ depressing feel alone like ’ wasting ’ know house day driving insane,-0.6908,-0.285185185,-0.996705949,negative coping,Low Coping,Low Anxiety,High Depression,Low Stress,0,0,0,0,unspecified,
"

Hello there I am too confused about how to confess my problems but I need your help I am going through major depression ....just because I don't know if whatever I did was a sinful act or what. I am an Indian girl in my country and what I did was never accepted so I can't even share this with anyone. I am an Indian girl in my country and what I did was never accepted so I can't even share this with anyone.

so 1 year ago... I went to my uncle's house (my father's brother) for my further education. I never wanted to stay with them as my uncles, his wife never liked me but still, I had to stay there, they have their only son who used to be my good friend since childhood.

let me share one important thing we never saw each other as siblings because we never met in the past we used to talk on Instagram si, nice 2015.he had a girlfriend already but still, he used to share some dank memes and some posts which were not appropriate to share with your sister and I was innocent I never knew he liked me as a girl.

so when I started living in his house....he started showing me some efforts that he loves me and proposed to me 5 times cuz we were friends I never knew what he wants but in the end, I thought he loves me so I accepted his proposal and started dating him(it's illegal to date your first cousin in India).but after some times I fell in love with him he asked me to have sex and as we were in the relationship we did it.
and after 8 months of relationship one day, his mom caught us .....and after that day she started making me feel guilty about it and slut-shaming and all she thinks that I am the one who attracted his son by showing my legs and body figure. look whatever I did was wrong or right I won't know but I loved him I still love him but whatever my aunt said about me is killing me every day.....I feel suicidal, slut and disgust is it a sin to love your first cousin?

should I die? I mean my aunt make me feel guilty every time I always get slut shaming.",5, hello there i am too confused about how to confess my problems but i need your help i am going through major depression just because i dont know if whatever i did was a sinful act or what i am an indian girl in my country and what i did was never accepted so i cant even share this with anyone i am an indian girl in my country and what i did was never accepted so i cant even share this with anyone so  year ago i went to my uncles house my fathers brother for my further education i never wanted to stay with them as my uncles his wife never liked me but still i had to stay there they have their only son who used to be my good friend since childhood let me share one important thing we never saw each other as siblings because we never met in the past we used to talk on instagram si nice he had a girlfriend already but still he used to share some dank memes and some posts which were not appropriate to share with your sister and i was innocent i never knew he liked me as a girl so when i started living in his househe started showing me some efforts that he loves me and proposed to me  times cuz we were friends i never knew what he wants but in the end i thought he loves me so i accepted his proposal and started dating himits illegal to date your first cousin in indiabut after some times i fell in love with him he asked me to have sex and as we were in the relationship we did it and after  months of relationship one day his mom caught us and after that day she started making me feel guilty about it and slutshaming and all she thinks that i am the one who attracted his son by showing my legs and body figure look whatever i did was wrong or right i wont know but i loved him i still love him but whatever my aunt said about me is killing me every dayi feel suicidal slut and disgust is it a sin to love your first cousin should i die i mean my aunt make me feel guilty every time i always get slut shaming,hello confused confess problem need help going major depression dont know whatever sinful act indian girl country never accepted cant even share anyone indian girl country never accepted cant even share anyone year ago went uncle house father brother education never wanted stay uncle wife never liked still stay son used good friend since childhood let share one important thing never saw sibling never met past used talk instagram si nice girlfriend already still used share dank meme post appropriate share sister innocent never knew liked girl started living househe started showing effort love proposed time cuz friend never knew want end thought love accepted proposal started dating himits illegal date first cousin indiabut time fell love asked sex relationship month relationship one day mom caught u day started making feel guilty slutshaming think one attracted son showing leg body figure look whatever wrong right wont know loved still love whatever aunt said killing every dayi feel suicidal slut disgust sin love first cousin die mean aunt make feel guilty every time always get slut shaming,-0.8808,0.170238095,-0.996619582,neutral,Low Coping,Low Anxiety,High Depression,Low Stress,0,0,0,0,unspecified,
"Our world doesn’t want men here. I don’t care to argue anymore. I don’t want to buy prostitutes. In the end, I know no one loves me in this fucked up world. 

I’m just hoping to kill myself soon. If anyone wants to talk fine. But I don’t want to hear any bs that I’ve already heard.",5,our world doesn’t want men here i don’t care to argue anymore i don’t want to buy prostitutes in the end i know no one loves me in this fucked up world i’m just hoping to kill myself soon if anyone wants to talk fine but i don’t want to hear any bs that i’ve already heard,world ’ want men ’ care argue anymore ’ want buy prostitute end know one love fucked world ’ hoping kill soon anyone want talk fine ’ want hear b ’ already heard,0.1779,0.105555556,-0.995008826,neutral,Moderate Coping,Moderate Anxiety,Low Depression,Moderate Stress,0,0,0,0,unspecified,
"
I’m greatful that I’ve made it to the grand old age of 22 and never spent a New Year’s Eve alone . I suffer from cystic fibrosis so this year I’m spending it Alone , it totally logical and I fully understand why , but I’m sad . I know I sound like a winy child but I’m really depressed that when we count down to new year I won’t have anyone to hug or kiss the new year in with . Might just go to bed , fuck you 2020 . God bless ❤️",4, i’m greatful that i’ve made it to the grand old age of  and never spent a new year’s eve alone  i suffer from cystic fibrosis so this year i’m spending it alone  it totally logical and i fully understand why  but i’m sad  i know i sound like a winy child but i’m really depressed that when we count down to new year i won’t have anyone to hug or kiss the new year in with  might just go to bed  fuck you   god bless ❤️,’ greatful ’ made grand old age never spent new year ’ eve alone suffer cystic fibrosis year ’ spending alone totally logical fully understand ’ sad know sound like winy child ’ really depressed count new year ’ anyone hug kiss new year might go bed fuck god bless ❤️,-0.3933,0.091735537,-0.958851814,negative coping,Low Coping,Low Anxiety,Moderate Depression,Low Stress,0,1,0,0,depression,
"No one LITERALLY FUCKING NO ONE has talked or even invited me to hang out for New Years, I just looked at my mates story and it’s my 3 “closest friends” hanging out and having fun. Why does everyone seem to hate me? I’m not “too nice” or a cunt to people, I don’t make a fuss or start shit and I just chill. All my life I’ve seem to ignored for some reason and it’s driving me fucking insane! Fuck everything right now.

But for you guys, have a lovely New Years!",4,no one literally fucking no one has talked or even invited me to hang out for new years i just looked at my mates story and it’s my  “closest friends” hanging out and having fun why does everyone seem to hate me i’m not “too nice” or a cunt to people i don’t make a fuss or start shit and i just chill all my life i’ve seem to ignored for some reason and it’s driving me fucking insane fuck everything right now but for you guys have a lovely new years,one literally fucking one talked even invited hang new year looked mate story ’ “ closest friend ” hanging fun everyone seem hate ’ “ nice ” cunt people ’ make fuss start shit chill life ’ seem ignored reason ’ driving fucking insane fuck everything right guy lovely new year,-0.7559,-0.094687131,-0.995474875,neutral,Low Coping,Low Anxiety,High Depression,Low Stress,0,0,0,0,unspecified,
"Hey there, anonymous friends. 

Just wanted to let you know that you have made my year more manageable, made me smile, cry &amp; think - even laugh (shock horror!)

I hate this time of year for many reasons, all of which are serious, some of which are uniquely mine, and most of which, I think we all can relate to. 

I’m writing this from a locked room, cowering from the celebration circus screaming about “friendship!”, “family!”, “fornication!”...the fucking future, etc. I couldn’t give less of a shit if I actually tried - but that’s fine.

Anyway, I wanted to say “happy f**n New Year!” to anyone else who’s not in a great place, or on their own unexpectedly, whomever or wherever you might be. Someone out there is thinking about you and wishing you nothing but good things.

And hey ho, a whole 365 days before the next one 😜 

Arohanui from Aotearoa xxx",1,hey there anonymous friends just wanted to let you know that you have made my year more manageable made me smile cry amp think  even laugh shock horror i hate this time of year for many reasons all of which are serious some of which are uniquely mine and most of which i think we all can relate to i’m writing this from a locked room cowering from the celebration circus screaming about “friendship” “family” “fornication”the fucking future etc i couldn’t give less of a shit if i actually tried  but that’s fine anyway i wanted to say “happy fn new year” to anyone else who’s not in a great place or on their own unexpectedly whomever or wherever you might be someone out there is thinking about you and wishing you nothing but good things and hey ho a whole  days before the next one 😜 arohanui from aotearoa xxx,hey anonymous friend wanted let know made year manageable made smile cry amp think even laugh shock horror hate time year many reason serious uniquely mine think relate ’ writing locked room cowering celebration circus screaming “ friendship ” “ family ” “ fornication ” fucking future etc ’ give less shit actually tried ’ fine anyway wanted say “ happy fn new year ” anyone else ’ great place unexpectedly whomever wherever might someone thinking wishing nothing good thing hey ho whole day next one 😜 arohanui aotearoa xxx,0.2469,0.173779461,-0.958645046,neutral,Moderate Coping,Moderate Anxiety,Low Depression,Moderate Stress,0,0,0,0,unspecified,
"I'm still not sure. I got out of and episode not too long ago. Been feeling ok. Never truly happy but that's always been. I can tell when I'm better though. Found this sub and just wanted to rant and get it off my chest. I just feel so disconnected from everything and everyone. Which isn't really a bad thing because honestly I've always loved isolation. Connecting with people is exhausting and I'm only comfortable being alone. I do love my s/o and love spending time with her. I just mean life in general. I'm the most loving and empathetic person but at the same time, outside of my relationship I don't really have family, friends, etc. That I strongly connect with. It's not the absence of a connection that gets to me, because I don't crave any for the most part. It does however further the ""self hatred"" aspect of things. Like, self expression of what's wrong with me and what not. I feel like another numbing episode is going to start. I haven't been cleaning despite being and OCD freak, haven't been eating right despite health concerns, I don't really want to do anything whatsoever. Conversations are more draining than usual. I wish I could just be left alone, but I know that's not an option or healthy. Just wanted to rant a little bit. I don't really have the energy to express all of it.",2,im still not sure i got out of and episode not too long ago been feeling ok never truly happy but thats always been i can tell when im better though found this sub and just wanted to rant and get it off my chest i just feel so disconnected from everything and everyone which isnt really a bad thing because honestly ive always loved isolation connecting with people is exhausting and im only comfortable being alone i do love my so and love spending time with her i just mean life in general im the most loving and empathetic person but at the same time outside of my relationship i dont really have family friends etc that i strongly connect with its not the absence of a connection that gets to me because i dont crave any for the most part it does however further the self hatred aspect of things like self expression of whats wrong with me and what not i feel like another numbing episode is going to start i havent been cleaning despite being and ocd freak havent been eating right despite health concerns i dont really want to do anything whatsoever conversations are more draining than usual i wish i could just be left alone but i know thats not an option or healthy just wanted to rant a little bit i dont really have the energy to express all of it,im still sure got episode long ago feeling ok never truly happy thats always tell im better though found sub wanted rant get chest feel disconnected everything everyone isnt really bad thing honestly ive always loved isolation connecting people exhausting im comfortable alone love love spending time mean life general im loving empathetic person time outside relationship dont really family friend etc strongly connect absence connection get dont crave part however self hatred aspect thing like self expression whats wrong feel like another numbing episode going start havent cleaning despite ocd freak havent eating right despite health concern dont really want anything whatsoever conversation draining usual wish could left alone know thats option healthy wanted rant little bit dont really energy express,0.9597,0.187279541,-0.993726194,negative coping,High Coping,High Anxiety,Low Depression,High Stress,0,1,0,0,depression,numb
"I don’t even know where to begin, honestly I’m hoping everything will just kind of work it’s way out without being too long. I’m a father of 4 boys and husband (common-law thanks to life so far) the last almost 6 years have been a consistent battle with being kicked down by life to where I’m running out of ideas on what to do to support my family. When my then girlfriend now spouse first moved in together it was good, and then we were expecting our first born and it was scary/exciting up until the last month where she had an affair, and that’s where the downhill starts. Shortly after we would welcome our son into the world and continue working through what happened. Following this as we started to build our family together while navigating being first parents as well as recovering from adultery I would become unjustly terminated from my job, and then abandoned by my union despite the case being air tight against the company. 

Our troubles really pick up here and I will try to navigate them as point form as possible. We would become reliant on Employment Insurance for the next year and struggle to make ends meet while I looked for work, upon doing this we had a mutual friend who fell on hard times and had him come stay with us. This would result in another affair more extensive affair that would take a long time to work through and navigate. Following this I was able to pick up some contracting work through road construction and start stabilizing financially while working on our relationship. A while after that we became pregnant with our second child that brought a lot of comfort and stability for the duration of the pregnancy and early parts of infancy. Shortly after he was born I landed myself a fairly decent job in another city and we made the move for it. Life here seemed to stable out a little bit with it never going to far ahead but never going to far backwards either but due to the financial stress and burden from previous years it was still quite rocky. 

This would go on for 2.5 years and then 2019 happened. In 2019 our pregnancy with our twins took an unexpected turn that had her emergency airlifted to another province in a major city 8 hours away in the middle of winter. The long story kept short is she became hospitalized for the next 8 weeks until she was in the best optimum time to deliver. During this I had to go on a leave of absence that cut majorly into our finances (we felt we could make it up once it was all said and done) while also finally having a needed surgery completed the afternoon before she was induced. (drove all the way there the next morning as well) Despite complications that almost cost us our youngest twin the hospital was as efficient as possible and although it felt like eternity we welcomed two beautiful babies into the world with one needing a bit more help. Once we were back home I was pending to go back to work once my surgery was healed from. After I had healed I was back to work for a rotation and a half (3 weeks) and then due to a declining market was involuntarily unemployed. 

Back to EI, this time with a significantly more expensive cost of living, babies who require expensive medication, and two older children alongside a larger more costly home etc. This only lasted beginning of June to the absolute end of November but nonetheless was stressful due to having not worked essentially all of 2019. What I thought was a saving grace and a fresh start would become an absolute nightmare. I would be verbally abused by my superintendent whenever alone, ridiculed for factors completely outside of my responsibilities, mocked and belittled when a family emergency arose that called me away, mocked for current financial standing when a vehicle issue arose that prevented me from having the ability to leave work etc. To summarize family emergencies our second child almost died to kick of February 2020 came back to work 24 hours later because we desperately needed $ to get bills back in control and he was stable, proceeded to have my hand fractured and try to work through it to then be mocked for having a breakdown when the shock finally sunk in on almost losing the little man, covid, vehicle repairs/tow from work site, torn ankle muscle from years of injuries finally catching up, our twins developing severe pneumatic bronchitis that could have been fatal... you get the picture (2020 sucked the most)

During the final crisis mention  I was finally lined up for a job in our current city that we had moved for years prior (the bullying gig I had was 2 hours away and I commuted for it every week with no lates/absences) and due to all the circumstance as mentioned I jumped at it, put in my notice and washed my hands. Only to then be ghosted by the company upon my start date and every subsequent day following. I have since had to submit all records of contact to our local branch for investigation as what happened is illegal but this process will take months if I’m lucky. 

So now we are back on EI with essentially no work in the last 2 years with the previous 2.5 years having been spent doing damage control from the last job fall out and I don’t know what to do. EI only lasts for a year, school is almost completely out of the question, my dream job to be an RCMP officer got a ways in but due to a collection having been in our recent history we have to wait for that period to be over and then I can reapply which due to covid even if approved could take years to get to depot. (Collection was a hospital bill that we never received from the twins air lift during the labour [insurance A was supposed to cover but forms never sent out by hospital and B they sent it to the wrong address and never followed up]) Due to covid jobs are scarce to come by.

No matter how hard I try, how disposable I make myself I seem to fail. Every time we finally start to get stable we get shit kicked practically to bankruptcy and it’s been nearly 6 years. I’m half way through my 20’s and I have no idea what to do, at this point I’m considering enlisting because it was always something I strongly considered before I met my wife and maybe it’s an avenue worth exploring. I don’t know if I’m supposed to ask a question at the end and I promise I did my best to keep it shorter as there’s so much that’s happened especially recently but my mental health is at its limit and I don’t know where else to turn other than typing it out. 

Currently I’m searching for work while also doing a creative hobby with the extra free time through Twitch (I was building a brand on YouTube back when I was in between jobs before the move 3 something years ago) and it seems to be helping/gives hope that maybe these digital media’s may also provide some form of stability down the road.

At the end of the day I feel like an utter failure the best of times and I truly understand the desire to just end it all; but I have a duty to my kids, my wife, my family, my friends, and myself to not give up and to just keep trying, it just feels like there’s an emptiness starting to get more of a hold each time.",3,i don’t even know where to begin honestly i’m hoping everything will just kind of work it’s way out without being too long i’m a father of  boys and husband commonlaw thanks to life so far the last almost  years have been a consistent battle with being kicked down by life to where i’m running out of ideas on what to do to support my family when my then girlfriend now spouse first moved in together it was good and then we were expecting our first born and it was scaryexciting up until the last month where she had an affair and that’s where the downhill starts shortly after we would welcome our son into the world and continue working through what happened following this as we started to build our family together while navigating being first parents as well as recovering from adultery i would become unjustly terminated from my job and then abandoned by my union despite the case being air tight against the company our troubles really pick up here and i will try to navigate them as point form as possible we would become reliant on employment insurance for the next year and struggle to make ends meet while i looked for work upon doing this we had a mutual friend who fell on hard times and had him come stay with us this would result in another affair more extensive affair that would take a long time to work through and navigate following this i was able to pick up some contracting work through road construction and start stabilizing financially while working on our relationship a while after that we became pregnant with our second child that brought a lot of comfort and stability for the duration of the pregnancy and early parts of infancy shortly after he was born i landed myself a fairly decent job in another city and we made the move for it life here seemed to stable out a little bit with it never going to far ahead but never going to far backwards either but due to the financial stress and burden from previous years it was still quite rocky this would go on for  years and then  happened in  our pregnancy with our twins took an unexpected turn that had her emergency airlifted to another province in a major city  hours away in the middle of winter the long story kept short is she became hospitalized for the next  weeks until she was in the best optimum time to deliver during this i had to go on a leave of absence that cut majorly into our finances we felt we could make it up once it was all said and done while also finally having a needed surgery completed the afternoon before she was induced drove all the way there the next morning as well despite complications that almost cost us our youngest twin the hospital was as efficient as possible and although it felt like eternity we welcomed two beautiful babies into the world with one needing a bit more help once we were back home i was pending to go back to work once my surgery was healed from after i had healed i was back to work for a rotation and a half  weeks and then due to a declining market was involuntarily unemployed back to ei this time with a significantly more expensive cost of living babies who require expensive medication and two older children alongside a larger more costly home etc this only lasted beginning of june to the absolute end of november but nonetheless was stressful due to having not worked essentially all of  what i thought was a saving grace and a fresh start would become an absolute nightmare i would be verbally abused by my superintendent whenever alone ridiculed for factors completely outside of my responsibilities mocked and belittled when a family emergency arose that called me away mocked for current financial standing when a vehicle issue arose that prevented me from having the ability to leave work etc to summarize family emergencies our second child almost died to kick of february  came back to work  hours later because we desperately needed  to get bills back in control and he was stable proceeded to have my hand fractured and try to work through it to then be mocked for having a breakdown when the shock finally sunk in on almost losing the little man covid vehicle repairstow from work site torn ankle muscle from years of injuries finally catching up our twins developing severe pneumatic bronchitis that could have been fatal you get the picture  sucked the most during the final crisis mention i was finally lined up for a job in our current city that we had moved for years prior the bullying gig i had was  hours away and i commuted for it every week with no latesabsences and due to all the circumstance as mentioned i jumped at it put in my notice and washed my hands only to then be ghosted by the company upon my start date and every subsequent day following i have since had to submit all records of contact to our local branch for investigation as what happened is illegal but this process will take months if i’m lucky so now we are back on ei with essentially no work in the last  years with the previous  years having been spent doing damage control from the last job fall out and i don’t know what to do ei only lasts for a year school is almost completely out of the question my dream job to be an rcmp officer got a ways in but due to a collection having been in our recent history we have to wait for that period to be over and then i can reapply which due to covid even if approved could take years to get to depot collection was a hospital bill that we never received from the twins air lift during the labour insurance a was supposed to cover but forms never sent out by hospital and b they sent it to the wrong address and never followed up due to covid jobs are scarce to come by no matter how hard i try how disposable i make myself i seem to fail every time we finally start to get stable we get shit kicked practically to bankruptcy and it’s been nearly  years i’m half way through my ’s and i have no idea what to do at this point i’m considering enlisting because it was always something i strongly considered before i met my wife and maybe it’s an avenue worth exploring i don’t know if i’m supposed to ask a question at the end and i promise i did my best to keep it shorter as there’s so much that’s happened especially recently but my mental health is at its limit and i don’t know where else to turn other than typing it out currently i’m searching for work while also doing a creative hobby with the extra free time through twitch i was building a brand on youtube back when i was in between jobs before the move  something years ago and it seems to be helpinggives hope that maybe these digital media’s may also provide some form of stability down the road at the end of the day i feel like an utter failure the best of times and i truly understand the desire to just end it all but i have a duty to my kids my wife my family my friends and myself to not give up and to just keep trying it just feels like there’s an emptiness starting to get more of a hold each time,’ even know begin honestly ’ hoping everything kind work ’ way without long ’ father boy husband commonlaw thanks life far last almost year consistent battle kicked life ’ running idea support family girlfriend spouse first moved together good expecting first born scaryexciting last month affair ’ downhill start shortly would welcome son world continue working happened following started build family together navigating first parent well recovering adultery would become unjustly terminated job abandoned union despite case air tight company trouble really pick try navigate point form possible would become reliant employment insurance next year struggle make end meet looked work upon mutual friend fell hard time come stay u would result another affair extensive affair would take long time work navigate following able pick contracting work road construction start stabilizing financially working relationship became pregnant second child brought lot comfort stability duration pregnancy early part infancy shortly born landed fairly decent job another city made move life seemed stable little bit never going far ahead never going far backwards either due financial stress burden previous year still quite rocky would go year happened pregnancy twin took unexpected turn emergency airlifted another province major city hour away middle winter long story kept short became hospitalized next week best optimum time deliver go leave absence cut majorly finance felt could make said done also finally needed surgery completed afternoon induced drove way next morning well despite complication almost cost u youngest twin hospital efficient possible although felt like eternity welcomed two beautiful baby world one needing bit help back home pending go back work surgery healed healed back work rotation half week due declining market involuntarily unemployed back ei time significantly expensive cost living baby require expensive medication two older child alongside larger costly home etc lasted beginning june absolute end november nonetheless stressful due worked essentially thought saving grace fresh start would become absolute nightmare would verbally abused superintendent whenever alone ridiculed factor completely outside responsibility mocked belittled family emergency arose called away mocked current financial standing vehicle issue arose prevented ability leave work etc summarize family emergency second child almost died kick february came back work hour later desperately needed get bill back control stable proceeded hand fractured try work mocked breakdown shock finally sunk almost losing little man covid vehicle repairstow work site torn ankle muscle year injury finally catching twin developing severe pneumatic bronchitis could fatal get picture sucked final crisis mention finally lined job current city moved year prior bullying gig hour away commuted every week latesabsences due circumstance mentioned jumped put notice washed hand ghosted company upon start date every subsequent day following since submit record contact local branch investigation happened illegal process take month ’ lucky back ei essentially work last year previous year spent damage control last job fall ’ know ei last year school almost completely question dream job rcmp officer got way due collection recent history wait period reapply due covid even approved could take year get depot collection hospital bill never received twin air lift labour insurance supposed cover form never sent hospital b sent wrong address never followed due covid job scarce come matter hard try disposable make seem fail every time finally start get stable get shit kicked practically bankruptcy ’ nearly year ’ half way ’ idea point ’ considering enlisting always something strongly considered met wife maybe ’ avenue worth exploring ’ know ’ supposed ask question end promise best keep shorter ’ much ’ happened especially recently mental health limit ’ know else turn typing currently ’ searching work also creative hobby extra free time twitch building brand youtube back job move something year ago seems helpinggives hope maybe digital medium ’ may also provide form stability road end day feel like utter failure best time truly understand desire end duty kid wife family friend give keep trying feel like ’ emptiness starting get hold time,0.8258,0.059922275,-0.989485323,neutral,High Coping,High Anxiety,Low Depression,High Stress,0,0,1,0,stress,
"This is going to be a long one, but I have no one to talk to, so hoping you don't mind me posting here. 

I (30F) want to start off by saying I've tried to see psychiatrists/psychologists, but I just can't do it. If I don't think they're judging me, I feel like I'm talking irrelevant nonsense and being charged $98/hr for the privilege of having someone listen to it. I'm scared they'll say there's something wrong with me, but I'm terrified they'll say there's nothing wrong and I'm just overreacting/making it up/similar. I hate people, I hate talking to them, working with them, hanging out with them, I even hate being married to one sometimes. I have no friends even vaguely close enough to talk to about this stuff.

My husband (32M) and I have been together 10 years this coming May. In the beginning, it seemed excellent, free, happy, no problems. Then I started full-time work. I went from happy to hang to fatigued, depressed and ready to cry at the drop of a hat. I completed an apprenticeship and a bachelor's degree (at the same time) about 7 years ago now. I used the university time to do my projects, what I wanted, with no one looking over me. 

Things stayed about the same for the last 7 years - I am cranky, fatigued, depressed, etc, but his hugs make me happy and relax me. There were fights and arguments, but what couple doesn't have that? I gave up the self-harm that remains as scars on my hands and elbow. I thought I was doing better, but apparently , I was just getting worse and harder to live with.

I changed jobs 5 years ago, and the problems abated for a while - I am good at what I do, and hate other people interfering and micromanaging, but who doesn't. Now, I have everything I wanted. 

Since we got married 4 years ago, my husband has occasionally threatened divorce if I don't, quote ""stop being a brat"" during arguments. He promised to stop after he realised how much that played into my anxiety, but he really just eased up on using it. 

At the end of Nov, I hurt my hand at work. I won't say how, but I will state that I had 3 weeks off, because I couldn't use my hand while there was an open surgical wound in the palm. I have nerve damage in 2 fingers, but I didn't tell him that, because I didn't want another lecture about me being arrogant and not paying attention to what I was doing. 

Those 3 weeks were the best 3 weeks I have had in a long time. I lost weight, finished 4 projects if been working on for months, we got ahead in our podcast, the house was cleaner than I had ever managed to get it (he usually cleans), and he said to me more than once that he wanted me to stay home all the time, because I was a different person, a better one, and much closer to the girl he fell in love with. 

I went back to work Dec 17. On Dec 23, we had a big argument. What it's about is not important, but he demanded I sit down at the table, and started laying out conditions of divorce. I was to go to my family Christmas and work out how to pay for the house (purchased in June) on my own, because I was to buy him out. That I was disrespectful and entitled and all this other stuff I don't want to repeat, mostly because I stopped listening to the insults when the tone sank in. 

I lost my shit. I started crying, pulling at my hair. I rubbed the palm of my good hand so much and so hard that the blister I left still hasn't healed yet. I pinched the back of that same hand so much it left bruises, blood blisters and I managed to gauge out some skin. Just to stay grounded and feel like I had some control. 

Eventually, he talked himself down (trust me, I was in no state to do it), and came to family Christmas with me, and there was no more of that talk. 

Well, this morning before work, I was in the kitchen having breakfast, trying to gather my strength to go to work. He asked what was wrong. I told him. 2 mins later, he asked what was wrong. I told him again, in a snappier tone. He told me not to snap, it was disrespectful and I should show him more respect than to treat him like that, that I'm just looking for a fight and he wasn't going to give me one. I went to work. A few hours later, I sent him a message when I knew he would be driving, so he could message me when he got to work, no buggy. No answer. I sent another message and asked if he was mad at me, and he sent a tirade that again used the words ""inconsiderate"" and ""disrespectful"", mostly due to me messaging while he's running the store. In response to my query of cider, he said we couldn't afford it with our dwindling savings, but he just spent $100 on weed and another $300 on DVDs in the last 2 days - i was just asking about a $13 pack of cider to share. 

I've reached my point, I'm done. I've spent the last 5 hours at work alternating between trying to figure out how to kill myself without making anyone I know find my body, and googling mental health services in the hope a free one will pop up that I can use to sort myself out. As far as I can tell, you either have to be on a politician salary or the dole to access mental health in Australia; a supermarket worker's wages are just not enough to pay off a home, pay bills, feed us and look after my mental health. Something has to give  and it's going to be me, as soon as I work out what to do with my cats. I've stopped doing the things I love because they make me feel worse because they're things with happier people in them (reading, writing, watching shows). I just want my life stable without all this fucking drama. I don't know how much more of this I can take before I drag a knife down my arm and say goodbye to my kitties. 2021 is the same as 2020 to me, just with different number at the end.

The worst part is that if I had someone to talk to about it, it might not be so bad; but that's impossible, so I just don't know any more.",5,this is going to be a long one but i have no one to talk to so hoping you dont mind me posting here i f want to start off by saying ive tried to see psychiatristspsychologists but i just cant do it if i dont think theyre judging me i feel like im talking irrelevant nonsense and being charged hr for the privilege of having someone listen to it im scared theyll say theres something wrong with me but im terrified theyll say theres nothing wrong and im just overreactingmaking it upsimilar i hate people i hate talking to them working with them hanging out with them i even hate being married to one sometimes i have no friends even vaguely close enough to talk to about this stuff my husband m and i have been together  years this coming may in the beginning it seemed excellent free happy no problems then i started fulltime work i went from happy to hang to fatigued depressed and ready to cry at the drop of a hat i completed an apprenticeship and a bachelors degree at the same time about  years ago now i used the university time to do my projects what i wanted with no one looking over me things stayed about the same for the last  years  i am cranky fatigued depressed etc but his hugs make me happy and relax me there were fights and arguments but what couple doesnt have that i gave up the selfharm that remains as scars on my hands and elbow i thought i was doing better but apparently  i was just getting worse and harder to live with i changed jobs  years ago and the problems abated for a while  i am good at what i do and hate other people interfering and micromanaging but who doesnt now i have everything i wanted since we got married  years ago my husband has occasionally threatened divorce if i dont quote stop being a brat during arguments he promised to stop after he realised how much that played into my anxiety but he really just eased up on using it at the end of nov i hurt my hand at work i wont say how but i will state that i had  weeks off because i couldnt use my hand while there was an open surgical wound in the palm i have nerve damage in  fingers but i didnt tell him that because i didnt want another lecture about me being arrogant and not paying attention to what i was doing those  weeks were the best  weeks i have had in a long time i lost weight finished  projects if been working on for months we got ahead in our podcast the house was cleaner than i had ever managed to get it he usually cleans and he said to me more than once that he wanted me to stay home all the time because i was a different person a better one and much closer to the girl he fell in love with i went back to work dec  on dec  we had a big argument what its about is not important but he demanded i sit down at the table and started laying out conditions of divorce i was to go to my family christmas and work out how to pay for the house purchased in june on my own because i was to buy him out that i was disrespectful and entitled and all this other stuff i dont want to repeat mostly because i stopped listening to the insults when the tone sank in i lost my shit i started crying pulling at my hair i rubbed the palm of my good hand so much and so hard that the blister i left still hasnt healed yet i pinched the back of that same hand so much it left bruises blood blisters and i managed to gauge out some skin just to stay grounded and feel like i had some control eventually he talked himself down trust me i was in no state to do it and came to family christmas with me and there was no more of that talk well this morning before work i was in the kitchen having breakfast trying to gather my strength to go to work he asked what was wrong i told him  mins later he asked what was wrong i told him again in a snappier tone he told me not to snap it was disrespectful and i should show him more respect than to treat him like that that im just looking for a fight and he wasnt going to give me one i went to work a few hours later i sent him a message when i knew he would be driving so he could message me when he got to work no buggy no answer i sent another message and asked if he was mad at me and he sent a tirade that again used the words inconsiderate and disrespectful mostly due to me messaging while hes running the store in response to my query of cider he said we couldnt afford it with our dwindling savings but he just spent  on weed and another  on dvds in the last  days  i was just asking about a  pack of cider to share ive reached my point im done ive spent the last  hours at work alternating between trying to figure out how to kill myself without making anyone i know find my body and googling mental health services in the hope a free one will pop up that i can use to sort myself out as far as i can tell you either have to be on a politician salary or the dole to access mental health in australia a supermarket workers wages are just not enough to pay off a home pay bills feed us and look after my mental health something has to give and its going to be me as soon as i work out what to do with my cats ive stopped doing the things i love because they make me feel worse because theyre things with happier people in them reading writing watching shows i just want my life stable without all this fucking drama i dont know how much more of this i can take before i drag a knife down my arm and say goodbye to my kitties  is the same as  to me just with different number at the end the worst part is that if i had someone to talk to about it it might not be so bad but thats impossible so i just dont know any more,going long one one talk hoping dont mind posting f want start saying ive tried see psychiatristspsychologists cant dont think theyre judging feel like im talking irrelevant nonsense charged hr privilege someone listen im scared theyll say there something wrong im terrified theyll say there nothing wrong im overreactingmaking upsimilar hate people hate talking working hanging even hate married one sometimes friend even vaguely close enough talk stuff husband together year coming may beginning seemed excellent free happy problem started fulltime work went happy hang fatigued depressed ready cry drop hat completed apprenticeship bachelor degree time year ago used university time project wanted one looking thing stayed last year cranky fatigued depressed etc hug make happy relax fight argument couple doesnt gave selfharm remains scar hand elbow thought better apparently getting worse harder live changed job year ago problem abated good hate people interfering micromanaging doesnt everything wanted since got married year ago husband occasionally threatened divorce dont quote stop brat argument promised stop realised much played anxiety really eased using end nov hurt hand work wont say state week couldnt use hand open surgical wound palm nerve damage finger didnt tell didnt want another lecture arrogant paying attention week best week long time lost weight finished project working month got ahead podcast house cleaner ever managed get usually clean said wanted stay home time different person better one much closer girl fell love went back work dec dec big argument important demanded sit table started laying condition divorce go family christmas work pay house purchased june buy disrespectful entitled stuff dont want repeat mostly stopped listening insult tone sank lost shit started cry pulling hair rubbed palm good hand much hard blister left still hasnt healed yet pinched back hand much left bruise blood blister managed gauge skin stay grounded feel like control eventually talked trust state came family christmas talk well morning work kitchen breakfast trying gather strength go work asked wrong told min later asked wrong told snappier tone told snap disrespectful show respect treat like im looking fight wasnt going give one went work hour later sent message knew would driving could message got work buggy answer sent another message asked mad sent tirade used word inconsiderate disrespectful mostly due messaging he running store response query cider said couldnt afford dwindling saving spent weed another dvd last day asking pack cider share ive reached point im done ive spent last hour work alternating trying figure kill without making anyone know find body googling mental health service hope free one pop use sort far tell either politician salary dole access mental health australia supermarket worker wage enough pay home pay bill feed u look mental health something give going soon work cat ive stopped thing love make feel worse theyre thing happier people reading writing watching show want life stable without fucking drama dont know much take drag knife arm say goodbye kitty different number end worst part someone talk might bad thats impossible dont know,-0.8051,-0.005004268,-0.998240471,neutral,Low Coping,Low Anxiety,High Depression,Low Stress,0,0,0,0,depression,numb
"everything around me is so quite. my family’s snoring is the only thing that lurks in my ears, but it’s peaceful. i can hear my dog sleeping. but you wanna know what i can also hear? my head. pounding. cymbals. screaming. shouting. it’s like a fucking bomb zone in there. so i hold it in, i don’t scream or let it out. in fact i can’t even let it out because i am so constrained and have no way of coping because i’m too much of a little bitch to even do anything. i’m scared of knives and needles and death and drugs and alcohol. but one day i’ll turn to them. i twitch and jump and hit myself because i’m so fed up with the loudness i don’t know how else to handle it. i’m done. i’m literally fucking done. can someone submit me to a ducking mental hospital already??? i’m 14. i should be enjoying my goddamn life and instead i’m here having no friends no life and no plan on how to cope with any of the bullshit i put up with",5,everything around me is so quite my family’s snoring is the only thing that lurks in my ears but it’s peaceful i can hear my dog sleeping but you wanna know what i can also hear my head pounding cymbals screaming shouting it’s like a fucking bomb zone in there so i hold it in i don’t scream or let it out in fact i can’t even let it out because i am so constrained and have no way of coping because i’m too much of a little bitch to even do anything i’m scared of knives and needles and death and drugs and alcohol but one day i’ll turn to them i twitch and jump and hit myself because i’m so fed up with the loudness i don’t know how else to handle it i’m done i’m literally fucking done can someone submit me to a ducking mental hospital already i’m  i should be enjoying my goddamn life and instead i’m here having no friends no life and no plan on how to cope with any of the bullshit i put up with,everything around quite family ’ snoring thing lurks ear ’ peaceful hear dog sleeping wan na know also hear head pounding cymbal screaming shouting ’ like fucking bomb zone hold ’ scream let fact ’ even let constrained way coping ’ much little bitch even anything ’ scared knife needle death drug alcohol one day ’ turn twitch jump hit ’ fed loudness ’ know else handle ’ done ’ literally fucking done someone submit ducking mental hospital already ’ enjoying goddamn life instead ’ friend life plan cope bullshit put,-0.9432,-0.133928571,-0.989745498,positive coping,Low Coping,Low Anxiety,High Depression,Low Stress,0,0,0,0,stress,
"I lost my dad 2 years ago and it absolutely devastated me. But as well as having to deal with that, a lot of other stuff happened around the same time. I left a really toxic marriage and as a result of that moved cities and changed jobs. Some of the people I trusted really betrayed me, it was just an awful time and I went through hell. 

I will never get over losing my dad but I've largely moved on from the rest of it. Overall I'd say I'm in a good place. But when I think about the people who betrayed me and some of the stuff that happened around that time I just feel so angry. I'm trying really hard to make my peace with it all and most of the time I succeed, but sometimes I lie awake at night thinking about some of the stuff that happened and my heart starts racing and I just feel so agitated and angry. 

I can't afford therapy so that's not really an option. I did try a few sessions of grief counselling but it almost felt there was too much to unpack, as it's not just losing my dad but everything else that happened around it. Anyway I couldn't afford to continue. 

I really want to try and move past this and accept what's happened has happened, but sometimes these angry thoughts get the better of me.",4,i lost my dad  years ago and it absolutely devastated me but as well as having to deal with that a lot of other stuff happened around the same time i left a really toxic marriage and as a result of that moved cities and changed jobs some of the people i trusted really betrayed me it was just an awful time and i went through hell i will never get over losing my dad but ive largely moved on from the rest of it overall id say im in a good place but when i think about the people who betrayed me and some of the stuff that happened around that time i just feel so angry im trying really hard to make my peace with it all and most of the time i succeed but sometimes i lie awake at night thinking about some of the stuff that happened and my heart starts racing and i just feel so agitated and angry i cant afford therapy so thats not really an option i did try a few sessions of grief counselling but it almost felt there was too much to unpack as its not just losing my dad but everything else that happened around it anyway i couldnt afford to continue i really want to try and move past this and accept whats happened has happened but sometimes these angry thoughts get the better of me,lost dad year ago absolutely devastated well deal lot stuff happened around time left really toxic marriage result moved city changed job people trusted really betrayed awful time went hell never get losing dad ive largely moved rest overall id say im good place think people betrayed stuff happened around time feel angry im trying really hard make peace time succeed sometimes lie awake night thinking stuff happened heart start racing feel agitated angry cant afford therapy thats really option try session grief counselling almost felt much unpack losing dad everything else happened around anyway couldnt afford continue really want try move past accept whats happened happened sometimes angry thought get better,-0.9463,-0.068187831,-0.992974162,positive coping,Low Coping,Low Anxiety,High Depression,Low Stress,0,0,0,0,unspecified,
"I don’t speak up about my past often but those closest to me know the demons I have faced. I was reading an article called, “Post-Narcissist Stress Disorder (PNSD)”Written By Tigress and it really hit home for me. 

I know many of my friends suffer with mental health issues as well and may resonate with this as well. I share this because I ,like so many others ,often suffer silently and alone. I may smile and act okay on the outside but really I am falling to pieces. Not many people know that about me because I shut down and don’t let many people in. 

I have been distant from many people I care deeply about because I feel ashamed about how I feel. I feel as though I’m not good enough for them. I sit alone and cry. I don’t want to be social. Very few people are able to force me out of my shell. I mostly stay reclusive. 

After reading this article, I understand more about why I am the way that I am. 

You can read this if you want to understand me better. ⬇️⬇️⬇️

I was with this narcissist for over a year. During this time I found out I was pregnant. We had only been together about 3 months at that point. I didn’t want another baby nor was I ready for one. I was on birth control. This “man” fed me Antibiotics without my knowledge so I would get pregnant. To make matters worse he mentally and emotionally was abusive. Calling me fat (I was 130lbs at my biggest while pregnant) He cheated on me my entire pregnancy (I found out after the fact). 

After I had my daughter, he started getting abusive. I left him. He did everything he could to get me back and naively I fell for it. When my daughter was 5 months old I left again. This time for good. He seemed fine with this. We started working cordially on visitation for our daughter’s sake. I thought everything was fine. When she was 8 months old he asked me to marry him. I respectfully declined but what he did next was awful! He had visitation 10/10/15 and o was to get her back 10/16/15. That was when my nightmare began. 

I was getting ready to go get her and bring her home when I got the phone call that ruined my life. He had kidnapped her! Refused to bring her home and moved 45 minutes away. It took 8 months to find him and 2 more to find a lawyer to help me. I went 10 long agonizing months without any contact from my daughter. 💔 I was broken! Shattered! My son cried out for his baby sister (he was 5). 

When we went to court, his parents paid the lawyers and the judge off so he ended up with primary. I’m still fighting this monster 6 yrs later. 

It’s this nightmare that I relive! 💔

“Similar to PTSD (post-traumatic stress disorder) people who have once shared their life with a narcissist may go through corresponding occurrences resembling the symptoms of PTSD. Maybe we should call it PNSD or Post-Narcissist Stress Disorder.

While it is common to have a period of adjusting and coping after a narcissist, for many these periods of difficult adjustments may continue for quite a while. With time, attitude adjustment, letting go of the narcissist and giving the narcissism back to the narcissist (it is THEIR problem and ISSUE, no longer yours) and taking care of you, such traumatic reactions usually get better and dissipate completely.

Anything can bring on PNSD even things as simple as the familiar smell of his/her cologne on a stranger walking by, a song playing on the radio, even certain foods. It doesn’t matter what brings you back to that terrifying nightmare … what does matter is that instantly &amp; out-of-the-blue you are transported back to a time in your life that was mentally and emotionally disturbing. These identifiers are called ‘triggers’.

THREE MAJOR SYMPTOMS OF Post-Narcissist Stress Disorder (PNSD)
1) intrusive memories of the narcissist — these may be memories that had a sudden onset caused by a ‘trigger’, or memories that are continuous and lingering
2) avoidance and emotional numbing
3) anxiety and increased emotional volatility

1) Symptoms of intrusive memories of the narcissist may include: 
1.Flashbacks of their narcissistic rages, images of intense rage or reliving the traumatic event for minutes or even days at a time
2. Suddenly questioning your own mental stability due to months/ years of abuse and/or gaslighting  when trying to perform everyday tasks or relating to others
3. Upsetting dreams about the narcissistic event
4. Difficulty readjusting your self-esteem and feeling good about yourself in social situations resulting from months/years of emotional, mental, verbal and oftentimes physical abuse

2) Symptoms of avoidance and emotional numbing may include:
1. Avoiding social situations, activities, people or relationships that you once enjoyed
2. Trying to avoid thinking or talking about the narcissist
3. Feeling emotionally numb towards life and love
4. Substance abuse or overuse of sleep aids
5. Memory problems
6. Trouble concentrating or performing simple actions
7. Distancing yourself or feeling on the apathetic ‘outside’ of conversations
8. Difficulty starting new relationships or maintaining close relationships
9. Cocooning or hiding
10. Hopelessness about the future or feelings of defeat

3) Symptoms of anxiety and increased emotional volatility may include:
1. Irritability, rage, temper outbursts or anger
2. Being caught up in the gaslighting mode whereas you may have difficulty adjusting to everyday tasks or questioning your memories, motives, and sanity. Self-doubt and loss of self-confidence
3. Overwhelming guilt or shame, self-blame or Stockholm syndrome 
4. Self-destructive behavior, such as casual sex with strangers, drinking too much, not eating properly, quitting your job, or doing drugs
5. Trouble sleeping
6. Panic attacks
7. Crying attacks
8. Being easily startled or frightened, jumpy and hypervigilant
9. Paranoia or imagining worst-case scenarios
10. Questioning others intents and genuinity, especially with new partners
11. Reliving arguments or narcissistic rages in your head”

If you have read this and it resonates with you as well...just know that you are NOT alone! You are NOT worthless and undeserving of love! You ARE beautiful! We are perfectly imperfect and that’s ok! People who truly care about us will be patient! People who truly care will try to understand that we need time and compassion. We don’t have to suffer in silence (even though we still prefer to fake a smile and put on this happy facade) 

DON’T GIVE UP! Have faith (even if you’re not the religious type) that things WILL get better! They can’t hurt you anymore! We are NOT just a victim anymore! We are warriors! We are survivors! 🙏🏻❤️",2,i don’t speak up about my past often but those closest to me know the demons i have faced i was reading an article called “postnarcissist stress disorder pnsd”written by tigress and it really hit home for me i know many of my friends suffer with mental health issues as well and may resonate with this as well i share this because i like so many others often suffer silently and alone i may smile and act okay on the outside but really i am falling to pieces not many people know that about me because i shut down and don’t let many people in i have been distant from many people i care deeply about because i feel ashamed about how i feel i feel as though i’m not good enough for them i sit alone and cry i don’t want to be social very few people are able to force me out of my shell i mostly stay reclusive after reading this article i understand more about why i am the way that i am you can read this if you want to understand me better ⬇️⬇️⬇️ i was with this narcissist for over a year during this time i found out i was pregnant we had only been together about  months at that point i didn’t want another baby nor was i ready for one i was on birth control this “man” fed me antibiotics without my knowledge so i would get pregnant to make matters worse he mentally and emotionally was abusive calling me fat i was lbs at my biggest while pregnant he cheated on me my entire pregnancy i found out after the fact after i had my daughter he started getting abusive i left him he did everything he could to get me back and naively i fell for it when my daughter was  months old i left again this time for good he seemed fine with this we started working cordially on visitation for our daughter’s sake i thought everything was fine when she was  months old he asked me to marry him i respectfully declined but what he did next was awful he had visitation  and o was to get her back  that was when my nightmare began i was getting ready to go get her and bring her home when i got the phone call that ruined my life he had kidnapped her refused to bring her home and moved  minutes away it took  months to find him and  more to find a lawyer to help me i went  long agonizing months without any contact from my daughter 💔 i was broken shattered my son cried out for his baby sister he was  when we went to court his parents paid the lawyers and the judge off so he ended up with primary i’m still fighting this monster  yrs later it’s this nightmare that i relive 💔 “similar to ptsd posttraumatic stress disorder people who have once shared their life with a narcissist may go through corresponding occurrences resembling the symptoms of ptsd maybe we should call it pnsd or postnarcissist stress disorder while it is common to have a period of adjusting and coping after a narcissist for many these periods of difficult adjustments may continue for quite a while with time attitude adjustment letting go of the narcissist and giving the narcissism back to the narcissist it is their problem and issue no longer yours and taking care of you such traumatic reactions usually get better and dissipate completely anything can bring on pnsd even things as simple as the familiar smell of hisher cologne on a stranger walking by a song playing on the radio even certain foods it doesn’t matter what brings you back to that terrifying nightmare … what does matter is that instantly amp outoftheblue you are transported back to a time in your life that was mentally and emotionally disturbing these identifiers are called ‘triggers’ three major symptoms of postnarcissist stress disorder pnsd  intrusive memories of the narcissist — these may be memories that had a sudden onset caused by a ‘trigger’ or memories that are continuous and lingering  avoidance and emotional numbing  anxiety and increased emotional volatility  symptoms of intrusive memories of the narcissist may include flashbacks of their narcissistic rages images of intense rage or reliving the traumatic event for minutes or even days at a time  suddenly questioning your own mental stability due to months years of abuse andor gaslighting when trying to perform everyday tasks or relating to others  upsetting dreams about the narcissistic event  difficulty readjusting your selfesteem and feeling good about yourself in social situations resulting from monthsyears of emotional mental verbal and oftentimes physical abuse  symptoms of avoidance and emotional numbing may include  avoiding social situations activities people or relationships that you once enjoyed  trying to avoid thinking or talking about the narcissist  feeling emotionally numb towards life and love  substance abuse or overuse of sleep aids  memory problems  trouble concentrating or performing simple actions  distancing yourself or feeling on the apathetic ‘outside’ of conversations  difficulty starting new relationships or maintaining close relationships  cocooning or hiding  hopelessness about the future or feelings of defeat  symptoms of anxiety and increased emotional volatility may include  irritability rage temper outbursts or anger  being caught up in the gaslighting mode whereas you may have difficulty adjusting to everyday tasks or questioning your memories motives and sanity selfdoubt and loss of selfconfidence  overwhelming guilt or shame selfblame or stockholm syndrome  selfdestructive behavior such as casual sex with strangers drinking too much not eating properly quitting your job or doing drugs  trouble sleeping  panic attacks  crying attacks  being easily startled or frightened jumpy and hypervigilant  paranoia or imagining worstcase scenarios  questioning others intents and genuinity especially with new partners  reliving arguments or narcissistic rages in your head” if you have read this and it resonates with you as welljust know that you are not alone you are not worthless and undeserving of love you are beautiful we are perfectly imperfect and that’s ok people who truly care about us will be patient people who truly care will try to understand that we need time and compassion we don’t have to suffer in silence even though we still prefer to fake a smile and put on this happy facade don’t give up have faith even if you’re not the religious type that things will get better they can’t hurt you anymore we are not just a victim anymore we are warriors we are survivors 🙏🏻❤️,’ speak past often closest know demon faced reading article called “ postnarcissist stress disorder pnsd ” written tigress really hit home know many friend suffer mental health issue well may resonate well share like many others often suffer silently alone may smile act okay outside really falling piece many people know shut ’ let many people distant many people care deeply feel ashamed feel feel though ’ good enough sit alone cry ’ want social people able force shell mostly stay reclusive reading article understand way read want understand better ⬇️⬇️⬇️ narcissist year time found pregnant together month point ’ want another baby ready one birth control “ man ” fed antibiotic without knowledge would get pregnant make matter worse mentally emotionally abusive calling fat lb biggest pregnant cheated entire pregnancy found fact daughter started getting abusive left everything could get back naively fell daughter month old left time good seemed fine started working cordially visitation daughter ’ sake thought everything fine month old asked marry respectfully declined next awful visitation get back nightmare began getting ready go get bring home got phone call ruined life kidnapped refused bring home moved minute away took month find find lawyer help went long agonizing month without contact daughter 💔 broken shattered son cried baby sister went court parent paid lawyer judge ended primary ’ still fighting monster yr later ’ nightmare relive 💔 “ similar ptsd posttraumatic stress disorder people shared life narcissist may go corresponding occurrence resembling symptom ptsd maybe call pnsd postnarcissist stress disorder common period adjusting coping narcissist many period difficult adjustment may continue quite time attitude adjustment letting go narcissist giving narcissism back narcissist problem issue longer taking care traumatic reaction usually get better dissipate completely anything bring pnsd even thing simple familiar smell hisher cologne stranger walking song playing radio even certain food ’ matter brings back terrifying nightmare … matter instantly amp outoftheblue transported back time life mentally emotionally disturbing identifier called ‘ trigger ’ three major symptom postnarcissist stress disorder pnsd intrusive memory narcissist — may memory sudden onset caused ‘ trigger ’ memory continuous lingering avoidance emotional numbing anxiety increased emotional volatility symptom intrusive memory narcissist may include flashback narcissistic rage image intense rage reliving traumatic event minute even day time suddenly questioning mental stability due month year abuse andor gaslighting trying perform everyday task relating others upsetting dream narcissistic event difficulty readjusting selfesteem feeling good social situation resulting monthsyears emotional mental verbal oftentimes physical abuse symptom avoidance emotional numbing may include avoiding social situation activity people relationship enjoyed trying avoid thinking talking narcissist feeling emotionally numb towards life love substance abuse overuse sleep aid memory problem trouble concentrating performing simple action distancing feeling apathetic ‘ outside ’ conversation difficulty starting new relationship maintaining close relationship cocooning hiding hopelessness future feeling defeat symptom anxiety increased emotional volatility may include irritability rage temper outburst anger caught gaslighting mode whereas may difficulty adjusting everyday task questioning memory motif sanity selfdoubt loss selfconfidence overwhelming guilt shame selfblame stockholm syndrome selfdestructive behavior casual sex stranger drinking much eating properly quitting job drug trouble sleeping panic attack cry attack easily startled frightened jumpy hypervigilant paranoia imagining worstcase scenario questioning others intent genuinity especially new partner reliving argument narcissistic rage head ” read resonates welljust know alone worthless undeserving love beautiful perfectly imperfect ’ ok people truly care u patient people truly care try understand need time compassion ’ suffer silence even though still prefer fake smile put happy facade ’ give faith even ’ religious type thing get better ’ hurt anymore victim anymore warrior survivor 🙏🏻❤️,-0.9983,0.094748104,-0.995078802,neutral,Low Coping,Low Anxiety,High Depression,Low Stress,1,2,4,1,"anxiety, depression, stress",numb; panic attack; worthless
"Like everyone else, 2020 has been a rough year for me. I've dealt with four deaths this year. In January, I had a childhood friend die in a car accident. February, my dog passed away. I had had him since I was 4 years old. In November, my favorite patient died in front of me. He did NOT go peacefully and I couldn't save him. Earlier this month, another childhood friend was murdered. I feel like I'm leaving them behind in 2020 and I'm not ready to move on. Grief is so hard and I haven't had the chance to deal with one death without getting hit with another one.",5,like everyone else  has been a rough year for me ive dealt with four deaths this year in january i had a childhood friend die in a car accident february my dog passed away i had had him since i was  years old in november my favorite patient died in front of me he did not go peacefully and i couldnt save him earlier this month another childhood friend was murdered i feel like im leaving them behind in  and im not ready to move on grief is so hard and i havent had the chance to deal with one death without getting hit with another one,like everyone else rough year ive dealt four death year january childhood friend die car accident february dog passed away since year old november favorite patient died front go peacefully couldnt save earlier month another childhood friend murdered feel like im leaving behind im ready move grief hard havent chance deal one death without getting hit another one,-0.9094,-0.060185185,-0.99126488,neutral,Low Coping,Low Anxiety,High Depression,Low Stress,0,0,0,0,unspecified,
"I apologize if it seems my post doesn’t have much of a point; I’m feeling a lot, but mostly disorganized, lonely, numb, desperate etc.
I’ve recently been gaining more confidence and more of a backbone and I still continue to do so; however, the past two-ish weeks my mood has been going downhill.

I feel like no one in my life is taking it seriously (I have all of like 2 people in my life NOT including my therapist, and granted I don’t really talk about super super deep stuff about myself a bunch) but today has been the second day in a while where I’ve actively thought about suicide and death and dying. 

The feeling of loneliness is overwhelming me recently, being single and realizing I don’t have the second family I used to a couple months back and realizing I don’t have a person who loves me and CHOOSES me out of billions of other humans on this earth. And I’m really really hitting a wall hard, especially since I’m such a hopeless romantic and when I love anyone (romantic or otherwise) I normally love hard.

I’ve asked my therapist to maybe try and see if I can get tested for BPD, at least to ease my mind and she didn’t seem to take that concern seriously either (this was back in early November which was the last time I saw her).
And unfortunately a week or two ago I self harmed again after 9 months clean. And I continue to think about it.

I don’t know what I expect to hear from you guys (if anyone even happens to read this) but I’m really struggling and I feel like it’s only gonna get worse and worse.",5,i apologize if it seems my post doesn’t have much of a point i’m feeling a lot but mostly disorganized lonely numb desperate etc i’ve recently been gaining more confidence and more of a backbone and i still continue to do so however the past twoish weeks my mood has been going downhill i feel like no one in my life is taking it seriously i have all of like  people in my life not including my therapist and granted i don’t really talk about super super deep stuff about myself a bunch but today has been the second day in a while where i’ve actively thought about suicide and death and dying the feeling of loneliness is overwhelming me recently being single and realizing i don’t have the second family i used to a couple months back and realizing i don’t have a person who loves me and chooses me out of billions of other humans on this earth and i’m really really hitting a wall hard especially since i’m such a hopeless romantic and when i love anyone romantic or otherwise i normally love hard i’ve asked my therapist to maybe try and see if i can get tested for bpd at least to ease my mind and she didn’t seem to take that concern seriously either this was back in early november which was the last time i saw her and unfortunately a week or two ago i self harmed again after  months clean and i continue to think about it i don’t know what i expect to hear from you guys if anyone even happens to read this but i’m really struggling and i feel like it’s only gonna get worse and worse,apologize seems post ’ much point ’ feeling lot mostly disorganized lonely numb desperate etc ’ recently gaining confidence backbone still continue however past twoish week mood going downhill feel like one life taking seriously like people life including therapist granted ’ really talk super super deep stuff bunch today second day ’ actively thought suicide death dying feeling loneliness overwhelming recently single realizing ’ second family used couple month back realizing ’ person love chooses billion human earth ’ really really hitting wall hard especially since ’ hopeless romantic love anyone romantic otherwise normally love hard ’ asked therapist maybe try see get tested bpd least ease mind ’ seem take concern seriously either back early november last time saw unfortunately week two ago self harmed month clean continue think ’ know expect hear guy anyone even happens read ’ really struggling feel like ’ gon na get worse worse,0.7488,-0.004511278,-0.996083975,neutral,High Coping,High Anxiety,Low Depression,High Stress,0,2,0,1,depression,numb
"I’ve been living with crippling anxiety for about 5 years now. I’m a 20 y/o male and recently my doctor increased the dosage of my medication due to an increase in panic attacks. I’m not sure if it was the increased dosage, the kind of world we live in, or maybe a bit of both but over the holidays I just kinda lost it. I was in an extremely depressive state; nothing was making me happy and I had no ambition to do anything. The last straw of it was a meeting I had with my boss who told me he was disappointed in my attitude and work ethic and if there wasn’t a change that they’d be looking for something else. I was completely ready to end my life, to put an end to the years of struggling. I had made plans to kill myself later that night, but I didn’t have it in me. I then told as many people as I could, from friends to my closest of family, and as of today I’m beginning my road to recovery. I’m still getting these thoughts once in a while, but it’s reassuring that when things get bad I don’t need to be afraid to tell someone. I’m happy that I’m alive. It’s not that I want to kill myself, it’s that the thoughts of suicide keep repeating inside my head. I’m meeting with a therapist tomorrow and I hope to keep this Reddit thread updated with my thoughts/progress. Thanks to anyone that reads this and I just want you to know that you’ll NEVER be alone in a time of need. My DMs are always open to anyone.",3,i’ve been living with crippling anxiety for about  years now i’m a  yo male and recently my doctor increased the dosage of my medication due to an increase in panic attacks i’m not sure if it was the increased dosage the kind of world we live in or maybe a bit of both but over the holidays i just kinda lost it i was in an extremely depressive state nothing was making me happy and i had no ambition to do anything the last straw of it was a meeting i had with my boss who told me he was disappointed in my attitude and work ethic and if there wasn’t a change that they’d be looking for something else i was completely ready to end my life to put an end to the years of struggling i had made plans to kill myself later that night but i didn’t have it in me i then told as many people as i could from friends to my closest of family and as of today i’m beginning my road to recovery i’m still getting these thoughts once in a while but it’s reassuring that when things get bad i don’t need to be afraid to tell someone i’m happy that i’m alive it’s not that i want to kill myself it’s that the thoughts of suicide keep repeating inside my head i’m meeting with a therapist tomorrow and i hope to keep this reddit thread updated with my thoughtsprogress thanks to anyone that reads this and i just want you to know that you’ll never be alone in a time of need my dms are always open to anyone,’ living crippling anxiety year ’ yo male recently doctor increased dosage medication due increase panic attack ’ sure increased dosage kind world live maybe bit holiday kinda lost extremely depressive state nothing making happy ambition anything last straw meeting bos told disappointed attitude work ethic ’ change ’ looking something else completely ready end life put end year struggling made plan kill later night ’ told many people could friend closest family today ’ beginning road recovery ’ still getting thought ’ reassuring thing get bad ’ need afraid tell someone ’ happy ’ alive ’ want kill ’ thought suicide keep repeating inside head ’ meeting therapist tomorrow hope keep reddit thread updated thoughtsprogress thanks anyone read want know ’ never alone time need dm always open anyone,-0.6125,0.080861244,-0.992006958,negative coping,Low Coping,Low Anxiety,High Depression,Low Stress,1,0,0,0,anxiety,panic attack
I’m becoming increasingly lonely and unhappy. I feel myself slipping back into a place I haven’t been in in almost 2 years. I’m not sure what to do. Have you guys found any success in anything to help manage this stuff during the pandemic? I’m extremely lonely due to working from home and never leaving the house due to living with parents. I have a ton of free time until I start more classes. I just sit at home all the time with nothing to do. It is killing me. Have any of you found anything useful?,5,i’m becoming increasingly lonely and unhappy i feel myself slipping back into a place i haven’t been in in almost  years i’m not sure what to do have you guys found any success in anything to help manage this stuff during the pandemic i’m extremely lonely due to working from home and never leaving the house due to living with parents i have a ton of free time until i start more classes i just sit at home all the time with nothing to do it is killing me have any of you found anything useful,’ becoming increasingly lonely unhappy feel slipping back place ’ almost year ’ sure guy found success anything help manage stuff pandemic ’ extremely lonely due working home never leaving house due living parent ton free time start class sit home time nothing killing found anything useful,0.8767,0.066666667,-0.996376336,positive coping,High Coping,High Anxiety,Low Depression,High Stress,0,0,0,0,unspecified,
"Hi sorry I posted something and deleted it but I just can’t cope anymore. I’ve got a year to go still before my adhd referral and we just went into tier 4 (uk) and I don’t what the point is in being here? Anymore? I don’t want to do anything drastic but all this it’ll get better stuff isn’t real bc I’ve been waiting for a while and im still annoying I’m still not smart I still talk about myself all the time and stress 24/7 about people’s opinions of me (which i know are not good bc I’m a drag to be around, even my parents struggle to pretend they like me). 

I had a bit of a breakdown in the car while home and my parents want me to get therapy but I can’t do it by zoom (idk I just can’t process it well) and there’s no one in my life I can talk to. My parents don’t want to deal with it further than that (also if I annoyed my parents with it they genuinely wouldn’t like me and I think that would be the last straw), I barely have any friends and I act like a different person around everyone. I started self harming a bit over last lockdown (my housemates are inviting ppl over and we already got caught and I’m so so anxious about them getting caught and the uni putting me through disciplinary for being in the house) and its all too too much.

Is there anything that could help me right now I have no where to turn. I don’t want anyone to worry about me or have to deal with me dying but I can’t stand being alive anymore. I don’t have much money and I think my gp assumed I wanted drugs from the referral so i have a sinking feeling I’m waiting three years for closure only to be shut down bc my gp wrote me a bad referral and the psychiatrist will just ignore me. If that happens I don’t think I csn carry on and I’m scared.

Sorry about the amount in this I’m just rlly tired",5,hi sorry i posted something and deleted it but i just can’t cope anymore i’ve got a year to go still before my adhd referral and we just went into tier  uk and i don’t what the point is in being here anymore i don’t want to do anything drastic but all this it’ll get better stuff isn’t real bc i’ve been waiting for a while and im still annoying i’m still not smart i still talk about myself all the time and stress  about people’s opinions of me which i know are not good bc i’m a drag to be around even my parents struggle to pretend they like me i had a bit of a breakdown in the car while home and my parents want me to get therapy but i can’t do it by zoom idk i just can’t process it well and there’s no one in my life i can talk to my parents don’t want to deal with it further than that also if i annoyed my parents with it they genuinely wouldn’t like me and i think that would be the last straw i barely have any friends and i act like a different person around everyone i started self harming a bit over last lockdown my housemates are inviting ppl over and we already got caught and i’m so so anxious about them getting caught and the uni putting me through disciplinary for being in the house and its all too too much is there anything that could help me right now i have no where to turn i don’t want anyone to worry about me or have to deal with me dying but i can’t stand being alive anymore i don’t have much money and i think my gp assumed i wanted drugs from the referral so i have a sinking feeling i’m waiting three years for closure only to be shut down bc my gp wrote me a bad referral and the psychiatrist will just ignore me if that happens i don’t think i csn carry on and i’m scared sorry about the amount in this i’m just rlly tired,hi sorry posted something deleted ’ cope anymore ’ got year go still adhd referral went tier uk ’ point anymore ’ want anything drastic ’ get better stuff ’ real bc ’ waiting im still annoying ’ still smart still talk time stress people ’ opinion know good bc ’ drag around even parent struggle pretend like bit breakdown car home parent want get therapy ’ zoom idk ’ process well ’ one life talk parent ’ want deal also annoyed parent genuinely ’ like think would last straw barely friend act like different person around everyone started self harming bit last lockdown housemate inviting ppl already got caught ’ anxious getting caught uni putting disciplinary house much anything could help right turn ’ want anyone worry deal dying ’ stand alive anymore ’ much money think gp assumed wanted drug referral sinking feeling ’ waiting three year closure shut bc gp wrote bad referral psychiatrist ignore happens ’ think csn carry ’ scared sorry amount ’ rlly tired,-0.6068,-0.038095238,-0.999211788,positive coping,Low Coping,Low Anxiety,High Depression,Low Stress,1,1,1,0,"anxiety, depression, stress",
"I'm under quite a bit of stress lately with work and university and it's been taking a bit of a toll. I've already called up my work counselling service and said I'd think about the options they have and I plan to call back after new years. 

But it seems that my mum and brother just won't let up. My brother worries excessively and now whenever he talks to me it feels like everything he says regarding my work is lased with pity. 

And my mum is, as usual, making her own guesses and practically psychoanalysing me. She just seems to justify how I feel then presents me with a solution. Or, if not that, she's insisting I call the councillor sooner than I want and talking about how much her worrying about me is affecting her health. 

I just want to be left to sort this out. I don't want anyone to pity me or present me with solutions who isn't qualified or be excessively pushy. I want to do it on my time and I want to do it in a way that doesn't disrupt my life too much. I don't want to fall behind on my work or assignments just because of some stress. it'll just prolong everything past where it needs to be. 

I don't understand why I can't just be left alone.",5,im under quite a bit of stress lately with work and university and its been taking a bit of a toll ive already called up my work counselling service and said id think about the options they have and i plan to call back after new years but it seems that my mum and brother just wont let up my brother worries excessively and now whenever he talks to me it feels like everything he says regarding my work is lased with pity and my mum is as usual making her own guesses and practically psychoanalysing me she just seems to justify how i feel then presents me with a solution or if not that shes insisting i call the councillor sooner than i want and talking about how much her worrying about me is affecting her health i just want to be left to sort this out i dont want anyone to pity me or present me with solutions who isnt qualified or be excessively pushy i want to do it on my time and i want to do it in a way that doesnt disrupt my life too much i dont want to fall behind on my work or assignments just because of some stress itll just prolong everything past where it needs to be i dont understand why i cant just be left alone,im quite bit stress lately work university taking bit toll ive already called work counselling service said id think option plan call back new year seems mum brother wont let brother worry excessively whenever talk feel like everything say regarding work lased pity mum usual making guess practically psychoanalysing seems justify feel present solution shes insisting call councillor sooner want talking much worrying affecting health want left sort dont want anyone pity present solution isnt qualified excessively pushy want time want way doesnt disrupt life much dont want fall behind work assignment stress itll prolong everything past need dont understand cant left alone,0.4982,-0.085227273,-0.995340586,negative coping,Moderate Coping,Moderate Anxiety,Low Depression,Moderate Stress,0,0,2,0,stress,
"I (20F) haven’t had anxiety before, but all the anxiety I have right now is related to my relationship with my boyfriend (23M). We’ve had many issues, and a lot of these things trigger me at random and my anxiety skyrockets. It prevents me from moving on and working on myself individually and getting better as a couple. I spent all year losing weight and getting fit finally, a dream I had for years. I finally looked good, felt good and was fit. Physically very fit and happy. But this anxiety happened, and now I’m a couch potato. I don’t work out anymore. I just ate like four meals worth of things in one sitting, including a bunch of disgusting McDonald sandwiches. I feel so gross. I’m just eating and gaining so much weight again, and I’m falling back into the person I hated. 

How do I work on this? What are some mental or small strategies that worked for some of you? The dumbest things even. 

I’m currently journaling now and meditating. I also work full time and am starting university again in a few weeks. Anything else I can try? Anything to shake off this extreme amount of overthinking and constant anxiety and random panic attacks.",4,i f haven’t had anxiety before but all the anxiety i have right now is related to my relationship with my boyfriend m we’ve had many issues and a lot of these things trigger me at random and my anxiety skyrockets it prevents me from moving on and working on myself individually and getting better as a couple i spent all year losing weight and getting fit finally a dream i had for years i finally looked good felt good and was fit physically very fit and happy but this anxiety happened and now i’m a couch potato i don’t work out anymore i just ate like four meals worth of things in one sitting including a bunch of disgusting mcdonald sandwiches i feel so gross i’m just eating and gaining so much weight again and i’m falling back into the person i hated how do i work on this what are some mental or small strategies that worked for some of you the dumbest things even i’m currently journaling now and meditating i also work full time and am starting university again in a few weeks anything else i can try anything to shake off this extreme amount of overthinking and constant anxiety and random panic attacks,f ’ anxiety anxiety right related relationship boyfriend ’ many issue lot thing trigger random anxiety skyrocket prevents moving working individually getting better couple spent year losing weight getting fit finally dream year finally looked good felt good fit physically fit happy anxiety happened ’ couch potato ’ work anymore ate like four meal worth thing one sitting including bunch disgusting mcdonald sandwich feel gross ’ eating gaining much weight ’ falling back person hated work mental small strategy worked dumbest thing even ’ currently journaling meditating also work full time starting university week anything else try anything shake extreme amount overthinking constant anxiety random panic attack,-0.5267,0.071059113,-0.998284876,positive coping,Low Coping,Low Anxiety,High Depression,Low Stress,1,0,0,0,anxiety,constant anxiety; panic attack
"I feel my youth rushing past me. I keep thinking how many opportunities I've missed out on. I have no close friends and my semester abroad is gone. I've been stuck with my family in a town of 1000 people for 10 months because my college moved online. I feel so low and everything takes effort. I see no end in sight and I feel like there is no point in existing if somehow this is life forever. 

I get up at 10am, which is so unlike me of a year ago. I Google for an hour or 2 about whatever relationship problem I'm having or whatever type of cancer I'm convinced I have this week. I put on a fake smile when my parents come home for lunch and I pretend I've been doing college work and not freaking out over whatever is bothering me today. Then do some half assed college work for a hour or 2 (I used to be a perfectionist) because my heart isn't in it. Then more moping and Googling whatever problem I have, usually post something about said concern on Reddit for reassurnace everything will be OK, cos I don't feel on. Force myself to go for a 30/40 minute walk. Try to watch something I used to enjoy and fail to enjoy it. Sit on phone till 2am trying to calm down. Try to sleep. Fail, too sad or anxious. Or become overwhelmed with how stupid I am by staying up so late and being a failure for X reason or getting mad when I'm luckier than most people and have no valid reason to be sad or worried. I feel like I have nothing to look forward to cos my chance to make friends and leave my relationship if it is bad, will be gone by the time this pandemic passes.",5,i feel my youth rushing past me i keep thinking how many opportunities ive missed out on i have no close friends and my semester abroad is gone ive been stuck with my family in a town of  people for  months because my college moved online i feel so low and everything takes effort i see no end in sight and i feel like there is no point in existing if somehow this is life forever i get up at am which is so unlike me of a year ago i google for an hour or  about whatever relationship problem im having or whatever type of cancer im convinced i have this week i put on a fake smile when my parents come home for lunch and i pretend ive been doing college work and not freaking out over whatever is bothering me today then do some half assed college work for a hour or  i used to be a perfectionist because my heart isnt in it then more moping and googling whatever problem i have usually post something about said concern on reddit for reassurnace everything will be ok cos i dont feel on force myself to go for a  minute walk try to watch something i used to enjoy and fail to enjoy it sit on phone till am trying to calm down try to sleep fail too sad or anxious or become overwhelmed with how stupid i am by staying up so late and being a failure for x reason or getting mad when im luckier than most people and have no valid reason to be sad or worried i feel like i have nothing to look forward to cos my chance to make friends and leave my relationship if it is bad will be gone by the time this pandemic passes,feel youth rushing past keep thinking many opportunity ive missed close friend semester abroad gone ive stuck family town people month college moved online feel low everything take effort see end sight feel like point existing somehow life forever get unlike year ago google hour whatever relationship problem im whatever type cancer im convinced week put fake smile parent come home lunch pretend ive college work freaking whatever bothering today half assed college work hour used perfectionist heart isnt moping googling whatever problem usually post something said concern reddit reassurnace everything ok co dont feel force go minute walk try watch something used enjoy fail enjoy sit phone till trying calm try sleep fail sad anxious become overwhelmed stupid staying late failure x reason getting mad im luckier people valid reason sad worried feel like nothing look forward co chance make friend leave relationship bad gone time pandemic pass,-0.9211,-0.178968254,-0.998939574,positive coping,Low Coping,Low Anxiety,High Depression,Low Stress,2,2,1,0,"anxiety, depression, stress",
Im tired of my husband masterbating to other women and not fucking me. I lost 85 lbs just to get more fit for him. Hes still obese but im not attractive to him cuz of my mental state. Even though i have been getting help for over a year now. Goodbye,5,im tired of my husband masterbating to other women and not fucking me i lost  lbs just to get more fit for him hes still obese but im not attractive to him cuz of my mental state even though i have been getting help for over a year now goodbye,im tired husband masterbating woman fucking lost lb get fit he still obese im attractive cuz mental state even though getting help year goodbye,0.3832,0.02,0.949575603,neutral,Moderate Coping,Moderate Anxiety,Low Depression,Moderate Stress,0,1,0,0,depression,
"Right. I need to write this and it's not because of me, but because of you. All of the people who are going through tough times, no matter the odds. Here i've seen teenagers asking for the purpose of their own lives, why should they keep on going ...and not only the young ones, as much as grown men and women, with their lives fully in their responsibility.

Most people would say that our destiny is in our own hands. Well sometimes life isn't truly in our hands.. sometimes we don't have a say in what is to come and the only free will that we have is in how we react to the events that surround us and the experience we gain from these events.  
So here it goes, not to whine, but to share. Sometimes life throws us into extremes and we have to cope with that. As much as we can.

I was born in a small, shitty eastern-European country, filled with history and hatred. My mother was and still is a hardcore alcoholic, from which i have suffered from my birth to this very day - i was operated from severe gall bladder infection at the age of 3. Barely survived the intervention. My young, mutilated body and mind weren't aware of what's going on for many years and medical operations after, the only thing keeping me alive was modern medicine and educated doctors. (I will always be grateful to them.)

All the way to my late teens i had no idea how sick my body was, cause i had no real parents - my father has abandoned his child for the sake of his great business plans, which always failed, while my grandparents are all dead for decades, except for one grandmother who i never wanted to bother.  
So i did play with the other children, i did go to school, i did all the things that are supposed to be done by children. But all i remember is pain. Pain in my stomach, pain in my soul for not having a decent parent around. I lived through it, i finished high school and i went about the world like an untied horse (as the saying goes..)

i pursued my dreams of becoming a snowboarding instructor, in the same time i came close to horses and teaching people how to ride, i finished courses and have certificates on both fronts. Picked up the guitar, learned how to play a few tunes and how to grab attention, i even had a band and we made records.

It wasn't enough for 'life' and the Universal plan.. the first moment in my life that i had some kind of plan and purpose - i was in love with this very special person, she was everything that i can imagine of being the perfect woman in this world. She was kind, talented, beautiful, full of spirit and adventure, full of utopian ideals of humankind and energy to give out to the world.......

She died in the age of 21, while i was going to be 25. We were supposed to have my birthday together, but instead, she died.. she was buried on my birthday. To this day i have no idea what kind of sick joke of the universe is this, but since then i can't have a birthday.. or whatever of a celebration i have is way too pagan and filled with the Dead. Maybe it's the way it is supposed to be - me to be a host of dead people to have a party... i don't mind and i love them still, but sometimes it gets a bit grim.  


In the first months of her death, there was nothing for me but darkness and dread. I couldn't eat, water tasted like acid, people's voices were so far away.. the only thing i had was weed, alcohol and darkness. No one mattered to me anymore, no single soul could get me out of that pit. Couldn't hear music, couldn't see images in movies or series.. only very strong and dark literature from medieval and ancient times could get through to me.. as i saw people who went through ever darker things than me.  


The bad did not end there.  


She wasn't the only one to go away... as i was free from my 'parents' supervision from a young age - i had the freedom to travel and meet so many people, party, go to concerts of amazing live performances, make real friends... it was always an honor. I met amazing and beautiful, kind-hearted people... some of who died. From cancer, from illness, from car accidents.. now in my facebook i made a secret group of the dead.. they are not few.  


Losing the love of my life.. losing friends who were mentors.. losing friends, who i know i didn't have enough time to spend with... it is a burden. It feels like you need to live for the people who you lost.. but the energy and motivation is just not enough. How can a single person do all that has been left upon him by so many way too early departed?  


So in the meantime, while i was trying to coup with all the terrible things happening and trying to get my life and mind together - my father thought that i hadn't had enough of life lessons so he threw one more just for the fun... he made an official contract under my name (i signed but he didn't tell what) with my country in the baseline that i was working ...but when i understood what was going on it was already too late - the failed contract caused me thousands of Euro dept under my name and now i can't work or live normally in my own home country. Every cent that i get is sent to the government, cause of this.  


And all of that was before the virus crisis. I survived my own lockdowns over the past years. I know there is nothing more that the world can do to hurt me.  


I've seen the darkness from within. I know the worst pains there are in this world - to lose your love, while you still breathe, to lose your child that was the only future of your blood, to lose a parent before you were ready, to lose a true friend that you had not spoken to from the heart...  


There is no pain that can't be overcome. There is no trauma that can't heal. All you need to know is that there is more to life. There is more to give. Even if it is for a moment, even if it to change for the better the life of one person. Every last drop of blood, every last drop of momentum, energy and charge - you need to give. Not to take. Taking your own life is taking... taking opportunities to help, taking time that is not yours to give. It rightfully to the people around you, people who have been next to you, even if not understanding, people who you may never know, but still charge with the energy that you emanate. 

We have no right to take that away. No matter what we go through, even on the contrary - the more we go through - the more we need to share and help the people who are lost.  


Pick up your burden and carry it with pride. Shine through it. Build more. Build better. Build yourself and slash the thorns. Show the world what you are and what you can, no matter the scars. Show that being Human is much more than we even care to dream.",5,right i need to write this and its not because of me but because of you all of the people who are going through tough times no matter the odds here ive seen teenagers asking for the purpose of their own lives why should they keep on going and not only the young ones as much as grown men and women with their lives fully in their responsibility most people would say that our destiny is in our own hands well sometimes life isnt truly in our hands sometimes we dont have a say in what is to come and the only free will that we have is in how we react to the events that surround us and the experience we gain from these events so here it goes not to whine but to share sometimes life throws us into extremes and we have to cope with that as much as we can i was born in a small shitty easterneuropean country filled with history and hatred my mother was and still is a hardcore alcoholic from which i have suffered from my birth to this very day  i was operated from severe gall bladder infection at the age of  barely survived the intervention my young mutilated body and mind werent aware of whats going on for many years and medical operations after the only thing keeping me alive was modern medicine and educated doctors i will always be grateful to them all the way to my late teens i had no idea how sick my body was cause i had no real parents  my father has abandoned his child for the sake of his great business plans which always failed while my grandparents are all dead for decades except for one grandmother who i never wanted to bother so i did play with the other children i did go to school i did all the things that are supposed to be done by children but all i remember is pain pain in my stomach pain in my soul for not having a decent parent around i lived through it i finished high school and i went about the world like an untied horse as the saying goes i pursued my dreams of becoming a snowboarding instructor in the same time i came close to horses and teaching people how to ride i finished courses and have certificates on both fronts picked up the guitar learned how to play a few tunes and how to grab attention i even had a band and we made records it wasnt enough for life and the universal plan the first moment in my life that i had some kind of plan and purpose  i was in love with this very special person she was everything that i can imagine of being the perfect woman in this world she was kind talented beautiful full of spirit and adventure full of utopian ideals of humankind and energy to give out to the world she died in the age of  while i was going to be  we were supposed to have my birthday together but instead she died she was buried on my birthday to this day i have no idea what kind of sick joke of the universe is this but since then i cant have a birthday or whatever of a celebration i have is way too pagan and filled with the dead maybe its the way it is supposed to be  me to be a host of dead people to have a party i dont mind and i love them still but sometimes it gets a bit grim in the first months of her death there was nothing for me but darkness and dread i couldnt eat water tasted like acid peoples voices were so far away the only thing i had was weed alcohol and darkness no one mattered to me anymore no single soul could get me out of that pit couldnt hear music couldnt see images in movies or series only very strong and dark literature from medieval and ancient times could get through to me as i saw people who went through ever darker things than me the bad did not end there she wasnt the only one to go away as i was free from my parents supervision from a young age  i had the freedom to travel and meet so many people party go to concerts of amazing live performances make real friends it was always an honor i met amazing and beautiful kindhearted people some of who died from cancer from illness from car accidents now in my facebook i made a secret group of the dead they are not few losing the love of my life losing friends who were mentors losing friends who i know i didnt have enough time to spend with it is a burden it feels like you need to live for the people who you lost but the energy and motivation is just not enough how can a single person do all that has been left upon him by so many way too early departed so in the meantime while i was trying to coup with all the terrible things happening and trying to get my life and mind together  my father thought that i hadnt had enough of life lessons so he threw one more just for the fun he made an official contract under my name i signed but he didnt tell what with my country in the baseline that i was working but when i understood what was going on it was already too late  the failed contract caused me thousands of euro dept under my name and now i cant work or live normally in my own home country every cent that i get is sent to the government cause of this and all of that was before the virus crisis i survived my own lockdowns over the past years i know there is nothing more that the world can do to hurt me ive seen the darkness from within i know the worst pains there are in this world  to lose your love while you still breathe to lose your child that was the only future of your blood to lose a parent before you were ready to lose a true friend that you had not spoken to from the heart there is no pain that cant be overcome there is no trauma that cant heal all you need to know is that there is more to life there is more to give even if it is for a moment even if it to change for the better the life of one person every last drop of blood every last drop of momentum energy and charge  you need to give not to take taking your own life is taking taking opportunities to help taking time that is not yours to give it rightfully to the people around you people who have been next to you even if not understanding people who you may never know but still charge with the energy that you emanate we have no right to take that away no matter what we go through even on the contrary  the more we go through  the more we need to share and help the people who are lost pick up your burden and carry it with pride shine through it build more build better build yourself and slash the thorns show the world what you are and what you can no matter the scars show that being human is much more than we even care to dream,right need write people going tough time matter odds ive seen teenager asking purpose life keep going young one much grown men woman life fully responsibility people would say destiny hand well sometimes life isnt truly hand sometimes dont say come free react event surround u experience gain event go whine share sometimes life throw u extreme cope much born small shitty easterneuropean country filled history hatred mother still hardcore alcoholic suffered birth day operated severe gall bladder infection age barely survived intervention young mutilated body mind werent aware whats going many year medical operation thing keeping alive modern medicine educated doctor always grateful way late teen idea sick body cause real parent father abandoned child sake great business plan always failed grandparent dead decade except one grandmother never wanted bother play child go school thing supposed done child remember pain pain stomach pain soul decent parent around lived finished high school went world like untied horse saying go pursued dream becoming snowboarding instructor time came close horse teaching people ride finished course certificate front picked guitar learned play tune grab attention even band made record wasnt enough life universal plan first moment life kind plan purpose love special person everything imagine perfect woman world kind talented beautiful full spirit adventure full utopian ideal humankind energy give world died age going supposed birthday together instead died buried birthday day idea kind sick joke universe since cant birthday whatever celebration way pagan filled dead maybe way supposed host dead people party dont mind love still sometimes get bit grim first month death nothing darkness dread couldnt eat water tasted like acid people voice far away thing weed alcohol darkness one mattered anymore single soul could get pit couldnt hear music couldnt see image movie series strong dark literature medieval ancient time could get saw people went ever darker thing bad end wasnt one go away free parent supervision young age freedom travel meet many people party go concert amazing live performance make real friend always honor met amazing beautiful kindhearted people died cancer illness car accident facebook made secret group dead losing love life losing friend mentor losing friend know didnt enough time spend burden feel like need live people lost energy motivation enough single person left upon many way early departed meantime trying coup terrible thing happening trying get life mind together father thought hadnt enough life lesson threw one fun made official contract name signed didnt tell country baseline working understood going already late failed contract caused thousand euro dept name cant work live normally home country every cent get sent government cause virus crisis survived lockdown past year know nothing world hurt ive seen darkness within know worst pain world lose love still breathe lose child future blood lose parent ready lose true friend spoken heart pain cant overcome trauma cant heal need know life give even moment even change better life one person every last drop blood every last drop momentum energy charge need give take taking life taking taking opportunity help taking time give rightfully people around people next even understanding people may never know still charge energy emanate right take away matter go even contrary go need share help people lost pick burden carry pride shine build build better build slash thorn show world matter scar show human much even care dream,0.9597,0.124326289,-0.98479712,neutral,High Coping,High Anxiety,Low Depression,High Stress,0,0,0,0,unspecified,
"Has anyone ever done it, and how did you approach it with HR?

I have been considering doing it for the past few months, primarily because I feel the job I have been at since COVID-19 has changed me dramatically where I do not feel like the same guy I was in January or February.

Not to mention, I am making hardly any money (US $12/hr) and I am surrounded with a bunch of kids who kind of pick on me and harass me. The managers too have been difficult too. Treating me like I am a child and not a 20-something year old man with a fucking BA.

I was also outed by a manager regarding my Spectrum Disorder, something that I am VERY private about. He confronted me about it, and I was shocked. I told another manager who knew, and he talked to the other manager who played dumb about it, “I didn’t know he was private about it” I believe was his response according to this other manager.

Maybe I just need some time off, I have never put in a day off from this job except to cover personal matters, and I have gone in a lot to cover shifts because of the poor pay.

My parents want me to stay with the company because supposedly their benefits are great, but I don’t qualify for benefits as a PT employee, and the more and more I see this company. The more and more disgusted I am with them, and the sooner I want to leave.",4,has anyone ever done it and how did you approach it with hr i have been considering doing it for the past few months primarily because i feel the job i have been at since covid has changed me dramatically where i do not feel like the same guy i was in january or february not to mention i am making hardly any money us hr and i am surrounded with a bunch of kids who kind of pick on me and harass me the managers too have been difficult too treating me like i am a child and not a something year old man with a fucking ba i was also outed by a manager regarding my spectrum disorder something that i am very private about he confronted me about it and i was shocked i told another manager who knew and he talked to the other manager who played dumb about it “i didn’t know he was private about it” i believe was his response according to this other manager maybe i just need some time off i have never put in a day off from this job except to cover personal matters and i have gone in a lot to cover shifts because of the poor pay my parents want me to stay with the company because supposedly their benefits are great but i don’t qualify for benefits as a pt employee and the more and more i see this company the more and more disgusted i am with them and the sooner i want to leave,anyone ever done approach hr considering past month primarily feel job since covid changed dramatically feel like guy january february mention making hardly money u hr surrounded bunch kid kind pick harass manager difficult treating like child something year old man fucking ba also outed manager regarding spectrum disorder something private confronted shocked told another manager knew talked manager played dumb “ ’ know private ” believe response according manager maybe need time never put day job except cover personal matter gone lot cover shift poor pay parent want stay company supposedly benefit great ’ qualify benefit pt employee see company disgusted sooner want leave,-0.0772,-0.147777778,-0.996606946,negative coping,Low Coping,Low Anxiety,Moderate Depression,Low Stress,0,0,0,0,unspecified,
"I feel like I put so much effort into my friendships but i don’t get anything in return. I don’t think anyone like me and people are just using me. People don’t care about me the way I care about them. I just want someone to put in the amount of effort I put, but no one does.",3,i feel like i put so much effort into my friendships but i don’t get anything in return i don’t think anyone like me and people are just using me people don’t care about me the way i care about them i just want someone to put in the amount of effort i put but no one does,feel like put much effort friendship ’ get anything return ’ think anyone like people using people ’ care way care want someone put amount effort put one,0.9274,0.2,-0.980294347,neutral,High Coping,High Anxiety,Low Depression,High Stress,0,0,0,0,unspecified,
"(Might be unreadable bc I’ll be crying through this)

(( my room is next to my brothers room, and his room is next to my parent’s room ))



I come out of my room because my mum is telling me we have to take our dog on a walk. I go to my parents room but as I walk past I look in my brothers door and he’s crying. I’m very confused as my mum is in her room and can definitely hear him. 

I walk in and comfort him, I give him hugs and tell him it’s going to be alright ( this was extremely uncomfortable for me as he physically abused me for some time in my earlier childhood- I’m 13 and he’s 10 but I pushed through so already I wasn’t in the best mindset having had physical contact with him ) 

He’s crying and tells me that our mum shouted at him and that it made him lose his things in his game ( he flinched because she was shouting and misclicked, that stuff took him a week to get ) I didn’t think that was like her but I believed him as he was crying and then she comes in, shouting that Connor needs to get dressed because we are going on a dog walk. I can’t really remember what happened next but I next remember getting dressed and going down stairs to put my coat on. 

My brother had yet to come downstairs and my mum was getting angry. ( she’s not usually an angry person ) She started shouting at him to come downstairs. Then, we heard my brother crying.it was really loud and it broke me and I started to panic as she started shouting louder and louder, getting my dad ( who’s a fucking cheating lying abusing alcoholic fat ugly stupid cocky gross fucking cunt who should’ve been thrown out years ago ) to start shouting too. 

Obviously my brothers crying got louder and he wasn’t going to get dressed any time soon. I can only imagine how he felt as I was tearing up at this point. My mum eventually stormed holy fuck I can’t stop fucking crying my mum eventually stormed upstairs to my brothers room and started shouting ( she was telling me that he was fake crying but I don’t think he was ) at him “ WHAT THE FUCK GET DRESSED YOU FUCKING IDIOT OMG “ and ( I was still donwstairs ) shouted up “ HOLY SHIT PLEASE STOP SHOUTING “ I was at the end of my rope I was panicking and my brother was crying and I was gonna cry and I just wanted to kill my self and then she came downstairs. 

She looks at me and said “ I thought you wanted more consequences “ ( I had asked her to stop just letting things slide or joking about stuff my brother had done to me because at the time I said it, he was beginning to get verbally abusive ) and I said “ I said I wanted consequences not for you to shout at him because that was just plain mean” she said “ get out. “ and I did and then my brother cane down and we left. 

Once we were outside she said “ haha, well I’ve successfully managed to make both the kids cry today! “ my tears are burning my eyes hold on which I found really rude and insensitive because we are her kids 

She kept making jokes about it to my dad and eventually apologised to my brother

As we were half way through our dog walk, she comes up to us and said “ are you guys talking about how I just traumatised you both haha “ heads up I’m gonna go on a tangent 
That’s just fucking mean to joke about that especially when I’ve told her that I have trauma from her pig of a husband and her son and that trauma is obviously a touchy subject and originally I though she was making a joke about how I confided in her what my dad and brother had done to me but I texted her and apparently it was a joke about how she doesn’t snap that often so if you know what I don’t really understand the joke but apparently it was funny to her but it’s not like I have no reason to believe that she was making a joke about that because she’s done it before about my tics and she makes me feel bad about my derealisation also “ because I don’t snap that often “ but it’s been getting more and more frequent and she’s becoming more like my dad which is fucking horrifying 

It’s so hard to watch her be mean to me and my brother because she’s the only one in my immediate family who hasn’t given me trauma and she’s my rock but she always makes excuses for my dad and brother and I just can’t take this shit anymore 

I don’t understand her because she can just flip her emotions so easily one second it’s YOU FUCKING IDIOT HOLY SHIT and the next it’s aw hey sweetie :) like make up your mind it really feels like this all started because I came out as nonbinary..",4,might be unreadable bc i’ll be crying through this  my room is next to my brothers room and his room is next to my parent’s room  i come out of my room because my mum is telling me we have to take our dog on a walk i go to my parents room but as i walk past i look in my brothers door and he’s crying i’m very confused as my mum is in her room and can definitely hear him i walk in and comfort him i give him hugs and tell him it’s going to be alright  this was extremely uncomfortable for me as he physically abused me for some time in my earlier childhood i’m  and he’s  but i pushed through so already i wasn’t in the best mindset having had physical contact with him  he’s crying and tells me that our mum shouted at him and that it made him lose his things in his game  he flinched because she was shouting and misclicked that stuff took him a week to get  i didn’t think that was like her but i believed him as he was crying and then she comes in shouting that connor needs to get dressed because we are going on a dog walk i can’t really remember what happened next but i next remember getting dressed and going down stairs to put my coat on my brother had yet to come downstairs and my mum was getting angry  she’s not usually an angry person  she started shouting at him to come downstairs then we heard my brother cryingit was really loud and it broke me and i started to panic as she started shouting louder and louder getting my dad  who’s a fucking cheating lying abusing alcoholic fat ugly stupid cocky gross fucking cunt who should’ve been thrown out years ago  to start shouting too obviously my brothers crying got louder and he wasn’t going to get dressed any time soon i can only imagine how he felt as i was tearing up at this point my mum eventually stormed holy fuck i can’t stop fucking crying my mum eventually stormed upstairs to my brothers room and started shouting  she was telling me that he was fake crying but i don’t think he was  at him “ what the fuck get dressed you fucking idiot omg “ and  i was still donwstairs  shouted up “ holy shit please stop shouting “ i was at the end of my rope i was panicking and my brother was crying and i was gonna cry and i just wanted to kill my self and then she came downstairs she looks at me and said “ i thought you wanted more consequences “  i had asked her to stop just letting things slide or joking about stuff my brother had done to me because at the time i said it he was beginning to get verbally abusive  and i said “ i said i wanted consequences not for you to shout at him because that was just plain mean” she said “ get out “ and i did and then my brother cane down and we left once we were outside she said “ haha well i’ve successfully managed to make both the kids cry today “ my tears are burning my eyes hold on which i found really rude and insensitive because we are her kids she kept making jokes about it to my dad and eventually apologised to my brother as we were half way through our dog walk she comes up to us and said “ are you guys talking about how i just traumatised you both haha “ heads up i’m gonna go on a tangent that’s just fucking mean to joke about that especially when i’ve told her that i have trauma from her pig of a husband and her son and that trauma is obviously a touchy subject and originally i though she was making a joke about how i confided in her what my dad and brother had done to me but i texted her and apparently it was a joke about how she doesn’t snap that often so if you know what i don’t really understand the joke but apparently it was funny to her but it’s not like i have no reason to believe that she was making a joke about that because she’s done it before about my tics and she makes me feel bad about my derealisation also “ because i don’t snap that often “ but it’s been getting more and more frequent and she’s becoming more like my dad which is fucking horrifying it’s so hard to watch her be mean to me and my brother because she’s the only one in my immediate family who hasn’t given me trauma and she’s my rock but she always makes excuses for my dad and brother and i just can’t take this shit anymore i don’t understand her because she can just flip her emotions so easily one second it’s you fucking idiot holy shit and the next it’s aw hey sweetie  like make up your mind it really feels like this all started because i came out as nonbinary,might unreadable bc ’ cry room next brother room room next parent ’ room come room mum telling take dog walk go parent room walk past look brother door ’ cry ’ confused mum room definitely hear walk comfort give hug tell ’ going alright extremely uncomfortable physically abused time earlier childhood ’ ’ pushed already ’ best mindset physical contact ’ cry tell mum shouted made lose thing game flinched shouting misclicked stuff took week get ’ think like believed cry come shouting connor need get dressed going dog walk ’ really remember happened next next remember getting dressed going stair put coat brother yet come downstairs mum getting angry ’ usually angry person started shouting come downstairs heard brother cryingit really loud broke started panic started shouting louder louder getting dad ’ fucking cheating lying abusing alcoholic fat ugly stupid cocky gross fucking cunt ’ thrown year ago start shouting obviously brother cry got louder ’ going get dressed time soon imagine felt tearing point mum eventually stormed holy fuck ’ stop fucking cry mum eventually stormed upstairs brother room started shouting telling fake cry ’ think “ fuck get dressed fucking idiot omg “ still donwstairs shouted “ holy shit please stop shouting “ end rope panicking brother cry gon na cry wanted kill self came downstairs look said “ thought wanted consequence “ asked stop letting thing slide joking stuff brother done time said beginning get verbally abusive said “ said wanted consequence shout plain mean ” said “ get “ brother cane left outside said “ haha well ’ successfully managed make kid cry today “ tear burning eye hold found really rude insensitive kid kept making joke dad eventually apologised brother half way dog walk come u said “ guy talking traumatised haha “ head ’ gon na go tangent ’ fucking mean joke especially ’ told trauma pig husband son trauma obviously touchy subject originally though making joke confided dad brother done texted apparently joke ’ snap often know ’ really understand joke apparently funny ’ like reason believe making joke ’ done tic make feel bad derealisation also “ ’ snap often “ ’ getting frequent ’ becoming like dad fucking horrifying ’ hard watch mean brother ’ one immediate family ’ given trauma ’ rock always make excuse dad brother ’ take shit anymore ’ understand flip emotion easily one second ’ fucking idiot holy shit next ’ aw hey sweetie like make mind really feel like started came nonbinary,-0.9982,-0.145458909,-0.997604609,negative coping,Low Coping,Low Anxiety,High Depression,Low Stress,1,0,0,0,anxiety,
"Find Self Peace. In yourself. 

I do understand how important it is to have loving, supportive friends, family, partners, relationships etc., but the fact is, YOU are the only person that wakes up in YOUR body and YOU are the only person that goes to sleep. 

These past 9 months of quarantine have been interesting, with lots of time for self awareness, solitude, to sit in myself and be with myself. I have learned a lot, I still struggle. I am healing &amp; I still hurt. I am getting comfortable with my identity, I still struggle with dysphoria. It is all apart of the life of being. The life that yes must have its downs, to know what the ups are. To know that the downs only last for a little while and then there we are, bouncing back up again. It takes time.

Sometimes I feel too secluded and wanting to chat with someone I used to talk to, or someone that has been removed from my life by God and the Universe that I want to check up on just because I feel lonely. We must be present with ourself in those moments and realize that **WE MUST NOT MOVE BACKWARDS BECAUSE WE ARE FEELING LONELY.** There are 1000's of people on the internet to chat with if needed, but realistically in those moments it might be best not to message anyone at all and just sit. 

I love speaking with people, I love conversing, I love communicating and experiencing different perspectives with like minded beings in other places in the world, but as well as I love my space and time for me; to paint, to journal, to meditate, to be outside, to play video games or just solely to sit.

Find whats right for you and focus on that. Connect with people that have unconditional love for you, if you are looking for people like that, go look, they are there and here. All around. I wish you a day of health, happiness and healing. **Together, Separately.**

I love you.

Drey &lt;3",1,find self peace in yourself i do understand how important it is to have loving supportive friends family partners relationships etc but the fact is you are the only person that wakes up in your body and you are the only person that goes to sleep these past  months of quarantine have been interesting with lots of time for self awareness solitude to sit in myself and be with myself i have learned a lot i still struggle i am healing amp i still hurt i am getting comfortable with my identity i still struggle with dysphoria it is all apart of the life of being the life that yes must have its downs to know what the ups are to know that the downs only last for a little while and then there we are bouncing back up again it takes time sometimes i feel too secluded and wanting to chat with someone i used to talk to or someone that has been removed from my life by god and the universe that i want to check up on just because i feel lonely we must be present with ourself in those moments and realize that we must not move backwards because we are feeling lonely there are s of people on the internet to chat with if needed but realistically in those moments it might be best not to message anyone at all and just sit i love speaking with people i love conversing i love communicating and experiencing different perspectives with like minded beings in other places in the world but as well as i love my space and time for me to paint to journal to meditate to be outside to play video games or just solely to sit find whats right for you and focus on that connect with people that have unconditional love for you if you are looking for people like that go look they are there and here all around i wish you a day of health happiness and healing together separately i love you drey lt,find self peace understand important loving supportive friend family partner relationship etc fact person wake body person go sleep past month quarantine interesting lot time self awareness solitude sit learned lot still struggle healing amp still hurt getting comfortable identity still struggle dysphoria apart life life yes must down know ups know down last little bouncing back take time sometimes feel secluded wanting chat someone used talk someone removed life god universe want check feel lonely must present ourself moment realize must move backwards feeling lonely people internet chat needed realistically moment might best message anyone sit love speaking people love conversing love communicating experiencing different perspective like minded being place world well love space time paint journal meditate outside play video game solely sit find whats right focus connect people unconditional love looking people like go look around wish day health happiness healing together separately love drey lt,0.9957,0.232196276,0.925945938,neutral,High Coping,High Anxiety,Low Depression,High Stress,0,0,0,0,unspecified,
"It is extremely common to experience repetitive emotional cycles of suffering, reliving the past with anger, grief sadness and rage, after the end of a toxic, abusive or narcissistic relationship ends.

I have my fair share of experience with this, as well as with high levels of relief and healing.

In this video I share what I find most helpful - let me know if it is useful to you in some way?

[https://youtu.be/g9VYiXH6kw4](https://youtu.be/g9VYiXH6kw4)

Thanks!",1,it is extremely common to experience repetitive emotional cycles of suffering reliving the past with anger grief sadness and rage after the end of a toxic abusive or narcissistic relationship ends i have my fair share of experience with this as well as with high levels of relief and healing in this video i share what i find most helpful  let me know if it is useful to you in some way httpsyoutubegvyixhkwhttpsyoutubegvyixhkw thanks,extremely common experience repetitive emotional cycle suffering reliving past anger grief sadness rage end toxic abusive narcissistic relationship end fair share experience well high level relief healing video share find helpful let know useful way httpsyoutubegvyixhkwhttpsyoutubegvyixhkw thanks,-0.5945,-0.094,0.9955374,neutral,Low Coping,Low Anxiety,High Depression,Low Stress,0,0,0,0,depression,
"I’m M18.
I don’t understand what’s wrong with me. I don’t know why my head is such a mess. I feel like there’s something I’m missing that everyone else understands. I don’t feel normal. I feel wrong. My family makes me feel wrong. According to them everything i do is selfish. I don’t need them though. I’m better than them. They don’t understand me, they really don’t. I don’t understand me. I wish there was a way for them to share how my head feels so they could understand why i am how i am. I hate living. There’s nothing i want to do more than die. But that’s a lie. Because I’m still here. So what’s keeping me alive. My family hates me. I’m their least favourite. Always have been. I’m out of place. I dont belong anywhere. They say I’m selfish but they just don’t understand me is all. I’m sorry, this doesn’t make sense. I need to talk to someone please. Someone who wants to care. I need someone please",5,i’m m i don’t understand what’s wrong with me i don’t know why my head is such a mess i feel like there’s something i’m missing that everyone else understands i don’t feel normal i feel wrong my family makes me feel wrong according to them everything i do is selfish i don’t need them though i’m better than them they don’t understand me they really don’t i don’t understand me i wish there was a way for them to share how my head feels so they could understand why i am how i am i hate living there’s nothing i want to do more than die but that’s a lie because i’m still here so what’s keeping me alive my family hates me i’m their least favourite always have been i’m out of place i dont belong anywhere they say i’m selfish but they just don’t understand me is all i’m sorry this doesn’t make sense i need to talk to someone please someone who wants to care i need someone please,’ ’ understand ’ wrong ’ know head mess feel like ’ something ’ missing everyone else understands ’ feel normal feel wrong family make feel wrong according everything selfish ’ need though ’ better ’ understand really ’ ’ understand wish way share head feel could understand hate living ’ nothing want die ’ lie ’ still ’ keeping alive family hate ’ least favourite always ’ place dont belong anywhere say ’ selfish ’ understand ’ sorry ’ make sense need talk someone please someone want care need someone please,-0.7163,-0.288333333,-0.997930169,neutral,Low Coping,Low Anxiety,High Depression,Low Stress,0,0,0,0,unspecified,
"Long story short the day before my scuicide attempt my Religion teacher was talking to us about sins. We ended up talking about scuicide. I asked my teacher Why she thinks scuicide is a ""sin"". She told me that only cowardly people take their lives bacause they are not ready for the ""judgment of god"". I find this very very sad. Ive been rescued from my scuicide attemp about 2 weeks ago and it is a very hard decision to make, and certainly its not cowardly. Its very hard leaving everyone behind and its even harder when someone calls you a voward because it makes you feel worse then you already do. The whole reason I tried to take my life was because of hate and feeling alone. No one wants to be judged on that. I recently spoke to my teacher again and I felt really sad that she still thought that if my attempt worked I would have gone to hell. Since then Ive asked my Mother to let me not go to Religion class but I dont see that happening because my family is very religious and they wont let me quit. My parents have been very supportive but I feel really wierd when everyone stairs at me in my Religion class.",3,long story short the day before my scuicide attempt my religion teacher was talking to us about sins we ended up talking about scuicide i asked my teacher why she thinks scuicide is a sin she told me that only cowardly people take their lives bacause they are not ready for the judgment of god i find this very very sad ive been rescued from my scuicide attemp about  weeks ago and it is a very hard decision to make and certainly its not cowardly its very hard leaving everyone behind and its even harder when someone calls you a voward because it makes you feel worse then you already do the whole reason i tried to take my life was because of hate and feeling alone no one wants to be judged on that i recently spoke to my teacher again and i felt really sad that she still thought that if my attempt worked i would have gone to hell since then ive asked my mother to let me not go to religion class but i dont see that happening because my family is very religious and they wont let me quit my parents have been very supportive but i feel really wierd when everyone stairs at me in my religion class,long story short day scuicide attempt religion teacher talking u sin ended talking scuicide asked teacher think scuicide sin told cowardly people take life bacause ready judgment god find sad ive rescued scuicide attemp week ago hard decision make certainly cowardly hard leaving everyone behind even harder someone call voward make feel worse already whole reason tried take life hate feeling alone one want judged recently spoke teacher felt really sad still thought attempt worked would gone hell since ive asked mother let go religion class dont see happening family religious wont let quit parent supportive feel really wierd everyone stair religion class,-0.9694,-0.118767507,-0.997830331,negative coping,Low Coping,Low Anxiety,High Depression,Low Stress,0,2,0,0,depression,
Im currently in a town party where everyone is around. Heck even tourists cannot go to this party but I feel so alone. My family is miles away. I guess I am just lost. How can my heart be in a place I feel so alone in,3,im currently in a town party where everyone is around heck even tourists cannot go to this party but i feel so alone my family is miles away i guess i am just lost how can my heart be in a place i feel so alone in,im currently town party everyone around heck even tourist go party feel alone family mile away guess lost heart place feel alone,0.6486,0,-0.994628251,negative coping,High Coping,High Anxiety,Low Depression,High Stress,0,0,0,0,unspecified,
"i feel incredibly uncomfortable posting here knowing people i know started following me recently, but i feel alone and could need someone to talk to. if you struggle with anything, i’m here to listen",3,i feel incredibly uncomfortable posting here knowing people i know started following me recently but i feel alone and could need someone to talk to if you struggle with anything i’m here to listen,feel incredibly uncomfortable posting knowing people know started following recently feel alone could need someone talk struggle anything ’ listen,-0.7346,-0.166666667,-0.998748183,negative coping,Low Coping,Low Anxiety,High Depression,Low Stress,0,0,0,0,unspecified,
"For a year or 2 now i have been thinking about ending all at the end of next year if my life doesn't turn around, because by then if nothing changes ill be 21, jobless and without a drivers license, and i dont think that i can handle that for another year, i dont know how ill end it but im thinking of jumping off something, or seeing if i can od on something and if all else fails ill just slit my wrists when i know no one will be home for a while so i can die in peace, 

TLDR: Im probably going to kill myself by the end of next year if i cant turn my life around.",5,for a year or  now i have been thinking about ending all at the end of next year if my life doesnt turn around because by then if nothing changes ill be  jobless and without a drivers license and i dont think that i can handle that for another year i dont know how ill end it but im thinking of jumping off something or seeing if i can od on something and if all else fails ill just slit my wrists when i know no one will be home for a while so i can die in peace tldr im probably going to kill myself by the end of next year if i cant turn my life around,year thinking ending end next year life doesnt turn around nothing change ill jobless without driver license dont think handle another year dont know ill end im thinking jumping something seeing od something else fails ill slit wrist know one home die peace tldr im probably going kill end next year cant turn life around,-0.7927,-0.333333333,-0.999137104,positive coping,Low Coping,Low Anxiety,High Depression,Low Stress,0,0,0,0,unspecified,
"parents beat me, degraded me, depraved me of treatment, kicked me out so many fucking times,  constant yelling, humiliation, made me feel fat and ugly and annoying as fuck, sisters friend molested me, grandma beat me too, tossed around like fucking trash from parent to parent to grandparent because no one wants me. now im all fucking manipulation and attention whorish and even though im only sixteen these were the fucking cards i was dealt. i have no fucking personality or friends or talents and i cant just gain them now. im fucked. its over",5,parents beat me degraded me depraved me of treatment kicked me out so many fucking times constant yelling humiliation made me feel fat and ugly and annoying as fuck sisters friend molested me grandma beat me too tossed around like fucking trash from parent to parent to grandparent because no one wants me now im all fucking manipulation and attention whorish and even though im only sixteen these were the fucking cards i was dealt i have no fucking personality or friends or talents and i cant just gain them now im fucked its over,parent beat degraded depraved treatment kicked many fucking time constant yelling humiliation made feel fat ugly annoying fuck sister friend molested grandma beat tossed around like fucking trash parent parent grandparent one want im fucking manipulation attention whorish even though im sixteen fucking card dealt fucking personality friend talent cant gain im fucked,-0.797,-0.454545455,-0.998960733,neutral,Low Coping,Low Anxiety,High Depression,Low Stress,0,0,0,0,unspecified,
"I’ve been fighting for a long time to keep going. The last person in my life that helped give me meaning has left me behind tonight. Life hasn’t been that great to me but I try to make the most of it even when I get hurt. It’s gone too far now. I love too hard and expect that same love back. We were together for almost a decade and now it’s all fallen apart. I’m going to be 27 on New Years and I think my birthday will be the day I leave. I don’t know if I’ll leave a note for my family or friends, even though I probably should at least give them that. I’m going to slit my wrists. I don’t know how long it will be before anyone finds me. A week to two weeks probably. I don’t know why I’m posting this. I’m not looking to be helped or saved. I never tell strangers anything. I don’t want to be in this world without the love of my life. The day we got together I knew I wanted her forever and she always told me the same. No matter how hard I tried I’m just left feeling worthless. This year has been hell for a lot of people but this will be the last year I experience this hell. This sub has helped me during times to feel like I’m not alone when it comes to suicide. I don’t know what I’m going to do with my dog and my cat, my dad will probably take them. I want to burn all my belongings and leave without a trace. I want to drain all of this tainted blood out of my body and never have to worry about betrayal again. This kind of pain and heartbreak is just too much to take. I can’t live without her.",5,i’ve been fighting for a long time to keep going the last person in my life that helped give me meaning has left me behind tonight life hasn’t been that great to me but i try to make the most of it even when i get hurt it’s gone too far now i love too hard and expect that same love back we were together for almost a decade and now it’s all fallen apart i’m going to be  on new years and i think my birthday will be the day i leave i don’t know if i’ll leave a note for my family or friends even though i probably should at least give them that i’m going to slit my wrists i don’t know how long it will be before anyone finds me a week to two weeks probably i don’t know why i’m posting this i’m not looking to be helped or saved i never tell strangers anything i don’t want to be in this world without the love of my life the day we got together i knew i wanted her forever and she always told me the same no matter how hard i tried i’m just left feeling worthless this year has been hell for a lot of people but this will be the last year i experience this hell this sub has helped me during times to feel like i’m not alone when it comes to suicide i don’t know what i’m going to do with my dog and my cat my dad will probably take them i want to burn all my belongings and leave without a trace i want to drain all of this tainted blood out of my body and never have to worry about betrayal again this kind of pain and heartbreak is just too much to take i can’t live without her,’ fighting long time keep going last person life helped give meaning left behind tonight life ’ great try make even get hurt ’ gone far love hard expect love back together almost decade ’ fallen apart ’ going new year think birthday day leave ’ know ’ leave note family friend even though probably least give ’ going slit wrist ’ know long anyone find week two week probably ’ know ’ posting ’ looking helped saved never tell stranger anything ’ want world without love life day got together knew wanted forever always told matter hard tried ’ left feeling worthless year hell lot people last year experience hell sub helped time feel like ’ alone come suicide ’ know ’ going dog cat dad probably take want burn belonging leave without trace want drain tainted blood body never worry betrayal kind pain heartbreak much take ’ live without,-0.9303,0.061399711,-0.986094832,neutral,Low Coping,Low Anxiety,High Depression,Low Stress,0,1,0,1,depression,worthless
"I'm not going to do it. I have a cat and a hedgehog. I don't want to die, but I want to not be alive. 

Why? Why did you do this to me?

Was it worth telling her you love her so she could've another day and then you could shut her out the next day? 

Was it worth seeing me like this?",5,im not going to do it i have a cat and a hedgehog i dont want to die but i want to not be alive why why did you do this to me was it worth telling her you love her so she couldve another day and then you could shut her out the next day was it worth seeing me like this,im going cat hedgehog dont want die want alive worth telling love couldve another day could shut next day worth seeing like,0.93,0.24,0.859381258,neutral,High Coping,High Anxiety,Low Depression,High Stress,0,0,0,0,unspecified,
"I had a 3 year relationship with my girlfriend there's been a lot of ups and downs and she finally decided to break up with me last night. even though she constantly lied to me and even though when we fought I'm always the first one to apologize just to make us okay. In the 1st year of our relationship we were really happy and in love. But things are just not as before. we constantly fight over little things, i find out that she chats with other guys and that she has been lying to me. but I still love her and I forgive her. i myself am not a perfect boyfriend i have many demons too that led her to stay away from me but i did not cheat even once. right now I just don't even know what to do anymore my goal was to live a happy life with her make her my wife. but it's all gone now... I don't know what to do this feeling makes me wanna kill myself for being a failure",5,i had a  year relationship with my girlfriend theres been a lot of ups and downs and she finally decided to break up with me last night even though she constantly lied to me and even though when we fought im always the first one to apologize just to make us okay in the st year of our relationship we were really happy and in love but things are just not as before we constantly fight over little things i find out that she chats with other guys and that she has been lying to me but i still love her and i forgive her i myself am not a perfect boyfriend i have many demons too that led her to stay away from me but i did not cheat even once right now i just dont even know what to do anymore my goal was to live a happy life with her make her my wife but its all gone now i dont know what to do this feeling makes me wanna kill myself for being a failure,year relationship girlfriend there lot ups down finally decided break last night even though constantly lied even though fought im always first one apologize make u okay st year relationship really happy love thing constantly fight little thing find chat guy lying still love forgive perfect boyfriend many demon led stay away cheat even right dont even know anymore goal live happy life make wife gone dont know feeling make wan na kill failure,0.4941,0.245130872,-0.820610285,neutral,Moderate Coping,Moderate Anxiety,Low Depression,Moderate Stress,0,0,0,0,unspecified,
"At twenty-seven, I can't say that I lived a fulfilling life. It was an endless struggle, fraught with loneliness and paranoia, so a swift death seems like a mercy. I was a creative person before my problems became my life's focal point, so ideally I want for my death to be as complex. I plan on asking  a hospital's staff to mercy kill me. And every second they refuse to honor such a request, I will starve myself. This is the result of the alienation of modern society. It is too easy these days to become a nobody.",5,at twentyseven i cant say that i lived a fulfilling life it was an endless struggle fraught with loneliness and paranoia so a swift death seems like a mercy i was a creative person before my problems became my lifes focal point so ideally i want for my death to be as complex i plan on asking a hospitals staff to mercy kill me and every second they refuse to honor such a request i will starve myself this is the result of the alienation of modern society it is too easy these days to become a nobody,twentyseven cant say lived fulfilling life endless struggle fraught loneliness paranoia swift death seems like mercy creative person problem became life focal point ideally want death complex plan asking hospital staff mercy kill every second refuse honor request starve result alienation modern society easy day become nobody,-0.8442,0.229761905,-0.989685953,neutral,Low Coping,Low Anxiety,High Depression,Low Stress,0,0,0,1,unspecified,
"I admit this is a bit of a long rant, so thank you anyone who manages to read through it.  I really appreciate it.

Anyway, I have quite a few good things in my life, including good friends and a loving family, but if you ask me what dreams truly get me up in the morning with the will to live, there are two (albeit corny) answers: pursuing a career in writing, and the idea of falling in love with the girl of my dreams.

In High School I decided I was going to make at least one of those two dreams come true, so I earned a writing degree and started posting my work online.  It was...marginally successful.  In the years since I graduated I've averaged a little under $10,000 a year between my own projects and freelance projects.  Then the pandemic hit, and my income completely fizzled out.  Now I haven't been hired since June and am living with my parents to make ends meet.  I was already getting fatigued marching forward on so little income, now I'm wondering what the heck will even be left after this whole pandemic subsides.  I made the decision a month ago to start applying for a regular old 9-5 job, but it feels like it's crushing me.  It's not that I dislike the jobs I'm applying for, it's just that this dream has been the one thing giving me purpose, the thing I've worked 80 hours a week for and poured my soul into, and it's hard to imagine relegating it to a side project I may or may not have time or energy for anymore depending on what day job I land.

Unfortunately, the love side has been even less successful.  Dating with social anxiety is hard, dating while gay with social anxiety is harder, dating while gay with social anxiety while also trying to explain that you're not financially stable right now is even harder than that.  Needless to say I still haven't found that dream girl and probably won't for a while.

I know my dreams are a bit childish, and I feel guilty that having a loving family and the essentials of life don't feel like enough, but the reality is I feel like I'm barely functioning right now.  I'm trying to move forward imagining a new life that may not have either of those things I wanted.  However, it quickly starts to feel like the life I always feared: waking up in the morning to go to a job I'm lukewarm about only to come home, slog around my apartment alone, and then go to bed so I can do it all over again the next day.  I need a new meaning, one that's actually in my control, but I'm being sucked down into the abyss with this much faster than I can handle.",5,i admit this is a bit of a long rant so thank you anyone who manages to read through it i really appreciate it anyway i have quite a few good things in my life including good friends and a loving family but if you ask me what dreams truly get me up in the morning with the will to live there are two albeit corny answers pursuing a career in writing and the idea of falling in love with the girl of my dreams in high school i decided i was going to make at least one of those two dreams come true so i earned a writing degree and started posting my work online it wasmarginally successful in the years since i graduated ive averaged a little under  a year between my own projects and freelance projects then the pandemic hit and my income completely fizzled out now i havent been hired since june and am living with my parents to make ends meet i was already getting fatigued marching forward on so little income now im wondering what the heck will even be left after this whole pandemic subsides i made the decision a month ago to start applying for a regular old  job but it feels like its crushing me its not that i dislike the jobs im applying for its just that this dream has been the one thing giving me purpose the thing ive worked  hours a week for and poured my soul into and its hard to imagine relegating it to a side project i may or may not have time or energy for anymore depending on what day job i land unfortunately the love side has been even less successful dating with social anxiety is hard dating while gay with social anxiety is harder dating while gay with social anxiety while also trying to explain that youre not financially stable right now is even harder than that needless to say i still havent found that dream girl and probably wont for a while i know my dreams are a bit childish and i feel guilty that having a loving family and the essentials of life dont feel like enough but the reality is i feel like im barely functioning right now im trying to move forward imagining a new life that may not have either of those things i wanted however it quickly starts to feel like the life i always feared waking up in the morning to go to a job im lukewarm about only to come home slog around my apartment alone and then go to bed so i can do it all over again the next day i need a new meaning one thats actually in my control but im being sucked down into the abyss with this much faster than i can handle,admit bit long rant thank anyone manages read really appreciate anyway quite good thing life including good friend loving family ask dream truly get morning live two albeit corny answer pursuing career writing idea falling love girl dream high school decided going make least one two dream come true earned writing degree started posting work online wasmarginally successful year since graduated ive averaged little year project freelance project pandemic hit income completely fizzled havent hired since june living parent make end meet already getting fatigued marching forward little income im wondering heck even left whole pandemic subsides made decision month ago start applying regular old job feel like crushing dislike job im applying dream one thing giving purpose thing ive worked hour week poured soul hard imagine relegating side project may may time energy anymore depending day job land unfortunately love side even less successful dating social anxiety hard dating gay social anxiety harder dating gay social anxiety also trying explain youre financially stable right even harder needless say still havent found dream girl probably wont know dream bit childish feel guilty loving family essential life dont feel like enough reality feel like im barely functioning right im trying move forward imagining new life may either thing wanted however quickly start feel like life always feared waking morning go job im lukewarm come home slog around apartment alone go bed next day need new meaning one thats actually control im sucked abyss much faster handle,0.9865,0.132599705,-0.985328615,neutral,High Coping,High Anxiety,Low Depression,High Stress,0,0,0,0,anxiety,
"I wish I knew where to start but here goes I have a genetic disorder called PKU that if I don’t watch the amount of protein I take in it will kill my brain and my nerves and adds to my depression and anxiety there is no cure for it I’ve been off treatment for about half my life I was raised in a house where my brother was autistic but wasn’t diagnosed until his mid 20s he was missed diagnosed as a kid so to me I was always a afterthought as long as I kept my grades up there was no problems in turn this made me self loathing which turned into self hate this was done as a motivation tactic in the beginning I was more hard on myself than anyone else in my life and if I wasn’t perfect I was a failure even though I wasn’t a perfectionist I felt I wasn’t allowed to make mistakes my dad would go to work come home and drink and be on the computer my mom was trying to groom me to be next in line to pay here bills as she put it “I gave birth to you so you owe me” then as a teenager my dad would get physical with me like punching me in the face so trauma then but I blame the alcohol more than him by the time college rolled around my mom decided to move out of the house and I was stupid and moved with her within a year of the move I was told to quit school and support her full time with the agreement that when she got her disability I would be able to cut back and finish my school but that never happened I moved back in with my dad in April-May 2014 by August he had died and I had to start over again when my mom moved back into the house I held onto it until 2016 when was foreclosed because she didn’t file the paperwork on time she ended up getting $75,000 from the sale of the house and her back pay I’d disability which she used to take a trip to San Francisco and I seen nothing had to move across the country to my sister who had not been in my life up until 2014 she left when I was a infant and now this year my mom died then COVID hit then a mental hospital visit kicked out of sister’s place and now I work for instacart and live in my car Christmas this year was a mess all I did was get angry with my family out here in NC because everyone else gets switch games and ps5s and the like while I get here 25 for gas and 25 for food it was just a slap in the face like I’m a afterthought how I’ve always been and miss my parents because they are gone before I turned 30 and this was the first year without both of them so I made a plan to get either a lighter or matches and set my car on fire while I’m in it next to the gas tank right around midnight New Year’s Eve so it’s right on cue with the fireworks and ever since I’ve made the plan I feel less depressed like some kind of weight lifted off me it’s weird like the pain hasn’t been as bad I’ve stopped taking my meds but yet I still don’t feel as depressed like I know what I’m going to tell some people I’ve already told my boss she will need to find a replacement for me it’s just weird to me I’ve been struggling with my stay alive what are the benefits of being alive and what’s the point if I’m going to work and pay someone else’s bill the rest of my life why do I want to live and now things that use to get me angry don’t it’s almost like a peace in my mind instead of all the thoughts about everything

I’m sorry for the long post but I have no one to talk to about this",5,i wish i knew where to start but here goes i have a genetic disorder called pku that if i don’t watch the amount of protein i take in it will kill my brain and my nerves and adds to my depression and anxiety there is no cure for it i’ve been off treatment for about half my life i was raised in a house where my brother was autistic but wasn’t diagnosed until his mid s he was missed diagnosed as a kid so to me i was always a afterthought as long as i kept my grades up there was no problems in turn this made me self loathing which turned into self hate this was done as a motivation tactic in the beginning i was more hard on myself than anyone else in my life and if i wasn’t perfect i was a failure even though i wasn’t a perfectionist i felt i wasn’t allowed to make mistakes my dad would go to work come home and drink and be on the computer my mom was trying to groom me to be next in line to pay here bills as she put it “i gave birth to you so you owe me” then as a teenager my dad would get physical with me like punching me in the face so trauma then but i blame the alcohol more than him by the time college rolled around my mom decided to move out of the house and i was stupid and moved with her within a year of the move i was told to quit school and support her full time with the agreement that when she got her disability i would be able to cut back and finish my school but that never happened i moved back in with my dad in aprilmay  by august he had died and i had to start over again when my mom moved back into the house i held onto it until  when was foreclosed because she didn’t file the paperwork on time she ended up getting  from the sale of the house and her back pay i’d disability which she used to take a trip to san francisco and i seen nothing had to move across the country to my sister who had not been in my life up until  she left when i was a infant and now this year my mom died then covid hit then a mental hospital visit kicked out of sister’s place and now i work for instacart and live in my car christmas this year was a mess all i did was get angry with my family out here in nc because everyone else gets switch games and pss and the like while i get here  for gas and  for food it was just a slap in the face like i’m a afterthought how i’ve always been and miss my parents because they are gone before i turned  and this was the first year without both of them so i made a plan to get either a lighter or matches and set my car on fire while i’m in it next to the gas tank right around midnight new year’s eve so it’s right on cue with the fireworks and ever since i’ve made the plan i feel less depressed like some kind of weight lifted off me it’s weird like the pain hasn’t been as bad i’ve stopped taking my meds but yet i still don’t feel as depressed like i know what i’m going to tell some people i’ve already told my boss she will need to find a replacement for me it’s just weird to me i’ve been struggling with my stay alive what are the benefits of being alive and what’s the point if i’m going to work and pay someone else’s bill the rest of my life why do i want to live and now things that use to get me angry don’t it’s almost like a peace in my mind instead of all the thoughts about everything i’m sorry for the long post but i have no one to talk to about this,wish knew start go genetic disorder called pku ’ watch amount protein take kill brain nerve add depression anxiety cure ’ treatment half life raised house brother autistic ’ diagnosed mid missed diagnosed kid always afterthought long kept grade problem turn made self loathing turned self hate done motivation tactic beginning hard anyone else life ’ perfect failure even though ’ perfectionist felt ’ allowed make mistake dad would go work come home drink computer mom trying groom next line pay bill put “ gave birth owe ” teenager dad would get physical like punching face trauma blame alcohol time college rolled around mom decided move house stupid moved within year move told quit school support full time agreement got disability would able cut back finish school never happened moved back dad aprilmay august died start mom moved back house held onto foreclosed ’ file paperwork time ended getting sale house back pay ’ disability used take trip san francisco seen nothing move across country sister life left infant year mom died covid hit mental hospital visit kicked sister ’ place work instacart live car christmas year mess get angry family nc everyone else get switch game ps like get gas food slap face like ’ afterthought ’ always miss parent gone turned first year without made plan get either lighter match set car fire ’ next gas tank right around midnight new year ’ eve ’ right cue firework ever since ’ made plan feel less depressed like kind weight lifted ’ weird like pain ’ bad ’ stopped taking med yet still ’ feel depressed like know ’ going tell people ’ already told bos need find replacement ’ weird ’ struggling stay alive benefit alive ’ point ’ going work pay someone else ’ bill rest life want live thing use get angry ’ ’ almost like peace mind instead thought everything ’ sorry long post one talk,-0.9876,-0.072721723,-0.998353481,negative coping,Low Coping,Low Anxiety,High Depression,Low Stress,0,0,0,0,unspecified,
"I started losing weight when I started dating him. He was my first real relationship (first kiss) (21f) and he tried getting me to have sex and do all these things. The day after I let him touch my breasts for the first time (after two months of dating) and not allowing anything else (he knew I was a virgin and planning on staying like that since the beginning)  the day after he broke up over text even though the day before he said he loved me and wasn’t planning on leaving and there’s just a whole bunch of other crap I dealt with in the relationship. It’s been several months since we split and I still miss certain parts but I’m so hurt still. People tell me that I need to get over it and move on but I feel so abandoned. I lost ten pounds dating him (2 months of dating as well as some self harm that he knew about , I only self harmed in the relationship) And I’ve lost 15 since the split cause I have no appetite. Partly when I think of him and partly is some meds I take. I need advice or encouragement please. 

(I have two family members that ended their life’s and I don’t plan on it, haven’t picked at my skin/self harmed since June)",4,i started losing weight when i started dating him he was my first real relationship first kiss f and he tried getting me to have sex and do all these things the day after i let him touch my breasts for the first time after two months of dating and not allowing anything else he knew i was a virgin and planning on staying like that since the beginning the day after he broke up over text even though the day before he said he loved me and wasn’t planning on leaving and there’s just a whole bunch of other crap i dealt with in the relationship it’s been several months since we split and i still miss certain parts but i’m so hurt still people tell me that i need to get over it and move on but i feel so abandoned i lost ten pounds dating him  months of dating as well as some self harm that he knew about  i only self harmed in the relationship and i’ve lost  since the split cause i have no appetite partly when i think of him and partly is some meds i take i need advice or encouragement please i have two family members that ended their life’s and i don’t plan on it haven’t picked at my skinself harmed since june,started losing weight started dating first real relationship first kiss f tried getting sex thing day let touch breast first time two month dating allowing anything else knew virgin planning staying like since beginning day broke text even though day said loved ’ planning leaving ’ whole bunch crap dealt relationship ’ several month since split still miss certain part ’ hurt still people tell need get move feel abandoned lost ten pound dating month dating well self harm knew self harmed relationship ’ lost since split cause appetite partly think partly med take need advice encouragement please two family member ended life ’ ’ plan ’ picked skinself harmed since june,-0.8957,0.126428571,-0.995602012,neutral,Low Coping,Low Anxiety,High Depression,Low Stress,0,0,0,0,unspecified,
"I feel so lost with no way forward. No job, no house, living with my parents, no prospects. The only thing that is keeping me here right now is my cat. If I tell my mum, she’ll say I’m selfish and I need to pull myself together. I just want to feel like I’m going somewhere. I’m not.",5,i feel so lost with no way forward no job no house living with my parents no prospects the only thing that is keeping me here right now is my cat if i tell my mum she’ll say i’m selfish and i need to pull myself together i just want to feel like i’m going somewhere i’m not,feel lost way forward job house living parent prospect thing keeping right cat tell mum ’ say ’ selfish need pull together want feel like ’ going somewhere ’,-0.1027,-0.107142857,-0.999221563,neutral,Low Coping,Low Anxiety,Moderate Depression,Low Stress,0,0,0,0,unspecified,
"I honestly which I killed myself by now, I hate life, I hate being alone, I hate everything and person toxic in my life, I hate being around... I was exposed to Covid19 start of Dec and I survived that which I really wish I didn't. I just want to be gone I just want all this bad feelings, bad memories, everything gone. 

I just want to be dead....",5,i honestly which i killed myself by now i hate life i hate being alone i hate everything and person toxic in my life i hate being around i was exposed to covid start of dec and i survived that which i really wish i didnt i just want to be gone i just want all this bad feelings bad memories everything gone i just want to be dead,honestly killed hate life hate alone hate everything person toxic life hate around exposed covid start dec survived really wish didnt want gone want bad feeling bad memory everything gone want dead,-0.9764,-0.533333333,-0.991662979,negative coping,Low Coping,Low Anxiety,High Depression,Low Stress,0,0,0,0,unspecified,
I’m 20 M wYou can check my Previous posts for some more background. I saw a post from dating advice saying don’t put all into one person. I did that exact thing with my best friend 26 F. I said I wouldn’t kill my self because I loved her at that time. I moved from romantic feelings. But I have strong feelings from our friendship. I really care about this person. But I don’t want to sound selfish forceful prick. But honestly if I can’t have her in my life in whatever way I just want to die. I don’t want to wake up in a hospital. I know I will only feel worse later on. As a mad kid who wanted to die. I want to use it if absolutely all hope is gone. I want to really die. But what drug is good for an Overdose. I got 50+ ibuprofen but don’t know if that will do it?,5,i’m  m wyou can check my previous posts for some more background i saw a post from dating advice saying don’t put all into one person i did that exact thing with my best friend  f i said i wouldn’t kill my self because i loved her at that time i moved from romantic feelings but i have strong feelings from our friendship i really care about this person but i don’t want to sound selfish forceful prick but honestly if i can’t have her in my life in whatever way i just want to die i don’t want to wake up in a hospital i know i will only feel worse later on as a mad kid who wanted to die i want to use it if absolutely all hope is gone i want to really die but what drug is good for an overdose i got  ibuprofen but don’t know if that will do it,’ wyou check previous post background saw post dating advice saying ’ put one person exact thing best friend f said ’ kill self loved time moved romantic feeling strong feeling friendship really care person ’ want sound selfish forceful prick honestly ’ life whatever way want die ’ want wake hospital know feel worse later mad kid wanted die want use absolutely hope gone want really die drug good overdose got ibuprofen ’ know,0.8085,0.186979167,0.950045049,positive coping,High Coping,High Anxiety,Low Depression,High Stress,0,0,0,0,unspecified,
My mom has copd and lung problems. She had a heart attack once and didn’t even know it. She has high blood pressure and breathing problems. Yet she smokes. That doesn’t help. I don’t wanna make her feel bad or judge her. Smoking is an addiction. She is the best person I know. I’ve never really had any friends. I’m lonely. I love my family. I love my siblings so much and I’m really close to them. But it’s not the same. My dad is strange. He acts crazy and switches personality all the time. He was an alcoholic and has physically fought my mom multiple times. (Even when she was pregnant). He’s been to jail for it and doesn’t physically hurt as much anymore. He still has a few times though. He says horrible things to her and I hate him for it. I feel like he hates me more that my other siblings. Me and my brother. I don’t know why but he always chooses us to cuss and loves the others more. He made fun of my brother for painting his nails. He calls him horrible names and used to say that he wasn’t his son. (He is). My brother is only 12 and has the biggest heart. He deserves better than that. He’s said that I wasn’t his too and sometimes I wish I wasn’t. He says I’m lazy and stupid. I cut my hair before and he made fun of me and told me I look like a dy*ke. (Nothing wrong with being lesbian but he was being a homophobic ass). My mom always makes me feel better and it sounds lame but she’s truly my best friend. I love her more than myself and I couldn’t live without her. She’s my everything. I can’t imagine the day something happens to her. I’ve even thought about killing myself before anything happens to her just so I don’t have to see her like that. But I don’t want to hurt her. That would tear her apart and she’s lost so much. She deserves better than that. I don’t want to do that to my brother and sisters or even to my dogs. They don’t deserve that. But I truly can’t imagine ever living a good life without her in it.,4,my mom has copd and lung problems she had a heart attack once and didn’t even know it she has high blood pressure and breathing problems yet she smokes that doesn’t help i don’t wanna make her feel bad or judge her smoking is an addiction she is the best person i know i’ve never really had any friends i’m lonely i love my family i love my siblings so much and i’m really close to them but it’s not the same my dad is strange he acts crazy and switches personality all the time he was an alcoholic and has physically fought my mom multiple times even when she was pregnant he’s been to jail for it and doesn’t physically hurt as much anymore he still has a few times though he says horrible things to her and i hate him for it i feel like he hates me more that my other siblings me and my brother i don’t know why but he always chooses us to cuss and loves the others more he made fun of my brother for painting his nails he calls him horrible names and used to say that he wasn’t his son he is my brother is only  and has the biggest heart he deserves better than that he’s said that i wasn’t his too and sometimes i wish i wasn’t he says i’m lazy and stupid i cut my hair before and he made fun of me and told me i look like a dyke nothing wrong with being lesbian but he was being a homophobic ass my mom always makes me feel better and it sounds lame but she’s truly my best friend i love her more than myself and i couldn’t live without her she’s my everything i can’t imagine the day something happens to her i’ve even thought about killing myself before anything happens to her just so i don’t have to see her like that but i don’t want to hurt her that would tear her apart and she’s lost so much she deserves better than that i don’t want to do that to my brother and sisters or even to my dogs they don’t deserve that but i truly can’t imagine ever living a good life without her in it,mom copd lung problem heart attack ’ even know high blood pressure breathing problem yet smoke ’ help ’ wan na make feel bad judge smoking addiction best person know ’ never really friend ’ lonely love family love sibling much ’ really close ’ dad strange act crazy switch personality time alcoholic physically fought mom multiple time even pregnant ’ jail ’ physically hurt much anymore still time though say horrible thing hate feel like hate sibling brother ’ know always chooses u cuss love others made fun brother painting nail call horrible name used say ’ son brother biggest heart deserves better ’ said ’ sometimes wish ’ say ’ lazy stupid cut hair made fun told look like dyke nothing wrong lesbian homophobic as mom always make feel better sound lame ’ truly best friend love ’ live without ’ everything ’ imagine day something happens ’ even thought killing anything happens ’ see like ’ want hurt would tear apart ’ lost much deserves better ’ want brother sister even dog ’ deserve truly ’ imagine ever living good life without,0.9418,0.017886762,-0.995653272,neutral,High Coping,High Anxiety,Low Depression,High Stress,0,0,1,0,stress,
for so long. she blocked me on everything she doesn't want to talk to me. I keep texting her like she's getting my messages. Not like frantically all the time but in really vulnerable times where I feel so helpless. I guess I'm wondering if she's feeling the same bc if she is then im seriously concerned for her. sometimes I think I'm ready to take the next step. I don't want to leave her for good but I'm so scared that she's already stopped caring. Even if I could get that across to her she'd only sympathize with me bc she wouldn't want to lose someone else to suicide. She won't talk to me ever again it feels like she's never gonna get back to me ever I might as well just leave. I feel like the wrost worst person alive,5,for so long she blocked me on everything she doesnt want to talk to me i keep texting her like shes getting my messages not like frantically all the time but in really vulnerable times where i feel so helpless i guess im wondering if shes feeling the same bc if she is then im seriously concerned for her sometimes i think im ready to take the next step i dont want to leave her for good but im so scared that shes already stopped caring even if i could get that across to her shed only sympathize with me bc she wouldnt want to lose someone else to suicide she wont talk to me ever again it feels like shes never gonna get back to me ever i might as well just leave i feel like the wrost worst person alive,long blocked everything doesnt want talk keep texting like shes getting message like frantically time really vulnerable time feel helpless guess im wondering shes feeling bc im seriously concerned sometimes think im ready take next step dont want leave good im scared shes already stopped caring even could get across shed sympathize bc wouldnt want lose someone else suicide wont talk ever feel like shes never gon na get back ever might well leave feel like wrost worst person alive,-0.6965,-0.098148148,-0.99914062,neutral,Low Coping,Low Anxiety,High Depression,Low Stress,0,0,0,0,unspecified,
"Just can’t stop thinking about suicide. Just want the pain to stop. Every time I awake, I am disappointed that I am not dead.

My Mother passed on the 6th. I have no one who is here for me. I was alone the day she passed and alone today.",5,just can’t stop thinking about suicide just want the pain to stop every time i awake i am disappointed that i am not dead my mother passed on the th i have no one who is here for me i was alone the day she passed and alone today,’ stop thinking suicide want pain stop every time awake disappointed dead mother passed th one alone day passed alone today,-0.9694,-0.475,-0.989527225,negative coping,Low Coping,Low Anxiety,High Depression,Low Stress,0,0,0,0,unspecified,
"A million reasons to end myself:
My family went bankrupt and we lost everything
I have abusive parents who fight all the time and ignore me
My dad is a cheating alcoholic
My mom is literally crazy 
I have no siblings to share my traumatic experiences with
My cat died horribly right in front of my eyes 
I lost every single one of my friends
We lost almost all of our relatives to some nasty fight


The only reason I'm not ending it all is because I know if I do everyone in town is gonna say this was bound to happen and it wasn't. I really did try my best but nothing is ever changing. What should I do?",5,a million reasons to end myself my family went bankrupt and we lost everything i have abusive parents who fight all the time and ignore me my dad is a cheating alcoholic my mom is literally crazy i have no siblings to share my traumatic experiences with my cat died horribly right in front of my eyes i lost every single one of my friends we lost almost all of our relatives to some nasty fight the only reason im not ending it all is because i know if i do everyone in town is gonna say this was bound to happen and it wasnt i really did try my best but nothing is ever changing what should i do,million reason end family went bankrupt lost everything abusive parent fight time ignore dad cheating alcoholic mom literally crazy sibling share traumatic experience cat died horribly right front eye lost every single one friend lost almost relative nasty fight reason im ending know everyone town gon na say bound happen wasnt really try best nothing ever changing,-0.9901,-0.054464286,-0.995622694,positive coping,Low Coping,Low Anxiety,High Depression,Low Stress,0,0,0,0,unspecified,
"In late October, I overdosed to try and ""get away"" from my abusive ex-fiancee and spent almost 2 weeks in the hospital/psych ward. When I got out, it was touch and go for a while as I was readjusting back to normal life. But with the help of my ex-fiancee, I made it through it and have no problem talking about what I remember happening.

Now comes the ex-fiancee part.

I had lived with her since early september, up until she beat the shit out of me in november. 

She had decided to get drunk as hell and use me as her personal punching bag (literally) for the 2nd time in our relationship. And yes, I know it was stupid of me to continue on with her after the 1st time, but I just give the wrong people the most chances apparently.

That night/morning, my buddy picked me up and brought me to his house for the night. Next morning, I gathered up what she hadn't destroyed and left.

2 days later, filed for a restraining order, and after a lot of BS and continuances on her part, I finally got it. 

I thought I was doing ok, and I was healing. NOPE. Shit just keeps getting worse

Yesterday I learned that I was expendable before I was even gone..

The day *AFTER* my and my ex's court hearing, she'd already gotten into another relationship.. with someone she's known longer than me..

I'd seen his name show up on her phone a bit, but never thought anything of it..

So not only was I physically/mentally abused, I was most likely cheated on for the entirety of the relationship..

I don't get why it's affecting me so badly, probably just because I have that constant lingering thought of, ""what is so wrong with me, that I got that sort of treatment?""

I feel like I'm ""permanently damaged goods"" and it'd just be easier to end it all now rather than dragging it out in the hopes that I *may* find my ""someone.""",5,in late october i overdosed to try and get away from my abusive exfiancee and spent almost  weeks in the hospitalpsych ward when i got out it was touch and go for a while as i was readjusting back to normal life but with the help of my exfiancee i made it through it and have no problem talking about what i remember happening now comes the exfiancee part i had lived with her since early september up until she beat the shit out of me in november she had decided to get drunk as hell and use me as her personal punching bag literally for the nd time in our relationship and yes i know it was stupid of me to continue on with her after the st time but i just give the wrong people the most chances apparently that nightmorning my buddy picked me up and brought me to his house for the night next morning i gathered up what she hadnt destroyed and left  days later filed for a restraining order and after a lot of bs and continuances on her part i finally got it i thought i was doing ok and i was healing nope shit just keeps getting worse yesterday i learned that i was expendable before i was even gone the day after my and my exs court hearing shed already gotten into another relationship with someone shes known longer than me id seen his name show up on her phone a bit but never thought anything of it so not only was i physicallymentally abused i was most likely cheated on for the entirety of the relationship i dont get why its affecting me so badly probably just because i have that constant lingering thought of what is so wrong with me that i got that sort of treatment i feel like im permanently damaged goods and itd just be easier to end it all now rather than dragging it out in the hopes that i may find my someone,late october overdosed try get away abusive exfiancee spent almost week hospitalpsych ward got touch go readjusting back normal life help exfiancee made problem talking remember happening come exfiancee part lived since early september beat shit november decided get drunk hell use personal punching bag literally nd time relationship yes know stupid continue st time give wrong people chance apparently nightmorning buddy picked brought house night next morning gathered hadnt destroyed left day later filed restraining order lot b continuance part finally got thought ok healing nope shit keep getting worse yesterday learned expendable even gone day ex court hearing shed already gotten another relationship someone shes known longer id seen name show phone bit never thought anything physicallymentally abused likely cheated entirety relationship dont get affecting badly probably constant lingering thought wrong got sort treatment feel like im permanently damaged good itd easier end rather dragging hope may find someone,-0.9312,-0.117391304,-0.996146321,positive coping,Low Coping,Low Anxiety,High Depression,Low Stress,0,0,0,0,unspecified,
"I remember my ex left me next day when i tried to commit suicide.  I was at my lowest and i opened up to him then i told him i just need him this time he just left. And he said he can't be happy with me:"") since that day i haven't healed,  and probably will never , i just wanna sleep forever,  my heart hurts everytime i remember it
Ppl always stab me in the back. Long  time ago My other ex used to mentally abuse me and  i cant get over it i dont know why ppl treat me like shit. Nobody really wants me for who i am.... i feel invisible and worthless:') what's the point of living then? if i tell my parents they will blame me and start crying and make things worse for me.. i really wanna die i don't wanna be in this body anymore i feel ashamed of myself and i feel like there's something wrong with me and i really don't belong anywhere.....",5,i remember my ex left me next day when i tried to commit suicide i was at my lowest and i opened up to him then i told him i just need him this time he just left and he said he cant be happy with me since that day i havent healed and probably will never  i just wanna sleep forever my heart hurts everytime i remember it ppl always stab me in the back long time ago my other ex used to mentally abuse me and i cant get over it i dont know why ppl treat me like shit nobody really wants me for who i am i feel invisible and worthless whats the point of living then if i tell my parents they will blame me and start crying and make things worse for me i really wanna die i dont wanna be in this body anymore i feel ashamed of myself and i feel like theres something wrong with me and i really dont belong anywhere,remember ex left next day tried commit suicide lowest opened told need time left said cant happy since day havent healed probably never wan na sleep forever heart hurt everytime remember ppl always stab back long time ago ex used mentally abuse cant get dont know ppl treat like shit nobody really want feel invisible worthless whats point living tell parent blame start cry make thing worse really wan na die dont wan na body anymore feel ashamed feel like there something wrong really dont belong anywhere,-0.9893,-0.071875,-0.997502029,neutral,Low Coping,Low Anxiety,High Depression,Low Stress,0,1,0,2,depression,worthless
"This is the end. I finally feel the lowest and numbest I have ever felt, after 33 years of abuse it took until now. I’ve been paying rent for 5 years but my landlord hasn’t been paying the mortgage on the home I live in for the past year so the bank is taking it, my college kicked me out of my program because I failed 2 classes thanks to “online” learning which really consisted of shitty power point lectures that the teacher never covered completely and never offered support for, and I’ve let everyone close to me down. Lost my vehicle in July due to a reckless driver and I literally have nothing left. The government thinks I’m barely worth $600 and even that fells like it is more than I’m worth at this point. Even when told we are a bright light in the night sky most of those stars are burnt out already and dead and we are too late to see it.",5,this is the end i finally feel the lowest and numbest i have ever felt after  years of abuse it took until now i’ve been paying rent for  years but my landlord hasn’t been paying the mortgage on the home i live in for the past year so the bank is taking it my college kicked me out of my program because i failed  classes thanks to “online” learning which really consisted of shitty power point lectures that the teacher never covered completely and never offered support for and i’ve let everyone close to me down lost my vehicle in july due to a reckless driver and i literally have nothing left the government thinks i’m barely worth  and even that fells like it is more than i’m worth at this point even when told we are a bright light in the night sky most of those stars are burnt out already and dead and we are too late to see it,end finally feel lowest numbest ever felt year abuse took ’ paying rent year landlord ’ paying mortgage home live past year bank taking college kicked program failed class thanks “ online ” learning really consisted shitty power point lecture teacher never covered completely never offered support ’ let everyone close lost vehicle july due reckless driver literally nothing left government think ’ barely worth even fell like ’ worth point even told bright light night sky star burnt already dead late see,-0.9516,0.054090909,-0.99875617,neutral,Low Coping,Low Anxiety,High Depression,Low Stress,0,0,0,0,depression,numb
"I’m a teacher right now during Covid. My school has elected to stay open instead of going remote, even with over 150 cases in our building. The demands of teaching both in person, remotely, and to kids who are quarantined, all at the same time, while also trying to keep up with the dozens of other tasks I have to manage daily has me working 65 hour weeks. I’m stressed and deeply unhappy but can’t afford to quit my job and there aren’t many better prospects. I don’t even know if this profession is sustainable; I feel like I’m losing my soul teaching.

The more that time has gone on, the more suicidal ideations I’ve been having. I think about how my life is so worthless — I am forced to be in close contact with so many kids every day and my admins don’t care. They are gambling with my life, all while asking us to put in so much unpaid overtime that I don’t even have time that take care of my basic necessities. It’s traumatizing. I wrote a pseudo-suicide note the other day. I don’t even think I was going to do anything, but I was just in so much pain that I wished I could pop out of existence..

I don’t even know why I’m venting here, It’s shameful how unstable I am.",5,i’m a teacher right now during covid my school has elected to stay open instead of going remote even with over  cases in our building the demands of teaching both in person remotely and to kids who are quarantined all at the same time while also trying to keep up with the dozens of other tasks i have to manage daily has me working  hour weeks i’m stressed and deeply unhappy but can’t afford to quit my job and there aren’t many better prospects i don’t even know if this profession is sustainable i feel like i’m losing my soul teaching the more that time has gone on the more suicidal ideations i’ve been having i think about how my life is so worthless — i am forced to be in close contact with so many kids every day and my admins don’t care they are gambling with my life all while asking us to put in so much unpaid overtime that i don’t even have time that take care of my basic necessities it’s traumatizing i wrote a pseudosuicide note the other day i don’t even think i was going to do anything but i was just in so much pain that i wished i could pop out of existence i don’t even know why i’m venting here it’s shameful how unstable i am,’ teacher right covid school elected stay open instead going remote even case building demand teaching person remotely kid quarantined time also trying keep dozen task manage daily working hour week ’ stressed deeply unhappy ’ afford quit job ’ many better prospect ’ even know profession sustainable feel like ’ losing soul teaching time gone suicidal ideation ’ think life worthless — forced close contact many kid every day admins ’ care gambling life asking u put much unpaid overtime ’ even time take care basic necessity ’ traumatizing wrote pseudosuicide note day ’ even think going anything much pain wished could pop existence ’ even know ’ venting ’ shameful unstable,-0.9538,0.020408163,-0.999099016,positive coping,Low Coping,Low Anxiety,High Depression,Low Stress,1,1,1,1,"anxiety, depression, stress",worthless
"I dont usually get suicidal when im sober but I cant help but stare at this new box of sleeping pills and want to do it. Ive been hiding in my room at my grandparents house crying all day. 

Ive been alone for a couple months at my apartment and Im finally back here for the holidays and I feel even worse here with my family around. I feel like such a lonely fucking loser who only has her fucking grandparents and mom to talk to. Seeing all my old school friends spending time with friends and bfs and some of them even having kids already. Seeing them get married and get houses and Im 21 and unemployed and on academic probation and my self esteem has went to shit and to add the cherry on top of that, when i came back and saw my brother he basically yelled I was ugly and I actually felt prettyish today. Im so scared to leave the house because I dont want to be judged which is why i havent left my apartment in months prior to today. 

Im not sure if I want to kill myself and have my grandma go through three deaths in December ( 2 covid deaths of her mom and brother) but I cant keep myself alive and suffering so that other people are happy. I truly think that tonight is my last day though.",5,i dont usually get suicidal when im sober but i cant help but stare at this new box of sleeping pills and want to do it ive been hiding in my room at my grandparents house crying all day ive been alone for a couple months at my apartment and im finally back here for the holidays and i feel even worse here with my family around i feel like such a lonely fucking loser who only has her fucking grandparents and mom to talk to seeing all my old school friends spending time with friends and bfs and some of them even having kids already seeing them get married and get houses and im  and unemployed and on academic probation and my self esteem has went to shit and to add the cherry on top of that when i came back and saw my brother he basically yelled i was ugly and i actually felt prettyish today im so scared to leave the house because i dont want to be judged which is why i havent left my apartment in months prior to today im not sure if i want to kill myself and have my grandma go through three deaths in december   covid deaths of her mom and brother but i cant keep myself alive and suffering so that other people are happy i truly think that tonight is my last day though,dont usually get suicidal im sober cant help stare new box sleeping pill want ive hiding room grandparent house cry day ive alone couple month apartment im finally back holiday feel even worse family around feel like lonely fucking loser fucking grandparent mom talk seeing old school friend spending time friend bfs even kid already seeing get married get house im unemployed academic probation self esteem went shit add cherry top came back saw brother basically yelled ugly actually felt prettyish today im scared leave house dont want judged havent left apartment month prior today im sure want kill grandma go three death december covid death mom brother cant keep alive suffering people happy truly think tonight last day though,-0.9404,-0.016528926,-0.99822849,negative coping,Low Coping,Low Anxiety,High Depression,Low Stress,0,0,0,0,unspecified,
"Had a complex past. Always suffered with mental health but more anxiety. Met my abusive ex which triggered complex ptsd now and I see life in a completely different way. He used to taunt ne at the beginning of the relationship 'you dont know what being suicidal feels like'. Its almost like he was jealous and dragged me down with him so now I know coz sure what suicidal ideation is.

After he emotionally, sexually and physically abused me for a year of living together- hes done with me now and I'm left feeling like noone wants me, noone will ever love me or be able to put up with me. I've got a strained relationship with my parents. My mum has finally offered to take me in for 6 months whilst I sort some finances out... which has pissed my friends off as they need me to live with them to help them financially. 

I'm a people pleaser but I'm so so miserable. I feel so lonely. My past repeating itself in my head. I have no siblings, strained relationship with family, my friends are bored but dont understand and are getting sick of hearing the negativity. I used to be full of life, now I cant bare to think of the loneliness ahead. Someone help please?",5,had a complex past always suffered with mental health but more anxiety met my abusive ex which triggered complex ptsd now and i see life in a completely different way he used to taunt ne at the beginning of the relationship you dont know what being suicidal feels like its almost like he was jealous and dragged me down with him so now i know coz sure what suicidal ideation is after he emotionally sexually and physically abused me for a year of living together hes done with me now and im left feeling like noone wants me noone will ever love me or be able to put up with me ive got a strained relationship with my parents my mum has finally offered to take me in for  months whilst i sort some finances out which has pissed my friends off as they need me to live with them to help them financially im a people pleaser but im so so miserable i feel so lonely my past repeating itself in my head i have no siblings strained relationship with family my friends are bored but dont understand and are getting sick of hearing the negativity i used to be full of life now i cant bare to think of the loneliness ahead someone help please,complex past always suffered mental health anxiety met abusive ex triggered complex ptsd see life completely different way used taunt ne beginning relationship dont know suicidal feel like almost like jealous dragged know coz sure suicidal ideation emotionally sexually physically abused year living together he done im left feeling like noone want noone ever love able put ive got strained relationship parent mum finally offered take month whilst sort finance pissed friend need live help financially im people pleaser im miserable feel lonely past repeating head sibling strained relationship family friend bored dont understand getting sick hearing negativity used full life cant bare think loneliness ahead someone help please,-0.3241,-0.073896104,-0.996977568,negative coping,Low Coping,Low Anxiety,Moderate Depression,Low Stress,0,0,2,0,stress,
"I wanna die so bad. My friends have either left me or begun to dislike me, I live in a house with addicted parents and I'm 22...   
I rot in my room. lonely. my brain viscerally begging for a soulmate to be beside me, the warmth of another human being who I can trust and love unconditionally, who loves me back just as much, but I deep down know someone like that will never be there...  
I have no motivation to send my resume somewhere because the extremely traumatic situation with me living in a motel for years due to my parents' domestic violence shit, and having drug issues made me basically quit going to school so I have no diploma or GED. so I feel like nowhere will accept me to work for them...  
I feel like once my parents die I'm going to just be on the streets or living in a car. I don't see the point of going on anymore. I have almost no one and I lost one of my best friends in the world, and i'm still not over the fact that I lost someone close to me. he's my ex, who hates my guts now and I still think about him (in an ""I miss my best friend"" way) every fucking day which is torture because I know the thought of me makes him sick... :(  
I really am so tired! I cannot take it! I just want to wait until maybe like... my parents aren't ""here"" anymore and just go and tie a noose up on a tree somewhere out in a forest... I'm very serious. I don't have anywhere to turn because I hate talking on the phone and counseling isn't done indoors right now where I live. I just want it to end so badly.   
I'm so tired.",5,i wanna die so bad my friends have either left me or begun to dislike me i live in a house with addicted parents and im  i rot in my room lonely my brain viscerally begging for a soulmate to be beside me the warmth of another human being who i can trust and love unconditionally who loves me back just as much but i deep down know someone like that will never be there i have no motivation to send my resume somewhere because the extremely traumatic situation with me living in a motel for years due to my parents domestic violence shit and having drug issues made me basically quit going to school so i have no diploma or ged so i feel like nowhere will accept me to work for them i feel like once my parents die im going to just be on the streets or living in a car i dont see the point of going on anymore i have almost no one and i lost one of my best friends in the world and im still not over the fact that i lost someone close to me hes my ex who hates my guts now and i still think about him in an i miss my best friend way every fucking day which is torture because i know the thought of me makes him sick  i really am so tired i cannot take it i just want to wait until maybe like my parents arent here anymore and just go and tie a noose up on a tree somewhere out in a forest im very serious i dont have anywhere to turn because i hate talking on the phone and counseling isnt done indoors right now where i live i just want it to end so badly im so tired,wan na die bad friend either left begun dislike live house addicted parent im rot room lonely brain viscerally begging soulmate beside warmth another human trust love unconditionally love back much deep know someone like never motivation send resume somewhere extremely traumatic situation living motel year due parent domestic violence shit drug issue made basically quit going school diploma ged feel like nowhere accept work feel like parent die im going street living car dont see point going anymore almost one lost one best friend world im still fact lost someone close he ex hate gut still think miss best friend way every fucking day torture know thought make sick really tired take want wait maybe like parent arent anymore go tie noose tree somewhere forest im serious dont anywhere turn hate talking phone counseling isnt done indoors right live want end badly im tired,-0.7539,-0.089968365,-0.995998144,negative coping,Low Coping,Low Anxiety,High Depression,Low Stress,0,2,0,0,depression,no motivation
"There's not one single person in my life who appreciates me or even enjoys talking to me or having me around. My whole family hates me because they caught me doing drugs 6 years ago even though I've been sober since then. Every friend or group of friends I've ever had has ended up hating me and doing some truly awful shit to me. They always say they treated my like shit because they were jealous but idk what there is to be jealous of. Every relationship I get into they just get tired of me and end up pushing me away or cheating on me.

I'm so tired of trying",4,theres not one single person in my life who appreciates me or even enjoys talking to me or having me around my whole family hates me because they caught me doing drugs  years ago even though ive been sober since then every friend or group of friends ive ever had has ended up hating me and doing some truly awful shit to me they always say they treated my like shit because they were jealous but idk what there is to be jealous of every relationship i get into they just get tired of me and end up pushing me away or cheating on me im so tired of trying,there one single person life appreciates even enjoys talking around whole family hate caught drug year ago even though ive sober since every friend group friend ive ever ended hating truly awful shit always say treated like shit jealous idk jealous every relationship get get tired end pushing away cheating im tired trying,-0.9393,-0.307936508,-0.956788659,neutral,Low Coping,Low Anxiety,High Depression,Low Stress,0,2,0,0,depression,
"every day is exhausting. i feel so isolated from everyone; like i’m on the outside looking in, watching everyone around me have fun and live their lives. 

i want to leave so badly it hurts. i want to erase my existence completely. if there were a button i could press that deleted me from this life so well that it’d be as if i never existed in the first place, id press it in a heartbeat.

i just don’t want to live anymore.",5,every day is exhausting i feel so isolated from everyone like i’m on the outside looking in watching everyone around me have fun and live their lives i want to leave so badly it hurts i want to erase my existence completely if there were a button i could press that deleted me from this life so well that it’d be as if i never existed in the first place id press it in a heartbeat i just don’t want to live anymore,every day exhausting feel isolated everyone like ’ outside looking watching everyone around fun live life want leave badly hurt want erase existence completely button could press deleted life well ’ never existed first place id press heartbeat ’ want live anymore,-0.4019,-0.022159091,-0.99713093,neutral,Low Coping,Low Anxiety,Moderate Depression,Low Stress,0,0,0,0,unspecified,
I don't have any friends. I don't have anyone to talk to. I have aspergers. I have ADHD. I have a fear of all medication. I have no way to treat this. I have suicidal thoughts. I have never been normal. I'm always bullied. I have no positive social interaction. I have no social skills. I have an easy way out. I have the ability to kill myself.,5,i dont have any friends i dont have anyone to talk to i have aspergers i have adhd i have a fear of all medication i have no way to treat this i have suicidal thoughts i have never been normal im always bullied i have no positive social interaction i have no social skills i have an easy way out i have the ability to kill myself,dont friend dont anyone talk aspergers adhd fear medication way treat suicidal thought never normal im always bullied positive social interaction social skill easy way ability kill,-0.8634,0.130454545,-0.960619628,neutral,Low Coping,Low Anxiety,High Depression,Low Stress,1,0,0,0,anxiety,
"So from around March to June I had a thing with this girl and I was genuinely the happiest I had been in years. I had motivation to do things, I actually washed regularly, didn't spend all day in bed, I started playing guitar again, I started reading again, all these things I had neglected for years.

Then at the end of July she broke up with me and I've fallen back into a complete slump again. I always knew I wasn't the happiest person but never really saw it as depression but I realised during that those few months it wasn't that I was happy but I just wasn't depressed. The way I felt is how you're supposed to feel. It's just made me realise how depressed I was before and how depressed I am now. 

What I want someone to relate to is, that I wish I hadn't felt what it's like to not be depressed because it's made everything so much worse. I was used to it before but now I just spend all my time thinking about how for just a short period of time I had a reason to live that I really felt.",5,so from around march to june i had a thing with this girl and i was genuinely the happiest i had been in years i had motivation to do things i actually washed regularly didnt spend all day in bed i started playing guitar again i started reading again all these things i had neglected for years then at the end of july she broke up with me and ive fallen back into a complete slump again i always knew i wasnt the happiest person but never really saw it as depression but i realised during that those few months it wasnt that i was happy but i just wasnt depressed the way i felt is how youre supposed to feel its just made me realise how depressed i was before and how depressed i am now what i want someone to relate to is that i wish i hadnt felt what its like to not be depressed because its made everything so much worse i was used to it before but now i just spend all my time thinking about how for just a short period of time i had a reason to live that i really felt,around march june thing girl genuinely happiest year motivation thing actually washed regularly didnt spend day bed started playing guitar started reading thing neglected year end july broke ive fallen back complete slump always knew wasnt happiest person never really saw depression realised month wasnt happy wasnt depressed way felt youre supposed feel made realise depressed depressed want someone relate wish hadnt felt like depressed made everything much worse used spend time thinking short period time reason live really felt,-0.8963,0.103305785,-0.9975425,neutral,Low Coping,Low Anxiety,High Depression,Low Stress,0,0,0,0,unspecified,
"So I am disabled, don’t have any friends, have an abusive and horrible family, single at 21, living in an authoritarian country. I literally have nothing to lose if I killed myself, and my family also will be better lives without me. I know that killing myself is good for everyone - including me -. I just need the courage to do it, I am so depressed with no one beside me. My life is so horrible and boring. Please give me courage to do it I beg you. I am so lonely with no one, I want to die, I sincerely want to die, I have nothing to live for please give me courage to escape !!!!!",5,so i am disabled don’t have any friends have an abusive and horrible family single at  living in an authoritarian country i literally have nothing to lose if i killed myself and my family also will be better lives without me i know that killing myself is good for everyone  including me  i just need the courage to do it i am so depressed with no one beside me my life is so horrible and boring please give me courage to do it i beg you i am so lonely with no one i want to die i sincerely want to die i have nothing to live for please give me courage to escape ,disabled ’ friend abusive horrible family single living authoritarian country literally nothing lose killed family also better life without know killing good everyone including need courage depressed one beside life horrible boring please give courage beg lonely one want die sincerely want die nothing live please give courage escape,0.0762,-0.157733176,-0.717438996,neutral,Moderate Coping,Moderate Anxiety,Low Depression,Moderate Stress,0,0,0,0,unspecified,
"My oldest brother died from severe alcoholism in 2011, brought on by depression and suicidal ideation, mainly stemming from the death of our brother in 2006. I've now officially lived longer than him, and I'm damn surprised I have. I wish I could join him, just die in my sleep, get ran over, or just symbolically go out the same way he did, though his death wasn't instant, it took him almost two years to die from his conditions. 

I miss his laugh and the long discussions about how fucked up our family is, and at least connect on a level that we were born into the wrong family. This place, this world, this existence is such shit. Life is made worse that he isn't here anymore, but it was also never worth it when he was here either. I was suicidal during that time too. It's all just such shit, and it never gets better.",5,my oldest brother died from severe alcoholism in  brought on by depression and suicidal ideation mainly stemming from the death of our brother in  ive now officially lived longer than him and im damn surprised i have i wish i could join him just die in my sleep get ran over or just symbolically go out the same way he did though his death wasnt instant it took him almost two years to die from his conditions i miss his laugh and the long discussions about how fucked up our family is and at least connect on a level that we were born into the wrong family this place this world this existence is such shit life is made worse that he isnt here anymore but it was also never worth it when he was here either i was suicidal during that time too its all just such shit and it never gets better,oldest brother died severe alcoholism brought depression suicidal ideation mainly stemming death brother ive officially lived longer im damn surprised wish could join die sleep get ran symbolically go way though death wasnt instant took almost two year die condition miss laugh long discussion fucked family least connect level born wrong family place world existence shit life made worse isnt anymore also never worth either suicidal time shit never get better,-0.9917,-0.102564103,-0.997170627,neutral,Low Coping,Low Anxiety,High Depression,Low Stress,0,0,0,0,unspecified,
"When I was little, my parents always said things like “you need to fix yourself” and “If you don’t start *blank* I won’t love you anymore” and have threatened to send me back to my “real” parents (they used to lie about me being adopted). When I was the new kid at an elementary school and tried to make friends with a kid who looked  lonely, she was immediately aggressive towards me and soon said something along the lines of “No one will ever want to be your friend or like you. You’re gross, ugly, and stupid.” When I was in middle school and actually managed to get some friends, and introduced some of them to each other, they started to hang out with me way less. I remember in 6th grade I went up to a friend because he promised to work on a group project with me and he told me “go away and work on it yourself.” I got upset at him and all he told me in response was, “You know what, I don’t even want to be your friend anymore.” I cried during lunchtime and he had the audacity to get a lunch lady to tell me to “stop crying because it was making him uncomfortable.” Speaking of group projects, they have always been among the worst experiences for me. I got called too stupid for drawing poorly in middle school and I forgot how to do something in science and someone said “wow you’re not as smart as I thought you would be.” Group projects became hell in high school. No one wanted to be in the same group with me for one project, so I had no choice but to not only work 4 times as much (it was a 4-5 people group project) but also present to the class for four times as long while trying to overcome anxiety and the terrible speech impediment I had. I got a C(+?) mainly because of “my constant stuttering, trouble focusing, and working alone,” according to the teacher. In another project, I was literally locked out of accessing the presentation online because a group member felt “I was getting in the way” even after I helped bring information and organized it; they kept my contributions in tact, I guess they just didn’t want me to be there because they disliked me. There’s also the time when I literally just asked a question to my group (a different group that is unrelated to the last one) and the leader straight up told me, “Everyone here agrees and understands except you. If you can’t be on the same page, then maybe you should just leave the group” even though I had tried my best to be helpful. I’d go on longer, and talk more about events that are unrelated to school, but this post has gotten too long already. Those same people are the ones who get awards, have loving families, friends who support them, ect. while I’m the one who’s stuck crying in bed. I wish I could live happily like they do and I’m trying my hardest, I really am. But it begins to feel impossible when you have been let down so many times and have had your self-esteem destroyed. I wish I weren’t so awful so the world wouldn’t have to think I deserve this. I feel so stuck.",5,when i was little my parents always said things like “you need to fix yourself” and “if you don’t start blank i won’t love you anymore” and have threatened to send me back to my “real” parents they used to lie about me being adopted when i was the new kid at an elementary school and tried to make friends with a kid who looked lonely she was immediately aggressive towards me and soon said something along the lines of “no one will ever want to be your friend or like you you’re gross ugly and stupid” when i was in middle school and actually managed to get some friends and introduced some of them to each other they started to hang out with me way less i remember in th grade i went up to a friend because he promised to work on a group project with me and he told me “go away and work on it yourself” i got upset at him and all he told me in response was “you know what i don’t even want to be your friend anymore” i cried during lunchtime and he had the audacity to get a lunch lady to tell me to “stop crying because it was making him uncomfortable” speaking of group projects they have always been among the worst experiences for me i got called too stupid for drawing poorly in middle school and i forgot how to do something in science and someone said “wow you’re not as smart as i thought you would be” group projects became hell in high school no one wanted to be in the same group with me for one project so i had no choice but to not only work  times as much it was a  people group project but also present to the class for four times as long while trying to overcome anxiety and the terrible speech impediment i had i got a c mainly because of “my constant stuttering trouble focusing and working alone” according to the teacher in another project i was literally locked out of accessing the presentation online because a group member felt “i was getting in the way” even after i helped bring information and organized it they kept my contributions in tact i guess they just didn’t want me to be there because they disliked me there’s also the time when i literally just asked a question to my group a different group that is unrelated to the last one and the leader straight up told me “everyone here agrees and understands except you if you can’t be on the same page then maybe you should just leave the group” even though i had tried my best to be helpful i’d go on longer and talk more about events that are unrelated to school but this post has gotten too long already those same people are the ones who get awards have loving families friends who support them ect while i’m the one who’s stuck crying in bed i wish i could live happily like they do and i’m trying my hardest i really am but it begins to feel impossible when you have been let down so many times and have had your selfesteem destroyed i wish i weren’t so awful so the world wouldn’t have to think i deserve this i feel so stuck,little parent always said thing like “ need fix ” “ ’ start blank ’ love anymore ” threatened send back “ real ” parent used lie adopted new kid elementary school tried make friend kid looked lonely immediately aggressive towards soon said something along line “ one ever want friend like ’ gross ugly stupid ” middle school actually managed get friend introduced started hang way less remember th grade went friend promised work group project told “ go away work ” got upset told response “ know ’ even want friend anymore ” cried lunchtime audacity get lunch lady tell “ stop cry making uncomfortable ” speaking group project always among worst experience got called stupid drawing poorly middle school forgot something science someone said “ wow ’ smart thought would ” group project became hell high school one wanted group one project choice work time much people group project also present class four time long trying overcome anxiety terrible speech impediment got c mainly “ constant stuttering trouble focusing working alone ” according teacher another project literally locked accessing presentation online group member felt “ getting way ” even helped bring information organized kept contribution tact guess ’ want disliked ’ also time literally asked question group different group unrelated last one leader straight told “ everyone agrees understands except ’ page maybe leave group ” even though tried best helpful ’ go longer talk event unrelated school post gotten long already people one get award loving family friend support ect ’ one ’ stuck cry bed wish could live happily like ’ trying hardest really begin feel impossible let many time selfesteem destroyed wish ’ awful world ’ think deserve feel stuck,0.5423,-0.054345509,-0.999009252,negative coping,High Coping,High Anxiety,Low Depression,High Stress,0,0,0,0,unspecified,
"I (19M) feel so mentally isolated from other people. It’s really hard for me to trust. I don’t want to tell the people around me how I feel because it might negatively affect how they think of me. 

So much of myself is hidden out of sight that it seems like I just exist in other people’s world. Support from people who don’t know me feels so shallow and meaningless. I understand and respect them for being nice and courteous but it doesn’t mean as much as I want it to mean. 

I wish I had someone that knew me and cared for me as much as I care and know them. I’ve made it this far in life thinking to myself, hiding, alone but it feels like a need. Like I need somebody to love. I wish I had someone to share my vulnerabilities with, without them having a negative view of me or using them to hurt me. 

I’m sure this is all amplified by the current state of the world and my career so I’m hopeful I’ll have the freedom to find someone to share myself with in the future but waiting fookin sucks!

Thank you for reading this! Maybe you feel the same way or slightly different, either way, I hope you have a good day (or night)! 

~M",4,i m feel so mentally isolated from other people it’s really hard for me to trust i don’t want to tell the people around me how i feel because it might negatively affect how they think of me so much of myself is hidden out of sight that it seems like i just exist in other people’s world support from people who don’t know me feels so shallow and meaningless i understand and respect them for being nice and courteous but it doesn’t mean as much as i want it to mean i wish i had someone that knew me and cared for me as much as i care and know them i’ve made it this far in life thinking to myself hiding alone but it feels like a need like i need somebody to love i wish i had someone to share my vulnerabilities with without them having a negative view of me or using them to hurt me i’m sure this is all amplified by the current state of the world and my career so i’m hopeful i’ll have the freedom to find someone to share myself with in the future but waiting fookin sucks thank you for reading this maybe you feel the same way or slightly different either way i hope you have a good day or night m,feel mentally isolated people ’ really hard trust ’ want tell people around feel might negatively affect think much hidden sight seems like exist people ’ world support people ’ know feel shallow meaningless understand respect nice courteous ’ mean much want mean wish someone knew cared much care know ’ made far life thinking hiding alone feel like need like need somebody love wish someone share vulnerability without negative view using hurt ’ sure amplified current state world career ’ hopeful ’ freedom find someone share future waiting fookin suck thank reading maybe feel way slightly different either way hope good day night,0.9925,0.039166667,-0.985913694,neutral,High Coping,High Anxiety,Low Depression,High Stress,0,0,0,1,unspecified,
"Yay, less than 12 hours and this 2020 will end. This year sucked for almost everyone. I've lost many friends for the most dumb reasons, I've split up with my ex girlfriend I've been with for 5 years. A girl I liked so much treated me like garbage and harsly ended a very short relationship, mostly based on sex. I've lost my last grandparent. 

The only 3 things that I'm Happy for are: 1- at least, my family is ok and my 4 most sincere friends are still here (most important), 2- college is going very well and 3- I improved so much in sculpting.

But I often feel so alone and forgotten. The people that treated me like a piece of trash are now happily engaged (I'm not a Saint, but jeez they've been ways worse) and many """"""friends"""""" (even the ones I knew since middle school) don't even reply back to my messages, without even giving me a f.. reason. The only girl I like told me that She needs time to think about something I don't even know (I totally respect this decision and her spaces) and proceeded to basically Ghost me since the last 2 weeks (this is going on at the Moment), and this makes me feel even more miserable.

Take care of the few People that love you. Happy 2021. Yay.",4,yay less than  hours and this  will end this year sucked for almost everyone ive lost many friends for the most dumb reasons ive split up with my ex girlfriend ive been with for  years a girl i liked so much treated me like garbage and harsly ended a very short relationship mostly based on sex ive lost my last grandparent the only  things that im happy for are  at least my family is ok and my  most sincere friends are still here most important  college is going very well and  i improved so much in sculpting but i often feel so alone and forgotten the people that treated me like a piece of trash are now happily engaged im not a saint but jeez theyve been ways worse and many friends even the ones i knew since middle school dont even reply back to my messages without even giving me a f reason the only girl i like told me that she needs time to think about something i dont even know i totally respect this decision and her spaces and proceeded to basically ghost me since the last  weeks this is going on at the moment and this makes me feel even more miserable take care of the few people that love you happy  yay,yay less hour end year sucked almost everyone ive lost many friend dumb reason ive split ex girlfriend ive year girl liked much treated like garbage harsly ended short relationship mostly based sex ive lost last grandparent thing im happy least family ok sincere friend still important college going well improved much sculpting often feel alone forgotten people treated like piece trash happily engaged im saint jeez theyve way worse many friend even one knew since middle school dont even reply back message without even giving f reason girl like told need time think something dont even know totally respect decision space proceeded basically ghost since last week going moment make feel even miserable take care people love happy yay,0.9898,0.189930556,-0.987887025,negative coping,High Coping,High Anxiety,Low Depression,High Stress,0,0,0,0,unspecified,
"I’m greatful that I’ve made it to the grand old age of 22 and never spent a New Year’s Eve alone . I suffer from cystic fibrosis so this year I’m spending it Alone , it totally logical and I fully understand why , but I’m sad . I know I sound like a winy child but I’m really depressed that when we count down to new year I won’t have anyone to hug or kiss the new year in with . Might just go to bed , fuck you 2020 . God bless ❤️",4,i’m greatful that i’ve made it to the grand old age of  and never spent a new year’s eve alone  i suffer from cystic fibrosis so this year i’m spending it alone  it totally logical and i fully understand why  but i’m sad  i know i sound like a winy child but i’m really depressed that when we count down to new year i won’t have anyone to hug or kiss the new year in with  might just go to bed  fuck you   god bless ❤️,’ greatful ’ made grand old age never spent new year ’ eve alone suffer cystic fibrosis year ’ spending alone totally logical fully understand ’ sad know sound like winy child ’ really depressed count new year ’ anyone hug kiss new year might go bed fuck god bless ❤️,-0.3933,0.091735537,-0.958851814,negative coping,Low Coping,Low Anxiety,Moderate Depression,Low Stress,0,1,0,0,depression,
"Everyone always leaves.

Everyone always finds someone else.

Now I am alone. Ugly and alone. No friends, no family, just alone.

It never has. It never will get better. Here I am all alone. A sentence that was unfairly given because I'm physically deformed and because I even exist.


Edit: Please do not message me some platitude like ""It will be okay!"" Or just saying ""want to talk?"" I've had 20 or so people do that and guess what? They do it to feel better about themselves and most of the time don't even respond to me. They leave too.",5,everyone always leaves everyone always finds someone else now i am alone ugly and alone no friends no family just alone it never has it never will get better here i am all alone a sentence that was unfairly given because im physically deformed and because i even exist edit please do not message me some platitude like it will be okay or just saying want to talk ive had  or so people do that and guess what they do it to feel better about themselves and most of the time dont even respond to me they leave too,everyone always leaf everyone always find someone else alone ugly alone friend family alone never never get better alone sentence unfairly given im physically deformed even exist edit please message platitude like okay saying want talk ive people guess feel better time dont even respond leave,0.7922,0.05,-0.996768713,negative coping,High Coping,High Anxiety,Low Depression,High Stress,0,0,0,0,unspecified,
I'm rarely lonely af but there's something special about NY and Christmas or perhaps it's just my current situation exacerbating my loneliness. Spending new years in a hotel alone is so shit,4,im rarely lonely af but theres something special about ny and christmas or perhaps its just my current situation exacerbating my loneliness spending new years in a hotel alone is so shit,im rarely lonely af there something special ny christmas perhaps current situation exacerbating loneliness spending new year hotel alone shit,-0.5559,0.038701299,-0.957118094,negative coping,Low Coping,Low Anxiety,High Depression,Low Stress,0,0,0,0,unspecified,
i have no friends and i stay up talking to myself the whole night. I have work tomorrow yet i can't sleep. i asked someone to hang out for the first time and i got turned down as im not the most exciting person. there's no one that genuinely likes me. people want to be my friend because they think i'm a girl and as soon as they find out im not i never hear from them again. wait until they see how ugly i am in real life.,5,i have no friends and i stay up talking to myself the whole night i have work tomorrow yet i cant sleep i asked someone to hang out for the first time and i got turned down as im not the most exciting person theres no one that genuinely likes me people want to be my friend because they think im a girl and as soon as they find out im not i never hear from them again wait until they see how ugly i am in real life,friend stay talking whole night work tomorrow yet cant sleep asked someone hang first time got turned im exciting person there one genuinely like people want friend think im girl soon find im never hear wait see ugly real life,0.8442,0.108333333,-0.824885488,neutral,High Coping,High Anxiety,Low Depression,High Stress,0,0,0,0,unspecified,
"I don’t want to say the actual word for this due to trauma, but I’m sure you can guess what I’m talking about in my childish language. 

I’m trying not to have an addiction, but I notice I do have this great urge to turn to these actions when I feel the most depressed and unloved. And it’s hard to convince myself not to at times. Why not? Don’t you want to feel so much love? Of course I want to feel so much love. There’s not an equal level argument to counteract that is there.. 

I don’t look at porn, due to the fact that I want as real as a connection as possible. So I’ll make up one in my head, and I’ll respond. And this is because I just really.. really want to feel loved and cared about. I want to feel that deep connection and passion for another human. I want them to feel the same towards me. Loving. Sweet. Nurturing. Right now I feel it’s missing. So I turn to the only thing that gives me strong feelings and a false sense of love and being loved a lot by another. 

I’m not looking for advice or anything. I just wanted to vent. Thank you for reading. Happy New Years",4,i don’t want to say the actual word for this due to trauma but i’m sure you can guess what i’m talking about in my childish language i’m trying not to have an addiction but i notice i do have this great urge to turn to these actions when i feel the most depressed and unloved and it’s hard to convince myself not to at times why not don’t you want to feel so much love of course i want to feel so much love there’s not an equal level argument to counteract that is there i don’t look at porn due to the fact that i want as real as a connection as possible so i’ll make up one in my head and i’ll respond and this is because i just really really want to feel loved and cared about i want to feel that deep connection and passion for another human i want them to feel the same towards me loving sweet nurturing right now i feel it’s missing so i turn to the only thing that gives me strong feelings and a false sense of love and being loved a lot by another i’m not looking for advice or anything i just wanted to vent thank you for reading happy new years,’ want say actual word due trauma ’ sure guess ’ talking childish language ’ trying addiction notice great urge turn action feel depressed unloved ’ hard convince time ’ want feel much love course want feel much love ’ equal level argument counteract ’ look porn due fact want real connection possible ’ make one head ’ respond really really want feel loved cared want feel deep connection passion another human want feel towards loving sweet nurturing right feel ’ missing turn thing give strong feeling false sense love loved lot another ’ looking advice anything wanted vent thank reading happy new year,0.9924,0.220879429,-0.973254383,neutral,High Coping,High Anxiety,Low Depression,High Stress,0,0,0,0,unspecified,
"Most days... I'm ok.  Today, not so much.  I want to pack up everything important and just leave.  Start fresh, new.  I'm tired of being a people pleaser.  I have gotten better during this year about setting boundaries, but it's also magnified what is important and who is truly there with my best interest at heart.   ME, MYSELF, AND I have became such a strong trio but there are still weak days and today is one of those.  If you read this, thanks for letting me vent.
I'll be alright in a few.",3,most days im ok today not so much i want to pack up everything important and just leave start fresh new im tired of being a people pleaser i have gotten better during this year about setting boundaries but its also magnified what is important and who is truly there with my best interest at heart me myself and i have became such a strong trio but there are still weak days and today is one of those if you read this thanks for letting me vent ill be alright in a few,day im ok today much want pack everything important leave start fresh new im tired people pleaser gotten better year setting boundary also magnified important truly best interest heart became strong trio still weak day today one read thanks letting vent ill alright,0.9769,0.21497669,0.57681793,neutral,High Coping,High Anxiety,Low Depression,High Stress,0,1,0,0,depression,
"Hey ya'll. Just felt like I hit a wall and just wanted to put my thoughts out there for once. Im 25, M, never had an actual relationship with a girl. I don't feel I'm really awkward at all, maybe I'm too picky, maybe its covid(or thats the excuse I've using). Im just tired of being alone. Watching two of my best friends get married this past year was great but gave me an overwhelming sense of loneliness. I thought maybe I was just horny so I hooked up with someone recently. She wasn't ugly or anything, the sex was good, but I felt absolutely nothing. I don't really know what I'm supposed to do and my future seems bleak especially the way employment is being affected currently. I just really wish I had someone to make it all better, rather than my friends saying, ""YOU GOT THIS BUDDY!"" Anyways, that's my rant. Hopefully for your sake you can't relate, but if you do, I'm here.",4,hey yall just felt like i hit a wall and just wanted to put my thoughts out there for once im  m never had an actual relationship with a girl i dont feel im really awkward at all maybe im too picky maybe its covidor thats the excuse ive using im just tired of being alone watching two of my best friends get married this past year was great but gave me an overwhelming sense of loneliness i thought maybe i was just horny so i hooked up with someone recently she wasnt ugly or anything the sex was good but i felt absolutely nothing i dont really know what im supposed to do and my future seems bleak especially the way employment is being affected currently i just really wish i had someone to make it all better rather than my friends saying you got this buddy anyways thats my rant hopefully for your sake you cant relate but if you do im here,hey yall felt like hit wall wanted put thought im never actual relationship girl dont feel im really awkward maybe im picky maybe covidor thats excuse ive using im tired alone watching two best friend get married past year great gave overwhelming sense loneliness thought maybe horny hooked someone recently wasnt ugly anything sex good felt absolutely nothing dont really know im supposed future seems bleak especially way employment affected currently really wish someone make better rather friend saying got buddy anyways thats rant hopefully sake cant relate im,0.963,0.071052632,-0.99627775,negative coping,High Coping,High Anxiety,Low Depression,High Stress,0,1,0,0,depression,
I’ve been struggling with porn addiction for awhile now thanks to lack of human interaction and it’s messing up my mental state at this point. I try to quit but at this point it’s hard I can’t tell anyone irl because I will get seen as a degen so I wanted to air out my problem here.,5,i’ve been struggling with porn addiction for awhile now thanks to lack of human interaction and it’s messing up my mental state at this point i try to quit but at this point it’s hard i can’t tell anyone irl because i will get seen as a degen so i wanted to air out my problem here,’ struggling porn addiction awhile thanks lack human interaction ’ messing mental state point try quit point ’ hard ’ tell anyone irl get seen degen wanted air problem,-0.6486,-0.047916667,-0.998937905,neutral,Low Coping,Low Anxiety,High Depression,Low Stress,0,0,0,0,unspecified,
"Ending this year and starting the next the same, as usual. 

Still don't have any real friends or a partner. 

My online ""friends"" don't message me back for days or at all so I've just given up. 

I feel so lonely, hopeless and depressed. I'm just tired, of everything, of feeling like this. I'm slowly just giving up I guess.",5,ending this year and starting the next the same as usual still dont have any real friends or a partner my online friends dont message me back for days or at all so ive just given up i feel so lonely hopeless and depressed im just tired of everything of feeling like this im slowly just giving up i guess,ending year starting next usual still dont real friend partner online friend dont message back day ive given feel lonely hopeless depressed im tired everything feeling like im slowly giving guess,-0.6935,-0.10625,-0.999398708,neutral,Low Coping,Low Anxiety,High Depression,Low Stress,0,2,0,1,depression,
I really need friends,4,i really need friends,really need friend,0.539,0.2,0.854241431,neutral,High Coping,High Anxiety,Low Depression,High Stress,0,0,0,0,unspecified,
"The last time I had a close friend was 4 years ago. Since then I  have been all alone because I now live out in the country . I crave friends and a girlfriend, but I can't have those things. Almost every night ends with me crying myself to sleep. I wake up in the middle of the night with chest pains, and muscle pains all over my body. I can't fall asleep and stay asleep. I would be lucky if I got 4 hours of sleep or more. I have headaches all the time and sometimes I can't concentrate. I feel brain dead. I know it's caused by lonliness because every time I go out to the city and I approach strangers to talk to them, my headache and pain IMMEDIATELY go away. I get stomach cramps too. I can't bear this anymore. I dread going to sleep each night. I don't know how to explain so you can understand.",5,the last time i had a close friend was  years ago since then i have been all alone because i now live out in the country  i crave friends and a girlfriend but i cant have those things almost every night ends with me crying myself to sleep i wake up in the middle of the night with chest pains and muscle pains all over my body i cant fall asleep and stay asleep i would be lucky if i got  hours of sleep or more i have headaches all the time and sometimes i cant concentrate i feel brain dead i know its caused by lonliness because every time i go out to the city and i approach strangers to talk to them my headache and pain immediately go away i get stomach cramps too i cant bear this anymore i dread going to sleep each night i dont know how to explain so you can understand,last time close friend year ago since alone live country crave friend girlfriend cant thing almost every night end cry sleep wake middle night chest pain muscle pain body cant fall asleep stay asleep would lucky got hour sleep headache time sometimes cant concentrate feel brain dead know caused lonliness every time go city approach stranger talk headache pain immediately go away get stomach cramp cant bear anymore dread going sleep night dont know explain understand,-0.8563,0.053939394,-0.992427111,negative coping,Low Coping,Low Anxiety,High Depression,Low Stress,0,0,0,0,unspecified,
I’m so lonely and horny! I hate feeling like this every day😩,4,i’m so lonely and horny i hate feeling like this every day😩,’ lonely horny hate feeling like every day😩,-0.6486,-0.45,-0.993210614,neutral,Low Coping,Low Anxiety,High Depression,Low Stress,0,0,0,0,unspecified,
This is first year since 2017 I’ve spent New Years alone. I usually have my best friend over at my house but this year we weren’t able to do it. I had almost completely forgotten that today was New Year’s Eve until about 5 minutes ago. Then I remembered all the stupid ducking bullshit that’s happened this year. I’m sick of this. I’m sick of being alone. I just want my friends back.,4,this is first year since  i’ve spent new years alone i usually have my best friend over at my house but this year we weren’t able to do it i had almost completely forgotten that today was new year’s eve until about  minutes ago then i remembered all the stupid ducking bullshit that’s happened this year i’m sick of this i’m sick of being alone i just want my friends back,first year since ’ spent new year alone usually best friend house year ’ able almost completely forgotten today new year ’ eve minute ago remembered stupid ducking bullshit ’ happened year ’ sick ’ sick alone want friend back,-0.7792,-0.018713105,-0.998319447,negative coping,Low Coping,Low Anxiety,High Depression,Low Stress,0,0,0,0,unspecified,
Every year I see my friends kissing and celebrating the new year with their girlfriends and I’m always standing in a corner of a room with just a glass of whiskey.,4,every year i see my friends kissing and celebrating the new year with their girlfriends and i’m always standing in a corner of a room with just a glass of whiskey,every year see friend kissing celebrating new year girlfriend ’ always standing corner room glass whiskey,0.891,0.136363636,0.920425296,neutral,High Coping,High Anxiety,Low Depression,High Stress,0,0,0,0,unspecified,
"I’ve dealt with loneliness all my life, hard to track down the origin. 

Anyway, last night I realized I think I’ve been ghosted by the girl I was having sex with - can’t find her insta, hasn’t responded to texts in a week. She IS working overtime right now to save and also moving, so could be valid. But I got wrapped up in thinking she bowed out without a word, which is a huge trigger for me because so many past relationships have done this. 

Id honestly you just tell me straight out that we’re not continuing 😂

But then I did see my roommates between 9am when I woke up, to 10pm when they got home, and I didn’t get a single text or insta message or call from ANY social media/personal contact today. 

Been really freaking lonely :/
Vent over. Encourage/discuss as you will 👌🏻",4,i’ve dealt with loneliness all my life hard to track down the origin anyway last night i realized i think i’ve been ghosted by the girl i was having sex with  can’t find her insta hasn’t responded to texts in a week she is working overtime right now to save and also moving so could be valid but i got wrapped up in thinking she bowed out without a word which is a huge trigger for me because so many past relationships have done this id honestly you just tell me straight out that we’re not continuing 😂 but then i did see my roommates between am when i woke up to pm when they got home and i didn’t get a single text or insta message or call from any social mediapersonal contact today been really freaking lonely  vent over encouragediscuss as you will 👌🏻,’ dealt loneliness life hard track origin anyway last night realized think ’ ghosted girl sex ’ find insta ’ responded text week working overtime right save also moving could valid got wrapped thinking bowed without word huge trigger many past relationship done id honestly tell straight ’ continuing 😂 see roommate woke pm got home ’ get single text insta message call social mediapersonal contact today really freaking lonely vent encouragediscuss 👌🏻,0.7269,0.125496032,-0.993078411,negative coping,High Coping,High Anxiety,Low Depression,High Stress,0,0,0,0,unspecified,
"deleted all my social media 18 weeks ago bc i hated feeling insignificant. downloaded it again, not sure what i was expecting. it was an impulse decision last night bc i figured my boyfriend is moving back to school soon maybe i should hop onto the things he uses so he has a reason to message me more. wrong. shouldn’t be a big deal but he left me on opened and then i asked if he wanted to facetime tonight but he said he’s burnt out maybe later. posted one thing on my story partly to see if anyone would notice my presence. idk why i keep looking for that. i tell myself i don’t need others attention but secretly i look for it. i’d rather just be completely alone at this point and not have to worry about other people or so called “friends” hashtag vanlife here we go",4,deleted all my social media  weeks ago bc i hated feeling insignificant downloaded it again not sure what i was expecting it was an impulse decision last night bc i figured my boyfriend is moving back to school soon maybe i should hop onto the things he uses so he has a reason to message me more wrong shouldn’t be a big deal but he left me on opened and then i asked if he wanted to facetime tonight but he said he’s burnt out maybe later posted one thing on my story partly to see if anyone would notice my presence idk why i keep looking for that i tell myself i don’t need others attention but secretly i look for it i’d rather just be completely alone at this point and not have to worry about other people or so called “friends” hashtag vanlife here we go,deleted social medium week ago bc hated feeling insignificant downloaded sure expecting impulse decision last night bc figured boyfriend moving back school soon maybe hop onto thing us reason message wrong ’ big deal left opened asked wanted facetime tonight said ’ burnt maybe later posted one thing story partly see anyone would notice presence idk keep looking tell ’ need others attention secretly look ’ rather completely alone point worry people called “ friend ” hashtag vanlife go,-0.861,-0.106060606,-0.998968959,negative coping,Low Coping,Low Anxiety,High Depression,Low Stress,0,0,0,0,unspecified,
"I've been alone my entire life, and something good **finally** came out of it -- porn actually makes me feel BAD



This is good because, well, on top of a gambling addiction and no self esteem, a porn addiction is one less thing to add to the pile. 



Still, I can't help but feel like if the girls in these videos I'm viewing knew **I** of all people was watching them, they'd put their clothes back on and immediately change careers. Maybe it's bad to feel these needs for even a platonic touch. Even if it isn't, I still feel like shit


Anyway, it's quarter to 1 in the morning so I just wanted to post this because this is when the loneliness hits its peak.",3,ive been alone my entire life and something good finally came out of it  porn actually makes me feel bad this is good because well on top of a gambling addiction and no self esteem a porn addiction is one less thing to add to the pile still i cant help but feel like if the girls in these videos im viewing knew i of all people was watching them theyd put their clothes back on and immediately change careers maybe its bad to feel these needs for even a platonic touch even if it isnt i still feel like shit anyway its quarter to  in the morning so i just wanted to post this because this is when the loneliness hits its peak,ive alone entire life something good finally came porn actually make feel bad good well top gambling addiction self esteem porn addiction one less thing add pile still cant help feel like girl video im viewing knew people watching theyd put clothes back immediately change career maybe bad feel need even platonic touch even isnt still feel like shit anyway quarter morning wanted post loneliness hit peak,-0.9038,0.012121212,-0.992845118,negative coping,Low Coping,Low Anxiety,High Depression,Low Stress,0,0,0,0,unspecified,
"man i’m friendless. i have my girlfriend but i feel so alone.

i’m at my girlfriends house right now, she invited over acquaintance and she’s here too. i used to be friends with her but she got tired of me and we drifted, so now she’s just an acquaintance i only talk to/see when my girlfriend invites both of us. but anyways, that’s not the problem.

she just keeps going on her phone and talking to other people, which is fine, we’re all just chilling doing our own thing. but god i’m jealous. she has like a bajillion friends. i feel so lonely. she’s even voice called 4 of them just to say hi. everyone i’ve ever been friends with has gotten tired of me and left or pushed me out. i’m so sad and alone. 

i hate this isolated feeling. i wish i could cry right now but i don’t want to do that while i’m here with them. plus i don’t know if i could even cry. i just wish i could have a nice group of friends without having to put too much effort into meeting and getting to know people. everyone ends up not liking me anyway.",4,man i’m friendless i have my girlfriend but i feel so alone i’m at my girlfriends house right now she invited over acquaintance and she’s here too i used to be friends with her but she got tired of me and we drifted so now she’s just an acquaintance i only talk tosee when my girlfriend invites both of us but anyways that’s not the problem she just keeps going on her phone and talking to other people which is fine we’re all just chilling doing our own thing but god i’m jealous she has like a bajillion friends i feel so lonely she’s even voice called  of them just to say hi everyone i’ve ever been friends with has gotten tired of me and left or pushed me out i’m so sad and alone i hate this isolated feeling i wish i could cry right now but i don’t want to do that while i’m here with them plus i don’t know if i could even cry i just wish i could have a nice group of friends without having to put too much effort into meeting and getting to know people everyone ends up not liking me anyway,man ’ friendless girlfriend feel alone ’ girlfriend house right invited acquaintance ’ used friend got tired drifted ’ acquaintance talk tosee girlfriend invite u anyways ’ problem keep going phone talking people fine ’ chilling thing god ’ jealous like bajillion friend feel lonely ’ even voice called say hi everyone ’ ever friend gotten tired left pushed ’ sad alone hate isolated feeling wish could cry right ’ want ’ plus ’ know could even cry wish could nice group friend without put much effort meeting getting know people everyone end liking anyway,-0.5267,-0.075992063,-0.985938787,negative coping,Low Coping,Low Anxiety,High Depression,Low Stress,0,3,0,0,depression,
"Hi everyone,

I am 28 M living in Canada . It has been a difficult time of the year . I had depression at times but not this bad. I always had a way to work around my depression , sadness , loneliness with exercise or physical activities like Kayaking , biking, skiing or new things that interests me . With the winter creeping in and covid restrictions there is hardly anything to do . I feel dragged deeper into the abyss of loneliness. All my friends moved to different provinces for job , I am stuck in the government town cuz I got my career started there. I hangout with few fake friends sometimes but they would do anything for a women not a guy. I always had difficulties making female friends , as they are not direct as guys and some think every guy wants to sleep with them. In addition to all this I am an immigrant , I am stuck between subtle racism from Canadians and isolation from people who come from the land as me. I feel like I belong nowhere. I cant find my tribe. I want to hear from others like me and how they cope with this feeling of nothingness.",5,hi everyone i am  m living in canada  it has been a difficult time of the year  i had depression at times but not this bad i always had a way to work around my depression  sadness  loneliness with exercise or physical activities like kayaking  biking skiing or new things that interests me  with the winter creeping in and covid restrictions there is hardly anything to do  i feel dragged deeper into the abyss of loneliness all my friends moved to different provinces for job  i am stuck in the government town cuz i got my career started there i hangout with few fake friends sometimes but they would do anything for a women not a guy i always had difficulties making female friends  as they are not direct as guys and some think every guy wants to sleep with them in addition to all this i am an immigrant  i am stuck between subtle racism from canadians and isolation from people who come from the land as me i feel like i belong nowhere i cant find my tribe i want to hear from others like me and how they cope with this feeling of nothingness,hi everyone living canada difficult time year depression time bad always way work around depression sadness loneliness exercise physical activity like kayaking biking skiing new thing interest winter creeping covid restriction hardly anything feel dragged deeper abyss loneliness friend moved different province job stuck government town cuz got career started hangout fake friend sometimes would anything woman guy always difficulty making female friend direct guy think every guy want sleep addition immigrant stuck subtle racism canadian isolation people come land feel like belong nowhere cant find tribe want hear others like cope feeling nothingness,-0.9556,-0.208863636,-0.994984746,positive coping,Low Coping,Low Anxiety,High Depression,Low Stress,0,0,0,0,depression,
"Needed to vent and seek a bit of advice I don't know of it belongs here. Please delete if it doesn't. I just had to talk to someone about this. I am  27 F pansexual. I have been with guys and I have been with girls. There have been some decent people and there have been absolute fucks. In this year from hell I was doing fine, there have been one or two casual relationships. But I was very content with myself. This is the year I decided to not get into an arrange marriage (it's common in where I live) and made up my mind that I don't want kids. Between cooking, learning new things and gazillion video calls like everyone else I was fine. Then came a boy.

I had known him for a while and then a work trip changed everything. I was attracted to him to the point of felt like I was a teenager again. There was something about him that felt simple. He was a simplistic guy who shared the same vission about life. He was kind, down to earth  street smart, smart enough to know his way around. He was a good friend, kinda meme buddy, we could laugh at each other's poor jooks like litte kids. I felt more authentic around him. He always texting me first when we were just friends. We spoke about our endgoals in life and we have lots of things in common (eg... Not wanting kids). After a long time I felt something genuine for someone and I completely fell for him.

There were multiple instances when it seemed like he might have felt the same way. So after flirting and seeing how things go for two months I finally told him how I felt. He was taken by surprise and told me that he hadn't seen me in that way. But he wanted to give this a shot. Told me wants to take some time. I was over the moon initially. But things changed drastically. He became extremely cold. He wouldn't text first. Stopped sending memes. Would give generic replies when I tried to make convo. It went to become from this to one word replies to single letter at one point. This time around I asked him if he's not into it, should just spit it out. I am not in for this half assed thing. Will be fine just being friends. He again assured that he wants to meet and give this a shot. However while I asked him out a few times in the past one month his answer was always something ambiguous as ""let's see"". When I pointed out that he's been terrible at communicating he told it's how he is (he's not, we used to text all day as friends) and he's sorry that I felt bad (what even). Nothing changed. At that point I knew it was never going to go anywhere.

Since then I have been treating him with the aloofness he has been showing me for the past one month. He's been replying to my texts taking the exact amount of time I took to reply. If it's 10 mins from me, same from him. I am really tired of all these. I guess he wouldn't make up his mind and say no. I could really use a rejection right now. Just tell me that you're not into me and I will be done. If he had done it in the first place I wouldn't have minded at all. I valued our friendship more than anything. But now it's been annoying and I feel like played on. I lost my friend in the process.

Someone gave me a really good relationship advice that don't go for the nice guy and look for the actual good guys. Know the distinction between the two. I want to learn from the past and meet someone good in 2021.Less drama a simple relationship for a change. My friend's advice came as an eye opener. Maybe he's been a nice guy and not a good guy. Maybe I was projecting my idea of him. All these have me questioning everything. Maybe what I thought was genuine humbleness maybe it was just tactical workplace politeness. Because when the power structure changed, as I confessed he went from nice guy to not so nice guy.

Next year I want to make better choices and not jump into anything. I hope to learn the difference between nice guys and good guys and someday I find someone who would give me their time and cherish my company.

Right now after a long time I am aware of my loneliness and it's a not a great feeling. All of my friends are in relationships and some of them have even started to move in together. Visiting my friends this time I was painfully aware that I am the third wheel and my life's gonna be pretty lonely. I hope I will find my rhythm back and not descend into depression.

I guess I made this post because I had to get this off my chest. I felt very stupid for a while, blamed myself fr catching feelings and in for not listening to my closest friends about not confessing my feelings to this guy. I felt very strange at points because there were times when I was depressed and he offered to be there for me. Telling me that it's ok to talk to him about these things. And then the same guy turning cold and simply replying ""there there"" when I tried opening up to him this time around. Something did not add up. This guy who would talk about our favourite movies and stuff till 2am and tell me that he can still go on when I would say we should get some sleep, now when I watched a movie he had been asking me to watch for months, his reply was ""O"". A single fucking letter. And I thought I was going crazy catching feelings for this guy while he might have never actually liked me even on the basic level.

I guess I am seeking advice on how to be normal again. Not see this life as a lonely one where I would come back home to an empty apartment after work. Right now life, it feels fucking long and difficult to make through.

Sorry for the long post.",4,needed to vent and seek a bit of advice i dont know of it belongs here please delete if it doesnt i just had to talk to someone about this i am  f pansexual i have been with guys and i have been with girls there have been some decent people and there have been absolute fucks in this year from hell i was doing fine there have been one or two casual relationships but i was very content with myself this is the year i decided to not get into an arrange marriage its common in where i live and made up my mind that i dont want kids between cooking learning new things and gazillion video calls like everyone else i was fine then came a boy i had known him for a while and then a work trip changed everything i was attracted to him to the point of felt like i was a teenager again there was something about him that felt simple he was a simplistic guy who shared the same vission about life he was kind down to earth street smart smart enough to know his way around he was a good friend kinda meme buddy we could laugh at each others poor jooks like litte kids i felt more authentic around him he always texting me first when we were just friends we spoke about our endgoals in life and we have lots of things in common eg not wanting kids after a long time i felt something genuine for someone and i completely fell for him there were multiple instances when it seemed like he might have felt the same way so after flirting and seeing how things go for two months i finally told him how i felt he was taken by surprise and told me that he hadnt seen me in that way but he wanted to give this a shot told me wants to take some time i was over the moon initially but things changed drastically he became extremely cold he wouldnt text first stopped sending memes would give generic replies when i tried to make convo it went to become from this to one word replies to single letter at one point this time around i asked him if hes not into it should just spit it out i am not in for this half assed thing will be fine just being friends he again assured that he wants to meet and give this a shot however while i asked him out a few times in the past one month his answer was always something ambiguous as lets see when i pointed out that hes been terrible at communicating he told its how he is hes not we used to text all day as friends and hes sorry that i felt bad what even nothing changed at that point i knew it was never going to go anywhere since then i have been treating him with the aloofness he has been showing me for the past one month hes been replying to my texts taking the exact amount of time i took to reply if its  mins from me same from him i am really tired of all these i guess he wouldnt make up his mind and say no i could really use a rejection right now just tell me that youre not into me and i will be done if he had done it in the first place i wouldnt have minded at all i valued our friendship more than anything but now its been annoying and i feel like played on i lost my friend in the process someone gave me a really good relationship advice that dont go for the nice guy and look for the actual good guys know the distinction between the two i want to learn from the past and meet someone good in less drama a simple relationship for a change my friends advice came as an eye opener maybe hes been a nice guy and not a good guy maybe i was projecting my idea of him all these have me questioning everything maybe what i thought was genuine humbleness maybe it was just tactical workplace politeness because when the power structure changed as i confessed he went from nice guy to not so nice guy next year i want to make better choices and not jump into anything i hope to learn the difference between nice guys and good guys and someday i find someone who would give me their time and cherish my company right now after a long time i am aware of my loneliness and its a not a great feeling all of my friends are in relationships and some of them have even started to move in together visiting my friends this time i was painfully aware that i am the third wheel and my lifes gonna be pretty lonely i hope i will find my rhythm back and not descend into depression i guess i made this post because i had to get this off my chest i felt very stupid for a while blamed myself fr catching feelings and in for not listening to my closest friends about not confessing my feelings to this guy i felt very strange at points because there were times when i was depressed and he offered to be there for me telling me that its ok to talk to him about these things and then the same guy turning cold and simply replying there there when i tried opening up to him this time around something did not add up this guy who would talk about our favourite movies and stuff till am and tell me that he can still go on when i would say we should get some sleep now when i watched a movie he had been asking me to watch for months his reply was o a single fucking letter and i thought i was going crazy catching feelings for this guy while he might have never actually liked me even on the basic level i guess i am seeking advice on how to be normal again not see this life as a lonely one where i would come back home to an empty apartment after work right now life it feels fucking long and difficult to make through sorry for the long post,needed vent seek bit advice dont know belongs please delete doesnt talk someone f pansexual guy girl decent people absolute fuck year hell fine one two casual relationship content year decided get arrange marriage common live made mind dont want kid cooking learning new thing gazillion video call like everyone else fine came boy known work trip changed everything attracted point felt like teenager something felt simple simplistic guy shared vission life kind earth street smart smart enough know way around good friend kinda meme buddy could laugh others poor jook like litte kid felt authentic around always texting first friend spoke endgoals life lot thing common eg wanting kid long time felt something genuine someone completely fell multiple instance seemed like might felt way flirting seeing thing go two month finally told felt taken surprise told hadnt seen way wanted give shot told want take time moon initially thing changed drastically became extremely cold wouldnt text first stopped sending meme would give generic reply tried make convo went become one word reply single letter one point time around asked he spit half assed thing fine friend assured want meet give shot however asked time past one month answer always something ambiguous let see pointed he terrible communicating told he used text day friend he sorry felt bad even nothing changed point knew never going go anywhere since treating aloofness showing past one month he replying text taking exact amount time took reply min really tired guess wouldnt make mind say could really use rejection right tell youre done done first place wouldnt minded valued friendship anything annoying feel like played lost friend process someone gave really good relationship advice dont go nice guy look actual good guy know distinction two want learn past meet someone good less drama simple relationship change friend advice came eye opener maybe he nice guy good guy maybe projecting idea questioning everything maybe thought genuine humbleness maybe tactical workplace politeness power structure changed confessed went nice guy nice guy next year want make better choice jump anything hope learn difference nice guy good guy someday find someone would give time cherish company right long time aware loneliness great feeling friend relationship even started move together visiting friend time painfully aware third wheel life gon na pretty lonely hope find rhythm back descend depression guess made post get chest felt stupid blamed fr catching feeling listening closest friend confessing feeling guy felt strange point time depressed offered telling ok talk thing guy turning cold simply replying tried opening time around something add guy would talk favourite movie stuff till tell still go would say get sleep watched movie asking watch month reply single fucking letter thought going crazy catching feeling guy might never actually liked even basic level guess seeking advice normal see life lonely one would come back home empty apartment work right life feel fucking long difficult make sorry long post,0.9934,0.06262547,-0.996110976,neutral,High Coping,High Anxiety,Low Depression,High Stress,0,2,0,1,depression,
Due to me having struggled with lonelyness before i constantly feel like i need someone around me. And now in the christmas vacation i have had friends over all the time and some even slept over. Starting school on monday and thats going to be hard as fuck also the girl that makes me happy leaves that that day. She lives on the other side of the country so i wont see her until summer. She makes everything feel good for a short term when we chill together. But as soon as she or my friends leave to go sleep i start thinking about stuff and feeling lonely. Fuck i hate my life.,5,due to me having struggled with lonelyness before i constantly feel like i need someone around me and now in the christmas vacation i have had friends over all the time and some even slept over starting school on monday and thats going to be hard as fuck also the girl that makes me happy leaves that that day she lives on the other side of the country so i wont see her until summer she makes everything feel good for a short term when we chill together but as soon as she or my friends leave to go sleep i start thinking about stuff and feeling lonely fuck i hate my life,due struggled lonelyness constantly feel like need someone around christmas vacation friend time even slept starting school monday thats going hard fuck also girl make happy leaf day life side country wont see summer make everything feel good short term chill together soon friend leave go sleep start thinking stuff feeling lonely fuck hate life,-0.0516,-0.056060606,0.930899262,neutral,Low Coping,Low Anxiety,Moderate Depression,Low Stress,0,0,0,0,unspecified,
"Loneliness ruined my life. All the women I truly loved and cared about never returned that love. I settled for someone who wasn’t a good fit. And it’s been toxic ever since.  I’m 45 and about to file for divorce. No friends, no realistic chance of finding someone.  What’s the point of anything?  What’s the point?  How do the people around me find love and acceptance?  I so desperately want that. I want to be happy. I want to have wonderful memories instead of tragic and depressing ones.",5,loneliness ruined my life all the women i truly loved and cared about never returned that love i settled for someone who wasn’t a good fit and it’s been toxic ever since i’m  and about to file for divorce no friends no realistic chance of finding someone what’s the point of anything what’s the point how do the people around me find love and acceptance i so desperately want that i want to be happy i want to have wonderful memories instead of tragic and depressing ones,loneliness ruined life woman truly loved cared never returned love settled someone ’ good fit ’ toxic ever since ’ file divorce friend realistic chance finding someone ’ point anything ’ point people around find love acceptance desperately want want happy want wonderful memory instead tragic depressing one,0.9597,0.256060606,-0.949273646,neutral,High Coping,High Anxiety,Low Depression,High Stress,0,0,0,0,unspecified,
"I’m a 19-year-old female and I’ve never been in a relationship, but it has never really bothered me until the pandemic occurred and we’ve all been stuck inside all day. Basically, I’m always crushing on someone whether they be a classmate or a celebrity. Every crush I’ve had is with a guy I’ve never spoken to, so I’m only obsessed with the idea of him instead of who he really is. I kind of know I’m still not emotionally ready for a relationship, but I still like to fantasize about being with someone. Recently I’ve been watching this ‘90s sitcom and there was this actor who was around my age at time of filming who I thought was very good-looking. I spent a couple hours googling articles and reading interviews about him, and found out he is more deep than his television character portrays and he enjoys doing the same things I do. Now for the past week all I can do is fantasize about being with him, which is pretty ridiculous considering the fact that he’s in his 40s now and there’s no way I’d even be able to meet him and form a relationship with him. But all I can do is imagine him in his younger days and me being his girlfriend. I don’t know how to break out of this spell. If I had more friends, it wouldn’t even bother me that much that I’m single. However, the only two friends I have are a bit problematic. One of them is toxic and the other is more nice, but our relationship is very surface-level and we can’t connect. Basically you could say I really don’t have any friends. It’s very hard to make any friends because I’m at home for university due to the pandemic. Anyone else gone through the same thing and managed to break o it if it?",4,i’m a yearold female and i’ve never been in a relationship but it has never really bothered me until the pandemic occurred and we’ve all been stuck inside all day basically i’m always crushing on someone whether they be a classmate or a celebrity every crush i’ve had is with a guy i’ve never spoken to so i’m only obsessed with the idea of him instead of who he really is i kind of know i’m still not emotionally ready for a relationship but i still like to fantasize about being with someone recently i’ve been watching this ‘s sitcom and there was this actor who was around my age at time of filming who i thought was very goodlooking i spent a couple hours googling articles and reading interviews about him and found out he is more deep than his television character portrays and he enjoys doing the same things i do now for the past week all i can do is fantasize about being with him which is pretty ridiculous considering the fact that he’s in his s now and there’s no way i’d even be able to meet him and form a relationship with him but all i can do is imagine him in his younger days and me being his girlfriend i don’t know how to break out of this spell if i had more friends it wouldn’t even bother me that much that i’m single however the only two friends i have are a bit problematic one of them is toxic and the other is more nice but our relationship is very surfacelevel and we can’t connect basically you could say i really don’t have any friends it’s very hard to make any friends because i’m at home for university due to the pandemic anyone else gone through the same thing and managed to break o it if it,’ yearold female ’ never relationship never really bothered pandemic occurred ’ stuck inside day basically ’ always crushing someone whether classmate celebrity every crush ’ guy ’ never spoken ’ obsessed idea instead really kind know ’ still emotionally ready relationship still like fantasize someone recently ’ watching ‘ sitcom actor around age time filming thought goodlooking spent couple hour googling article reading interview found deep television character portrays enjoys thing past week fantasize pretty ridiculous considering fact ’ ’ way ’ even able meet form relationship imagine younger day girlfriend ’ know break spell friend ’ even bother much ’ single however two friend bit problematic one toxic nice relationship surfacelevel ’ connect basically could say really ’ friend ’ hard make friend ’ home university due pandemic anyone else gone thing managed break,0.966,0.051503759,-0.994058132,neutral,High Coping,High Anxiety,Low Depression,High Stress,0,0,0,0,unspecified,
"I'm really trying to do my best, but it just seems like it all seems to come crashing down. Im far away from home due to work, so i see my family every 6-8 months. Its upsetting that at home, everyone just kind of dropped me, even though ive kept in touch while ive been gone. The people I work with do things that I dont find enjoyable or fun, and then they get upset because I won't hang out with them. I feel rather lost, and just wanting to find a friend or something. Idk, maybe im meant to be alone but, what kind of life would that be? Thanks for reading, I hope yall have a wonderful day :)",4,im really trying to do my best but it just seems like it all seems to come crashing down im far away from home due to work so i see my family every  months its upsetting that at home everyone just kind of dropped me even though ive kept in touch while ive been gone the people i work with do things that i dont find enjoyable or fun and then they get upset because i wont hang out with them i feel rather lost and just wanting to find a friend or something idk maybe im meant to be alone but what kind of life would that be thanks for reading i hope yall have a wonderful day ,im really trying best seems like seems come crashing im far away home due work see family every month upsetting home everyone kind dropped even though ive kept touch ive gone people work thing dont find enjoyable fun get upset wont hang feel rather lost wanting find friend something idk maybe im meant alone kind life would thanks reading hope yall wonderful day,0.9181,0.4375,-0.995817006,neutral,High Coping,High Anxiety,Low Depression,High Stress,0,0,0,0,unspecified,
"
This year has been the worst. Since i remember myself i have always been a bit sad but i didn’t think anything about it. Last year i changed shools and i had to make new friends. I lost my only friends because of my mental health problems, i started to feel left out and like im not fitting in this group anymore, even we where friends for at least 10 years. To one of the girls i told everything i thought about, how i felt left out and missunderstood.). I said that i didn’t like how she acted and other stuff. After that she called everyone and turned against me. She told them that im not normal. (There where multiple times that we went out and i felt really sad or ignored. When i quietly left they always were super meant to me about that but i just didn’t want to ruin their night.) They always were so fun and everything but since we changed schools they started to act different.  In new school i made few friends but they sometimes make fun of me- they comment negative things on my clothes, they sometimes make negative comments about my looks- like im not pretty and why i would thought that im pretty enought for that boy. I of course ignored that and always tried to be nice to them. Even when they were annoying- i never said anything ,but if i did something wrong, they would make me feel bad about it. As they have a lot bigger following on social media they didn’t include me in photos or posted pics where i looked bad. Every boy likes them but im just like the ugly friend. Im 17 and no one has even once asked me out or anything. I never thought of myself as being ugly but now... im not so sure anymore. I try so hard everyday to look good and im nice to everyone. Since quarantine, nobody has been wanting to talk to me. They only hmu when they need homework or something from me. I want to leave them but i know that they are gonna turn everyone against me. I really don’t have any real friends and i don’t wanna miss out on my teeneger years. I know that when im gonna be older i will be sad that i missed out on those years but i really don’t have anyone. For the past 2 years im always at my home, crying every day. I even haven’t been to invited to any party. Can anyone help me, how to find friends?",5, this year has been the worst since i remember myself i have always been a bit sad but i didn’t think anything about it last year i changed shools and i had to make new friends i lost my only friends because of my mental health problems i started to feel left out and like im not fitting in this group anymore even we where friends for at least  years to one of the girls i told everything i thought about how i felt left out and missunderstood i said that i didn’t like how she acted and other stuff after that she called everyone and turned against me she told them that im not normal there where multiple times that we went out and i felt really sad or ignored when i quietly left they always were super meant to me about that but i just didn’t want to ruin their night they always were so fun and everything but since we changed schools they started to act different in new school i made few friends but they sometimes make fun of me they comment negative things on my clothes they sometimes make negative comments about my looks like im not pretty and why i would thought that im pretty enought for that boy i of course ignored that and always tried to be nice to them even when they were annoying i never said anything but if i did something wrong they would make me feel bad about it as they have a lot bigger following on social media they didn’t include me in photos or posted pics where i looked bad every boy likes them but im just like the ugly friend im  and no one has even once asked me out or anything i never thought of myself as being ugly but now im not so sure anymore i try so hard everyday to look good and im nice to everyone since quarantine nobody has been wanting to talk to me they only hmu when they need homework or something from me i want to leave them but i know that they are gonna turn everyone against me i really don’t have any real friends and i don’t wanna miss out on my teeneger years i know that when im gonna be older i will be sad that i missed out on those years but i really don’t have anyone for the past  years im always at my home crying every day i even haven’t been to invited to any party can anyone help me how to find friends,year worst since remember always bit sad ’ think anything last year changed shools make new friend lost friend mental health problem started feel left like im fitting group anymore even friend least year one girl told everything thought felt left missunderstood said ’ like acted stuff called everyone turned told im normal multiple time went felt really sad ignored quietly left always super meant ’ want ruin night always fun everything since changed school started act different new school made friend sometimes make fun comment negative thing clothes sometimes make negative comment look like im pretty would thought im pretty enought boy course ignored always tried nice even annoying never said anything something wrong would make feel bad lot bigger following social medium ’ include photo posted pic looked bad every boy like im like ugly friend im one even asked anything never thought ugly im sure anymore try hard everyday look good im nice everyone since quarantine nobody wanting talk hmu need homework something want leave know gon na turn everyone really ’ real friend ’ wan na miss teeneger year know im gon na older sad missed year really ’ anyone past year im always home cry every day even ’ invited party anyone help find friend,0.9041,-0.074083862,-0.997731924,positive coping,High Coping,High Anxiety,Low Depression,High Stress,0,3,0,1,depression,
"It feels like nobody outside of my family cares about me. Nobody responds to my texts, people literally don't even notice when I ghost them for fricking two whole months.
I get the feeling that if I just disappeared, nobody would even notice.",5,it feels like nobody outside of my family cares about me nobody responds to my texts people literally dont even notice when i ghost them for fricking two whole months i get the feeling that if i just disappeared nobody would even notice,feel like nobody outside family care nobody responds text people literally dont even notice ghost fricking two whole month get feeling disappeared nobody would even notice,0.7401,0.1,-0.999220371,neutral,High Coping,High Anxiety,Low Depression,High Stress,0,0,0,3,unspecified,
"I’ve been dealing with an emotional trauma from sexual abuse for almost 2 weeks now and I am experiencing all sorts of emotions: inner numbness, depression, anger, hatred and so on.

I have found out that talking about it really helps me, but I can only talk online about this. My social environment doesn’t like talking about it anymore and I don’t wanna bother anyone. 
I think it would help me more to talk to someone who actually understands what I’m going through but there is no one.",5,i’ve been dealing with an emotional trauma from sexual abuse for almost  weeks now and i am experiencing all sorts of emotions inner numbness depression anger hatred and so on i have found out that talking about it really helps me but i can only talk online about this my social environment doesn’t like talking about it anymore and i don’t wanna bother anyone i think it would help me more to talk to someone who actually understands what i’m going through but there is no one,’ dealing emotional trauma sexual abuse almost week experiencing sort emotion inner numbness depression anger hatred found talking really help talk online social environment ’ like talking anymore ’ wan na bother anyone think would help talk someone actually understands ’ going one,-0.9361,-0.020833333,-0.996487141,neutral,Low Coping,Low Anxiety,High Depression,Low Stress,0,0,0,0,depression,numb
"I never imagined being a victim of abuse would make one feel isolated from the world. For it to feel like no one understands, and you’re in this completely alone. People don’t want to talk about it, they get awkward and uncomfortable when you talk about what you’re going through. So they change the subject so they won’t feel uncomfortable anymore, not knowing how crushing it feels to have ones issues shooed off. You try and seek help and even those who are abuse survivors can’t lend you advice. That’s how deep in shit I’m in. That even those you’d think would be supportive and encouraging won’t say a word. 

All I want is for someone to listen. All I want is someone to be by my side and be there for me. I’m not asking for them to get me out, or save me. All I’m asking is for someone to be there. Someone to listen. Someone to gather up enough sympathy to say “hey. I’m here.” I don’t understand.. ever since the abuse came back I realized how isolated this is. How I’m on the other side of the wall, and everyone else are on the opposite side. Even when I wave and call for company, they look, and keep walking. It makes me doubt anyone really cares. But I won’t fall into that deep hole of being cynical. I know people care.. they have to. They just don’t know what to do or say.. so they’d rather keep walking.",4,i never imagined being a victim of abuse would make one feel isolated from the world for it to feel like no one understands and you’re in this completely alone people don’t want to talk about it they get awkward and uncomfortable when you talk about what you’re going through so they change the subject so they won’t feel uncomfortable anymore not knowing how crushing it feels to have ones issues shooed off you try and seek help and even those who are abuse survivors can’t lend you advice that’s how deep in shit i’m in that even those you’d think would be supportive and encouraging won’t say a word all i want is for someone to listen all i want is someone to be by my side and be there for me i’m not asking for them to get me out or save me all i’m asking is for someone to be there someone to listen someone to gather up enough sympathy to say “hey i’m here” i don’t understand ever since the abuse came back i realized how isolated this is how i’m on the other side of the wall and everyone else are on the opposite side even when i wave and call for company they look and keep walking it makes me doubt anyone really cares but i won’t fall into that deep hole of being cynical i know people care they have to they just don’t know what to do or say so they’d rather keep walking,never imagined victim abuse would make one feel isolated world feel like one understands ’ completely alone people ’ want talk get awkward uncomfortable talk ’ going change subject ’ feel uncomfortable anymore knowing crushing feel one issue shooed try seek help even abuse survivor ’ lend advice ’ deep shit ’ even ’ think would supportive encouraging ’ say word want someone listen want someone side ’ asking get save ’ asking someone someone listen someone gather enough sympathy say “ hey ’ ” ’ understand ever since abuse came back realized isolated ’ side wall everyone else opposite side even wave call company look keep walking make doubt anyone really care ’ fall deep hole cynical know people care ’ know say ’ rather keep walking,-0.1326,-0.090104167,-0.99646461,neutral,Low Coping,Low Anxiety,Moderate Depression,Low Stress,0,0,0,0,unspecified,
"Moved out of my mom's house this year one week after my 18th birthday. Even though being away from her abuse is great, this apartment feels very empty with Christmas. I'm not into celebrating the holiday, but honestly the thing I miss the most is not being alone. I just finished applying to college but none of my friends care because they finished weeks ago. 
Ugh being lonely is the worst.",4,moved out of my moms house this year one week after my th birthday even though being away from her abuse is great this apartment feels very empty with christmas im not into celebrating the holiday but honestly the thing i miss the most is not being alone i just finished applying to college but none of my friends care because they finished weeks ago ugh being lonely is the worst,moved mom house year one week th birthday even though away abuse great apartment feel empty christmas im celebrating holiday honestly thing miss alone finished applying college none friend care finished week ago ugh lonely worst,-0.8297,0.04,-0.998476326,negative coping,Low Coping,Low Anxiety,High Depression,Low Stress,0,1,0,1,depression,
"I've been neglected, abused, and lonely my entire life from family and friends. I've never truly felt like I belonged anywhere even when with partners. I have never had a good holiday because of people yelling, calling cops, drama, ect. But this year is the first year I've had to spend it alone. I am all the way across the country from my family and friends and my partners have left me home alone to visit family events I am not invited to. I've never felt so much anger and loneliness ever before this and I don't understand it. It's not like it's any different from any other year. I guess this is the first time in 29 years I've physically been alone Instead of just mentally. I don't know what to do and has made me resort to just getting drunk. I am trying to get over my anger of loneliness but I don't know if I'll be able to get over it and move on with my current partners but leaving them would mean being utterly and completely alone in a state with no friends or family.",5,ive been neglected abused and lonely my entire life from family and friends ive never truly felt like i belonged anywhere even when with partners i have never had a good holiday because of people yelling calling cops drama ect but this year is the first year ive had to spend it alone i am all the way across the country from my family and friends and my partners have left me home alone to visit family events i am not invited to ive never felt so much anger and loneliness ever before this and i dont understand it its not like its any different from any other year i guess this is the first time in  years ive physically been alone instead of just mentally i dont know what to do and has made me resort to just getting drunk i am trying to get over my anger of loneliness but i dont know if ill be able to get over it and move on with my current partners but leaving them would mean being utterly and completely alone in a state with no friends or family,ive neglected abused lonely entire life family friend ive never truly felt like belonged anywhere even partner never good holiday people yelling calling cop drama ect year first year ive spend alone way across country family friend partner left home alone visit family event invited ive never felt much anger loneliness ever dont understand like different year guess first time year ive physically alone instead mentally dont know made resort getting drunk trying get anger loneliness dont know ill able get move current partner leaving would mean utterly completely alone state friend family,-0.9664,-0.127205882,-0.996309221,negative coping,Low Coping,Low Anxiety,High Depression,Low Stress,0,0,0,0,unspecified,